tk2000run iniciando
core: F:\Emulators\RetroArch\cores\tk2000_libretro.dll
jogo: F:\Emulators\RetroArch\roms\tk2000\Asteroides.zip
conteudo: F:\Emulators\RetroArch\roms\tk2000
[INFO] [tk2000] tape loaded: F:\Emulators\RetroArch\roms\tk2000\Asteroides.zip
[WARN] [tk2000] pad: X id=9 -> APERTOU (karateka=0)
[WARN] [tk2000] credits: abertos por X (karateka=0) -- pad A=0 B=0 X=1 Y=0 L=0 R=0 L2=0 R2=0
[WARN] [tk2000] pad: X id=9 -> soltou (karateka=0)
[WARN] [tk2000] heartbeat PC=$FBF8 A=$A0 X=$00 Y=$0F S=$F4 cycles=1000001
[WARN] [tk2000] keyEvent down=1 keycode=109 mod=$0000
[WARN] [tk2000] keyEvent down=0 keycode=109 mod=$0000
[WARN] [tk2000] an0 on ($C059) cycles=1162792
[WARN] [tk2000] kbd write addr=$C05E data=$8D cycles=1163918
[WARN] [tk2000] kbd write addr=$C000 data=$01 cycles=1163947
[WARN] [tk2000] kbd read addr=$C010 kbOut=$01 matrix=00 00 00 00 00 00 00 00 -> $00 cycles=1163951
[WARN] [tk2000] kbd write addr=$C000 data=$02 cycles=1164061
[WARN] [tk2000] kbd read addr=$C010 kbOut=$02 matrix=00 00 00 00 00 00 00 00 -> $00 cycles=1164065
[WARN] [tk2000] kbd write addr=$C000 data=$04 cycles=1164175
[WARN] [tk2000] kbd read addr=$C010 kbOut=$04 matrix=00 00 00 00 00 00 00 00 -> $00 cycles=1164179
[WARN] [tk2000] kbd write addr=$C000 data=$08 cycles=1164289
[WARN] [tk2000] kbd read addr=$C010 kbOut=$08 matrix=00 00 00 00 00 00 00 00 -> $00 cycles=1164293
[WARN] [tk2000] kbd write addr=$C000 data=$10 cycles=1164403
[WARN] [tk2000] kbd read addr=$C010 kbOut=$10 matrix=00 00 00 00 00 00 00 00 -> $00 cycles=1164407
[WARN] [tk2000] kbd write addr=$C000 data=$20 cycles=1164517
[WARN] [tk2000] kbd read addr=$C010 kbOut=$20 matrix=00 00 00 00 00 00 00 00 -> $00 cycles=1164521
[WARN] [tk2000] kbd write addr=$C000 data=$40 cycles=1164631
[WARN] [tk2000] kbd read addr=$C010 kbOut=$40 matrix=00 00 00 00 00 00 00 00 -> $00 cycles=1164635
[WARN] [tk2000] kbd write addr=$C000 data=$80 cycles=1164745
[WARN] [tk2000] kbd read addr=$C010 kbOut=$80 matrix=00 00 00 00 00 00 00 00 -> $00 cycles=1164749
[WARN] [tk2000] kbd write addr=$C000 data=$00 cycles=1164871
[WARN] [tk2000] kbd write addr=$C05E data=$8D cycles=1165544
[WARN] [tk2000] kbd write addr=$C000 data=$01 cycles=1165573
[WARN] [tk2000] kbd read addr=$C010 kbOut=$01 matrix=00 00 00 00 00 00 00 00 -> $00 cycles=1165577
[WARN] [tk2000] kbd write addr=$C000 data=$02 cycles=1165687
[WARN] [tk2000] kbd read addr=$C010 kbOut=$02 matrix=00 00 00 00 00 00 00 00 -> $00 cycles=1165691
[WARN] [tk2000] kbd write addr=$C000 data=$04 cycles=1165801
[WARN] [tk2000] kbd read addr=$C010 kbOut=$04 matrix=00 00 00 00 00 00 00 00 -> $00 cycles=1165805
[WARN] [tk2000] kbd write addr=$C000 data=$08 cycles=1165915
[WARN] [tk2000] kbd read addr=$C010 kbOut=$08 matrix=00 00 00 00 00 00 00 00 -> $00 cycles=1165919
[WARN] [tk2000] kbd write addr=$C000 data=$10 cycles=1166029
[WARN] [tk2000] kbd read addr=$C010 kbOut=$10 matrix=00 00 00 00 00 00 00 00 -> $00 cycles=1166033
[WARN] [tk2000] kbd write addr=$C000 data=$20 cycles=1166143
[WARN] [tk2000] kbd read addr=$C010 kbOut=$20 matrix=00 00 00 00 00 00 00 00 -> $00 cycles=1166147
[WARN] [tk2000] kbd write addr=$C000 data=$40 cycles=1166257
[WARN] [tk2000] kbd read addr=$C010 kbOut=$40 matrix=00 00 00 00 00 00 00 00 -> $00 cycles=1166261
[WARN] [tk2000] kbd write addr=$C000 data=$80 cycles=1166371
[WARN] [tk2000] kbd read addr=$C010 kbOut=$80 matrix=00 00 00 00 00 00 00 00 -> $00 cycles=1166375
[WARN] [tk2000] kbd write addr=$C000 data=$00 cycles=1166497
[WARN] [tk2000] kbd write addr=$C000 data=$01 cycles=1170939
[WARN] [tk2000] kbd read addr=$C010 kbOut=$01 matrix=00 00 00 00 00 00 00 00 -> $00 cycles=1170943
[WARN] [tk2000] kbd write addr=$C000 data=$02 cycles=1171053
[WARN] [tk2000] kbd read addr=$C010 kbOut=$02 matrix=00 00 00 00 00 00 00 00 -> $00 cycles=1171057
[WARN] [tk2000] kbd write addr=$C000 data=$04 cycles=1171167
[WARN] [tk2000] kbd read addr=$C010 kbOut=$04 matrix=00 00 00 00 00 00 00 00 -> $00 cycles=1171171
[WARN] [tk2000] kbd write addr=$C000 data=$08 cycles=1171281
[WARN] [tk2000] kbd read addr=$C010 kbOut=$08 matrix=00 00 00 00 00 00 00 00 -> $00 cycles=1171285
[WARN] [tk2000] kbd write addr=$C000 data=$10 cycles=1171395
[WARN] [tk2000] kbd read addr=$C010 kbOut=$10 matrix=00 00 00 00 00 00 00 00 -> $00 cycles=1171399
[WARN] [tk2000] kbd write addr=$C000 data=$20 cycles=1171509
[WARN] [tk2000] kbd read addr=$C010 kbOut=$20 matrix=00 00 00 00 00 00 00 00 -> $00 cycles=1171513
[WARN] [tk2000] kbd write addr=$C000 data=$40 cycles=1171623
[WARN] [tk2000] kbd read addr=$C010 kbOut=$40 matrix=00 00 00 00 00 00 00 00 -> $00 cycles=1171627
[WARN] [tk2000] kbd write addr=$C000 data=$80 cycles=1171737
[WARN] [tk2000] kbd read addr=$C010 kbOut=$80 matrix=00 00 00 00 00 00 00 00 -> $00 cycles=1171741
[WARN] [tk2000] kbd write addr=$C000 data=$00 cycles=1171863
[WARN] [tk2000] kbd write addr=$C000 data=$01 cycles=1171987
[WARN] [tk2000] kbd read addr=$C010 kbOut=$01 matrix=00 00 00 00 00 00 00 00 -> $00 cycles=1171991
[WARN] [tk2000] kbd write addr=$C000 data=$02 cycles=1172101
[WARN] [tk2000] kbd read addr=$C010 kbOut=$02 matrix=00 00 00 00 00 00 00 00 -> $00 cycles=1172105
[WARN] [tk2000] kbd write addr=$C000 data=$04 cycles=1172215
[WARN] [tk2000] kbd read addr=$C010 kbOut=$04 matrix=00 00 00 00 00 00 00 00 -> $00 cycles=1172219
[WARN] [tk2000] kbd write addr=$C000 data=$08 cycles=1172329
[WARN] [tk2000] kbd read addr=$C010 kbOut=$08 matrix=00 00 00 00 00 00 00 00 -> $00 cycles=1172333
[WARN] [tk2000] kbd write addr=$C000 data=$10 cycles=1172443
[WARN] [tk2000] kbd read addr=$C010 kbOut=$10 matrix=00 00 00 00 00 00 00 00 -> $00 cycles=1172447
[WARN] [tk2000] kbd write addr=$C000 data=$20 cycles=1172557
[WARN] [tk2000] kbd read addr=$C010 kbOut=$20 matrix=00 00 00 00 00 00 00 00 -> $00 cycles=1172561
[WARN] [tk2000] kbd write addr=$C000 data=$40 cycles=1172671
[WARN] [tk2000] kbd read addr=$C010 kbOut=$40 matrix=00 00 00 00 00 00 00 00 -> $00 cycles=1172675
[WARN] [tk2000] kbd write addr=$C000 data=$80 cycles=1172785
[WARN] [tk2000] kbd read addr=$C010 kbOut=$80 matrix=00 00 00 00 00 00 00 00 -> $00 cycles=1172789
[WARN] [tk2000] kbd write addr=$C000 data=$00 cycles=1172911
[WARN] [tk2000] kbd write addr=$C000 data=$01 cycles=1173035
[WARN] [tk2000] kbd read addr=$C010 kbOut=$01 matrix=00 00 00 00 00 00 00 00 -> $00 cycles=1173039
[WARN] [tk2000] kbd write addr=$C000 data=$02 cycles=1173149
[WARN] [tk2000] kbd read addr=$C010 kbOut=$02 matrix=00 00 00 00 00 00 00 00 -> $00 cycles=1173153
[WARN] [tk2000] kbd write addr=$C000 data=$04 cycles=1173263
[WARN] [tk2000] kbd read addr=$C010 kbOut=$04 matrix=00 00 00 00 00 00 00 00 -> $00 cycles=1173267
[WARN] [tk2000] kbd write addr=$C000 data=$08 cycles=1173377
[WARN] [tk2000] kbd read addr=$C010 kbOut=$08 matrix=00 00 00 00 00 00 00 00 -> $00 cycles=1173381
[WARN] [tk2000] kbd write addr=$C000 data=$10 cycles=1173491
[WARN] [tk2000] kbd read addr=$C010 kbOut=$10 matrix=00 00 00 00 00 00 00 00 -> $00 cycles=1173495
[WARN] [tk2000] kbd write addr=$C000 data=$20 cycles=1173605
[WARN] [tk2000] kbd read addr=$C010 kbOut=$20 matrix=00 00 00 00 00 00 00 00 -> $00 cycles=1173609
[WARN] [tk2000] kbd write addr=$C000 data=$40 cycles=1173719
[WARN] [tk2000] kbd read addr=$C010 kbOut=$40 matrix=00 00 00 00 00 00 00 00 -> $00 cycles=1173723
[WARN] [tk2000] kbd write addr=$C000 data=$80 cycles=1173833
[WARN] [tk2000] kbd read addr=$C010 kbOut=$80 matrix=00 00 00 00 00 00 00 00 -> $00 cycles=1173837
[WARN] [tk2000] kbd write addr=$C000 data=$00 cycles=1173959
[WARN] [tk2000] kbd write addr=$C000 data=$01 cycles=1174083
[WARN] [tk2000] kbd read addr=$C010 kbOut=$01 matrix=00 00 00 00 00 00 00 00 -> $00 cycles=1174087
[WARN] [tk2000] kbd write addr=$C000 data=$02 cycles=1174197
[WARN] [tk2000] kbd read addr=$C010 kbOut=$02 matrix=00 00 00 00 00 00 00 00 -> $00 cycles=1174201
[WARN] [tk2000] kbd write addr=$C000 data=$04 cycles=1174311
[WARN] [tk2000] kbd read addr=$C010 kbOut=$04 matrix=00 00 00 00 00 00 00 00 -> $00 cycles=1174315
[WARN] [tk2000] kbd write addr=$C000 data=$08 cycles=1174425
[WARN] [tk2000] kbd read addr=$C010 kbOut=$08 matrix=00 00 00 00 00 00 00 00 -> $00 cycles=1174429
[WARN] [tk2000] kbd write addr=$C000 data=$10 cycles=1174539
[WARN] [tk2000] kbd read addr=$C010 kbOut=$10 matrix=00 00 00 00 00 00 00 00 -> $00 cycles=1174543
[WARN] [tk2000] kbd write addr=$C000 data=$20 cycles=1174653
[WARN] [tk2000] kbd read addr=$C010 kbOut=$20 matrix=00 00 00 00 00 00 00 00 -> $00 cycles=1174657
[WARN] [tk2000] kbd write addr=$C000 data=$40 cycles=1174767
[WARN] [tk2000] kbd read addr=$C010 kbOut=$40 matrix=00 00 00 00 00 00 00 00 -> $00 cycles=1174771
[WARN] [tk2000] kbd write addr=$C000 data=$80 cycles=1174881
[WARN] [tk2000] kbd read addr=$C010 kbOut=$80 matrix=00 00 00 00 00 00 00 00 -> $00 cycles=1174885
[WARN] [tk2000] kbd write addr=$C000 data=$00 cycles=1175007
[WARN] [tk2000] kbd write addr=$C000 data=$01 cycles=1175131
[WARN] [tk2000] kbd read addr=$C010 kbOut=$01 matrix=00 00 00 00 00 00 00 00 -> $00 cycles=1175135
[WARN] [tk2000] kbd write addr=$C000 data=$02 cycles=1175245
[WARN] [tk2000] kbd read addr=$C010 kbOut=$02 matrix=00 00 00 00 00 00 00 00 -> $00 cycles=1175249
[WARN] [tk2000] kbd write addr=$C000 data=$04 cycles=1175359
[WARN] [tk2000] kbd read addr=$C010 kbOut=$04 matrix=00 00 00 00 00 00 00 00 -> $00 cycles=1175363
[WARN] [tk2000] kbd write addr=$C000 data=$08 cycles=1175473
[WARN] [tk2000] kbd read addr=$C010 kbOut=$08 matrix=00 00 00 00 00 00 00 00 -> $00 cycles=1175477
[WARN] [tk2000] kbd write addr=$C000 data=$10 cycles=1175587
[WARN] [tk2000] kbd read addr=$C010 kbOut=$10 matrix=00 00 00 00 00 00 00 00 -> $00 cycles=1175591
[WARN] [tk2000] kbd write addr=$C000 data=$20 cycles=1175701
[WARN] [tk2000] kbd read addr=$C010 kbOut=$20 matrix=00 00 00 00 00 00 00 00 -> $00 cycles=1175705
[WARN] [tk2000] kbd write addr=$C000 data=$40 cycles=1175815
[WARN] [tk2000] kbd read addr=$C010 kbOut=$40 matrix=00 00 00 00 00 00 00 00 -> $00 cycles=1175819
[WARN] [tk2000] kbd write addr=$C000 data=$80 cycles=1175929
[WARN] [tk2000] kbd read addr=$C010 kbOut=$80 matrix=00 00 00 00 00 00 00 00 -> $00 cycles=1175933
[WARN] [tk2000] kbd write addr=$C000 data=$00 cycles=1176055
[WARN] [tk2000] kbd write addr=$C000 data=$01 cycles=1176226
[WARN] [tk2000] kbd read addr=$C010 kbOut=$01 matrix=00 00 00 00 00 00 00 00 -> $00 cycles=1176230
[WARN] [tk2000] kbd write addr=$C000 data=$02 cycles=1176340
[WARN] [tk2000] kbd read addr=$C010 kbOut=$02 matrix=00 00 00 00 00 00 00 00 -> $00 cycles=1176344
[WARN] [tk2000] kbd write addr=$C000 data=$04 cycles=1176454
[WARN] [tk2000] kbd read addr=$C010 kbOut=$04 matrix=00 00 00 00 00 00 00 00 -> $00 cycles=1176458
[WARN] [tk2000] kbd write addr=$C000 data=$08 cycles=1176568
[WARN] [tk2000] kbd read addr=$C010 kbOut=$08 matrix=00 00 00 00 00 00 00 00 -> $00 cycles=1176572
[WARN] [tk2000] kbd write addr=$C000 data=$10 cycles=1176682
[WARN] [tk2000] kbd read addr=$C010 kbOut=$10 matrix=00 00 00 00 00 00 00 00 -> $00 cycles=1176686
[WARN] [tk2000] kbd write addr=$C000 data=$20 cycles=1176796
[WARN] [tk2000] kbd read addr=$C010 kbOut=$20 matrix=00 00 00 00 00 00 00 00 -> $00 cycles=1176800
[WARN] [tk2000] kbd write addr=$C000 data=$40 cycles=1176910
[WARN] [tk2000] kbd read addr=$C010 kbOut=$40 matrix=00 00 00 00 00 00 00 00 -> $00 cycles=1176914
[WARN] [tk2000] kbd write addr=$C000 data=$80 cycles=1177024
[WARN] [tk2000] kbd read addr=$C010 kbOut=$80 matrix=00 00 00 00 00 00 00 00 -> $00 cycles=1177028
[WARN] [tk2000] kbd write addr=$C000 data=$00 cycles=1177150
[WARN] [tk2000] kbd write addr=$C000 data=$01 cycles=1177270
[WARN] [tk2000] kbd read addr=$C010 kbOut=$01 matrix=00 00 00 00 00 00 00 00 -> $00 cycles=1177274
[WARN] [tk2000] kbd write addr=$C000 data=$02 cycles=1177384
[WARN] [tk2000] kbd read addr=$C010 kbOut=$02 matrix=00 00 00 00 00 00 00 00 -> $00 cycles=1177388
[WARN] [tk2000] kbd write addr=$C000 data=$04 cycles=1177498
[WARN] [tk2000] kbd read addr=$C010 kbOut=$04 matrix=00 00 00 00 00 00 00 00 -> $00 cycles=1177502
[WARN] [tk2000] kbd write addr=$C000 data=$08 cycles=1177612
[WARN] [tk2000] kbd read addr=$C010 kbOut=$08 matrix=00 00 00 00 00 00 00 00 -> $00 cycles=1177616
[WARN] [tk2000] kbd write addr=$C000 data=$10 cycles=1177726
[WARN] [tk2000] kbd read addr=$C010 kbOut=$10 matrix=00 00 00 00 00 00 00 00 -> $00 cycles=1177730
[WARN] [tk2000] kbd write addr=$C000 data=$20 cycles=1177840
[WARN] [tk2000] kbd read addr=$C010 kbOut=$20 matrix=00 00 00 00 00 00 00 00 -> $00 cycles=1177844
[WARN] [tk2000] kbd write addr=$C000 data=$40 cycles=1177954
[WARN] [tk2000] kbd read addr=$C010 kbOut=$40 matrix=00 00 00 00 00 00 00 00 -> $00 cycles=1177958
[WARN] [tk2000] kbd write addr=$C000 data=$80 cycles=1178068
[WARN] [tk2000] kbd read addr=$C010 kbOut=$80 matrix=00 00 00 00 00 00 00 00 -> $00 cycles=1178072
[WARN] [tk2000] kbd write addr=$C000 data=$00 cycles=1178194
[WARN] [tk2000] kbd write addr=$C000 data=$01 cycles=1178314
[WARN] [tk2000] kbd read addr=$C010 kbOut=$01 matrix=00 00 00 00 00 00 00 00 -> $00 cycles=1178318
[WARN] [tk2000] kbd write addr=$C000 data=$02 cycles=1178428
[WARN] [tk2000] kbd read addr=$C010 kbOut=$02 matrix=00 00 00 00 00 00 00 00 -> $00 cycles=1178432
[WARN] [tk2000] kbd write addr=$C000 data=$04 cycles=1178542
[WARN] [tk2000] kbd read addr=$C010 kbOut=$04 matrix=00 00 00 00 00 00 00 00 -> $00 cycles=1178546
[WARN] [tk2000] kbd write addr=$C000 data=$08 cycles=1178656
[WARN] [tk2000] kbd read addr=$C010 kbOut=$08 matrix=00 00 00 00 00 00 00 00 -> $00 cycles=1178660
[WARN] [tk2000] kbd write addr=$C000 data=$10 cycles=1178770
[WARN] [tk2000] kbd read addr=$C010 kbOut=$10 matrix=00 00 00 00 00 00 00 00 -> $00 cycles=1178774
[WARN] [tk2000] kbd write addr=$C000 data=$20 cycles=1178884
[WARN] [tk2000] kbd read addr=$C010 kbOut=$20 matrix=00 00 00 00 00 00 00 00 -> $00 cycles=1178888
[WARN] [tk2000] kbd write addr=$C000 data=$40 cycles=1178998
[WARN] [tk2000] kbd read addr=$C010 kbOut=$40 matrix=00 00 00 00 00 00 00 00 -> $00 cycles=1179002
[WARN] [tk2000] kbd write addr=$C000 data=$80 cycles=1179112
[WARN] [tk2000] kbd read addr=$C010 kbOut=$80 matrix=00 00 00 00 00 00 00 00 -> $00 cycles=1179116
[WARN] [tk2000] kbd write addr=$C000 data=$00 cycles=1179238
[WARN] [tk2000] kbd write addr=$C000 data=$01 cycles=1179358
[WARN] [tk2000] kbd read addr=$C010 kbOut=$01 matrix=00 00 00 00 00 00 00 00 -> $00 cycles=1179362
[WARN] [tk2000] kbd write addr=$C000 data=$02 cycles=1179472
[WARN] [tk2000] kbd read addr=$C010 kbOut=$02 matrix=00 00 00 00 00 00 00 00 -> $00 cycles=1179476
[WARN] [tk2000] kbd write addr=$C000 data=$04 cycles=1179586
[WARN] [tk2000] kbd read addr=$C010 kbOut=$04 matrix=00 00 00 00 00 00 00 00 -> $00 cycles=1179590
[WARN] [tk2000] kbd write addr=$C000 data=$08 cycles=1179700
[WARN] [tk2000] kbd read addr=$C010 kbOut=$08 matrix=00 00 00 00 00 00 00 00 -> $00 cycles=1179704
[WARN] [tk2000] kbd write addr=$C000 data=$10 cycles=1179814
[WARN] [tk2000] kbd read addr=$C010 kbOut=$10 matrix=00 00 00 00 00 00 00 00 -> $00 cycles=1179818
[WARN] [tk2000] kbd write addr=$C000 data=$20 cycles=1179928
[WARN] [tk2000] kbd read addr=$C010 kbOut=$20 matrix=00 00 00 00 00 00 00 00 -> $00 cycles=1179932
[WARN] [tk2000] kbd write addr=$C000 data=$40 cycles=1180042
[WARN] [tk2000] kbd read addr=$C010 kbOut=$40 matrix=00 00 00 00 00 00 00 00 -> $00 cycles=1180046
[WARN] [tk2000] kbd write addr=$C000 data=$80 cycles=1180156
[WARN] [tk2000] kbd read addr=$C010 kbOut=$80 matrix=00 00 00 00 00 00 00 00 -> $00 cycles=1180160
[WARN] [tk2000] kbd write addr=$C000 data=$00 cycles=1180282
[WARN] [tk2000] kbd write addr=$C000 data=$01 cycles=1180402
[WARN] [tk2000] kbd read addr=$C010 kbOut=$01 matrix=00 00 00 00 00 00 00 00 -> $00 cycles=1180406
[WARN] [tk2000] kbd write addr=$C000 data=$02 cycles=1180516
[WARN] [tk2000] kbd read addr=$C010 kbOut=$02 matrix=00 00 00 00 00 00 00 00 -> $00 cycles=1180520
[WARN] [tk2000] kbd write addr=$C000 data=$04 cycles=1180630
[WARN] [tk2000] kbd read addr=$C010 kbOut=$04 matrix=00 00 00 00 00 00 00 00 -> $00 cycles=1180634
[WARN] [tk2000] kbd write addr=$C000 data=$08 cycles=1180744
[WARN] [tk2000] kbd read addr=$C010 kbOut=$08 matrix=00 00 00 00 00 00 00 00 -> $00 cycles=1180748
[WARN] [tk2000] kbd write addr=$C000 data=$10 cycles=1180858
[WARN] [tk2000] kbd read addr=$C010 kbOut=$10 matrix=00 00 00 00 00 00 00 00 -> $00 cycles=1180862
[WARN] [tk2000] kbd write addr=$C000 data=$20 cycles=1180972
[WARN] [tk2000] kbd read addr=$C010 kbOut=$20 matrix=00 00 00 00 00 00 00 00 -> $00 cycles=1180976
[WARN] [tk2000] kbd write addr=$C000 data=$40 cycles=1181086
[WARN] [tk2000] kbd read addr=$C010 kbOut=$40 matrix=00 00 00 00 00 00 00 00 -> $00 cycles=1181090
[WARN] [tk2000] kbd write addr=$C000 data=$80 cycles=1181200
[WARN] [tk2000] kbd read addr=$C010 kbOut=$80 matrix=00 00 00 00 00 00 00 00 -> $00 cycles=1181204
[WARN] [tk2000] kbd write addr=$C000 data=$00 cycles=1181326
[WARN] [tk2000] kbd write addr=$C000 data=$01 cycles=1181446
[WARN] [tk2000] kbd read addr=$C010 kbOut=$01 matrix=00 00 00 00 00 00 00 00 -> $00 cycles=1181450
[WARN] [tk2000] kbd write addr=$C000 data=$02 cycles=1181560
[WARN] [tk2000] kbd read addr=$C010 kbOut=$02 matrix=00 00 00 00 00 00 00 00 -> $00 cycles=1181564
[WARN] [tk2000] kbd write addr=$C000 data=$04 cycles=1181674
[WARN] [tk2000] kbd read addr=$C010 kbOut=$04 matrix=00 00 00 00 00 00 00 00 -> $00 cycles=1181678
[WARN] [tk2000] kbd write addr=$C000 data=$08 cycles=1181788
[WARN] [tk2000] kbd read addr=$C010 kbOut=$08 matrix=00 00 00 00 00 00 00 00 -> $00 cycles=1181792
[WARN] [tk2000] kbd write addr=$C000 data=$10 cycles=1181902
[WARN] [tk2000] kbd read addr=$C010 kbOut=$10 matrix=00 00 00 00 00 00 00 00 -> $00 cycles=1181906
[WARN] [tk2000] kbd write addr=$C000 data=$20 cycles=1182016
[WARN] [tk2000] kbd read addr=$C010 kbOut=$20 matrix=00 00 00 00 00 00 00 00 -> $00 cycles=1182020
[WARN] [tk2000] kbd write addr=$C000 data=$40 cycles=1182130
[WARN] [tk2000] kbd read addr=$C010 kbOut=$40 matrix=00 00 00 00 00 00 00 00 -> $00 cycles=1182134
[WARN] [tk2000] kbd write addr=$C000 data=$80 cycles=1182244
[WARN] [tk2000] kbd read addr=$C010 kbOut=$80 matrix=00 00 00 00 00 00 00 00 -> $00 cycles=1182248
[WARN] [tk2000] kbd write addr=$C000 data=$00 cycles=1182370
[WARN] [tk2000] kbd write addr=$C000 data=$01 cycles=1182490
[WARN] [tk2000] kbd read addr=$C010 kbOut=$01 matrix=00 00 00 00 00 00 00 00 -> $00 cycles=1182494
[WARN] [tk2000] kbd write addr=$C000 data=$02 cycles=1182604
[WARN] [tk2000] kbd read addr=$C010 kbOut=$02 matrix=00 00 00 00 00 00 00 00 -> $00 cycles=1182608
[WARN] [tk2000] kbd write addr=$C000 data=$04 cycles=1182718
[WARN] [tk2000] kbd read addr=$C010 kbOut=$04 matrix=00 00 00 00 00 00 00 00 -> $00 cycles=1182722
[WARN] [tk2000] kbd write addr=$C000 data=$08 cycles=1182832
[WARN] [tk2000] kbd read addr=$C010 kbOut=$08 matrix=00 00 00 00 00 00 00 00 -> $00 cycles=1182836
[WARN] [tk2000] kbd write addr=$C000 data=$10 cycles=1182946
[WARN] [tk2000] kbd read addr=$C010 kbOut=$10 matrix=00 00 00 00 00 00 00 00 -> $00 cycles=1182950
[WARN] [tk2000] kbd write addr=$C000 data=$20 cycles=1183060
[WARN] [tk2000] kbd read addr=$C010 kbOut=$20 matrix=00 00 00 00 00 00 00 00 -> $00 cycles=1183064
[WARN] [tk2000] kbd write addr=$C000 data=$40 cycles=1183174
[WARN] [tk2000] kbd read addr=$C010 kbOut=$40 matrix=00 00 00 00 00 00 00 00 -> $00 cycles=1183178
[WARN] [tk2000] kbd write addr=$C000 data=$80 cycles=1183288
[WARN] [tk2000] kbd read addr=$C010 kbOut=$80 matrix=00 00 00 00 00 00 00 00 -> $00 cycles=1183292
[WARN] [tk2000] kbd write addr=$C000 data=$00 cycles=1183414
[WARN] [tk2000] kbd write addr=$C000 data=$01 cycles=1183534
[WARN] [tk2000] kbd read addr=$C010 kbOut=$01 matrix=00 00 00 00 00 00 00 00 -> $00 cycles=1183538
[WARN] [tk2000] kbd write addr=$C000 data=$02 cycles=1183648
[WARN] [tk2000] kbd read addr=$C010 kbOut=$02 matrix=00 00 00 00 00 00 00 00 -> $00 cycles=1183652
[WARN] [tk2000] kbd write addr=$C000 data=$04 cycles=1183762
[WARN] [tk2000] kbd read addr=$C010 kbOut=$04 matrix=00 00 00 00 00 00 00 00 -> $00 cycles=1183766
[WARN] [tk2000] kbd write addr=$C000 data=$08 cycles=1183876
[WARN] [tk2000] kbd read addr=$C010 kbOut=$08 matrix=00 00 00 00 00 00 00 00 -> $00 cycles=1183880
[WARN] [tk2000] kbd write addr=$C000 data=$10 cycles=1183990
[WARN] [tk2000] kbd read addr=$C010 kbOut=$10 matrix=00 00 00 00 00 00 00 00 -> $00 cycles=1183994
[WARN] [tk2000] kbd write addr=$C000 data=$20 cycles=1184104
[WARN] [tk2000] kbd read addr=$C010 kbOut=$20 matrix=00 00 00 00 00 00 00 00 -> $00 cycles=1184108
[WARN] [tk2000] kbd write addr=$C000 data=$40 cycles=1184218
[WARN] [tk2000] kbd read addr=$C010 kbOut=$40 matrix=00 00 00 00 00 00 00 00 -> $00 cycles=1184222
[WARN] [tk2000] kbd write addr=$C000 data=$80 cycles=1184332
[WARN] [tk2000] kbd read addr=$C010 kbOut=$80 matrix=00 00 00 00 00 00 00 00 -> $00 cycles=1184336
[WARN] [tk2000] kbd write addr=$C000 data=$00 cycles=1184458
[WARN] [tk2000] kbd write addr=$C000 data=$01 cycles=1184578
[WARN] [tk2000] kbd read addr=$C010 kbOut=$01 matrix=00 00 00 00 00 00 00 00 -> $00 cycles=1184582
[WARN] [tk2000] kbd write addr=$C000 data=$02 cycles=1184692
[WARN] [tk2000] kbd read addr=$C010 kbOut=$02 matrix=00 00 00 00 00 00 00 00 -> $00 cycles=1184696
[WARN] [tk2000] kbd write addr=$C000 data=$04 cycles=1184806
[WARN] [tk2000] kbd read addr=$C010 kbOut=$04 matrix=00 00 00 00 00 00 00 00 -> $00 cycles=1184810
[WARN] [tk2000] kbd write addr=$C000 data=$08 cycles=1184920
[WARN] [tk2000] kbd read addr=$C010 kbOut=$08 matrix=00 00 00 00 00 00 00 00 -> $00 cycles=1184924
[WARN] [tk2000] kbd write addr=$C000 data=$10 cycles=1185034
[WARN] [tk2000] kbd read addr=$C010 kbOut=$10 matrix=00 00 00 00 00 00 00 00 -> $00 cycles=1185038
[WARN] [tk2000] kbd write addr=$C000 data=$20 cycles=1185148
[WARN] [tk2000] kbd read addr=$C010 kbOut=$20 matrix=00 00 00 00 00 00 00 00 -> $00 cycles=1185152
[WARN] [tk2000] kbd write addr=$C000 data=$40 cycles=1185262
[WARN] [tk2000] kbd read addr=$C010 kbOut=$40 matrix=00 00 00 00 00 00 00 00 -> $00 cycles=1185266
[WARN] [tk2000] kbd write addr=$C000 data=$80 cycles=1185376
[WARN] [tk2000] kbd read addr=$C010 kbOut=$80 matrix=00 00 00 00 00 00 00 00 -> $00 cycles=1185380
[WARN] [tk2000] kbd write addr=$C000 data=$00 cycles=1185502
[WARN] [tk2000] kbd write addr=$C000 data=$01 cycles=1185622
[WARN] [tk2000] kbd read addr=$C010 kbOut=$01 matrix=00 00 00 00 00 00 00 00 -> $00 cycles=1185626
[WARN] [tk2000] kbd write addr=$C000 data=$02 cycles=1185736
[WARN] [tk2000] kbd read addr=$C010 kbOut=$02 matrix=00 00 00 00 00 00 00 00 -> $00 cycles=1185740
[WARN] [tk2000] kbd write addr=$C000 data=$04 cycles=1185850
[WARN] [tk2000] kbd read addr=$C010 kbOut=$04 matrix=00 00 00 00 00 00 00 00 -> $00 cycles=1185854
[WARN] [tk2000] kbd write addr=$C000 data=$08 cycles=1185964
[WARN] [tk2000] kbd read addr=$C010 kbOut=$08 matrix=00 00 00 00 00 00 00 00 -> $00 cycles=1185968
[WARN] [tk2000] kbd write addr=$C000 data=$10 cycles=1186078
[WARN] [tk2000] kbd read addr=$C010 kbOut=$10 matrix=00 00 00 00 00 00 00 00 -> $00 cycles=1186082
[WARN] [tk2000] kbd write addr=$C000 data=$20 cycles=1186192
[WARN] [tk2000] kbd read addr=$C010 kbOut=$20 matrix=00 00 00 00 00 00 00 00 -> $00 cycles=1186196
[WARN] [tk2000] kbd write addr=$C000 data=$40 cycles=1186306
[WARN] [tk2000] kbd read addr=$C010 kbOut=$40 matrix=00 00 00 00 00 00 00 00 -> $00 cycles=1186310
[WARN] [tk2000] kbd write addr=$C000 data=$80 cycles=1186420
[WARN] [tk2000] kbd read addr=$C010 kbOut=$80 matrix=00 00 00 00 00 00 00 00 -> $00 cycles=1186424
[WARN] [tk2000] kbd write addr=$C000 data=$00 cycles=1186546
[WARN] [tk2000] kbd write addr=$C000 data=$01 cycles=1186666
[WARN] [tk2000] kbd read addr=$C010 kbOut=$01 matrix=00 00 00 00 00 00 00 00 -> $00 cycles=1186670
[WARN] [tk2000] kbd write addr=$C000 data=$02 cycles=1186780
[WARN] [tk2000] kbd read addr=$C010 kbOut=$02 matrix=00 00 00 00 00 00 00 00 -> $00 cycles=1186784
[WARN] [tk2000] kbd write addr=$C000 data=$04 cycles=1186894
[WARN] [tk2000] kbd read addr=$C010 kbOut=$04 matrix=00 00 00 00 00 00 00 00 -> $00 cycles=1186898
[WARN] [tk2000] kbd write addr=$C000 data=$08 cycles=1187008
[WARN] [tk2000] kbd read addr=$C010 kbOut=$08 matrix=00 00 00 00 00 00 00 00 -> $00 cycles=1187012
[WARN] [tk2000] kbd write addr=$C000 data=$10 cycles=1187122
[WARN] [tk2000] kbd read addr=$C010 kbOut=$10 matrix=00 00 00 00 00 00 00 00 -> $00 cycles=1187126
[WARN] [tk2000] kbd write addr=$C000 data=$20 cycles=1187236
[WARN] [tk2000] kbd read addr=$C010 kbOut=$20 matrix=00 00 00 00 00 00 00 00 -> $00 cycles=1187240
[WARN] [tk2000] kbd write addr=$C000 data=$40 cycles=1187350
[WARN] [tk2000] kbd read addr=$C010 kbOut=$40 matrix=00 00 00 00 00 00 00 00 -> $00 cycles=1187354
[WARN] [tk2000] kbd write addr=$C000 data=$80 cycles=1187464
[WARN] [tk2000] kbd read addr=$C010 kbOut=$80 matrix=00 00 00 00 00 00 00 00 -> $00 cycles=1187468
[WARN] [tk2000] kbd write addr=$C000 data=$00 cycles=1187590
[WARN] [tk2000] kbd write addr=$C000 data=$01 cycles=1187710
[WARN] [tk2000] kbd read addr=$C010 kbOut=$01 matrix=00 00 00 00 00 00 00 00 -> $00 cycles=1187714
[WARN] [tk2000] kbd write addr=$C000 data=$02 cycles=1187824
[WARN] [tk2000] kbd read addr=$C010 kbOut=$02 matrix=00 00 00 00 00 00 00 00 -> $00 cycles=1187828
[WARN] [tk2000] kbd write addr=$C000 data=$04 cycles=1187938
[WARN] [tk2000] kbd read addr=$C010 kbOut=$04 matrix=00 00 00 00 00 00 00 00 -> $00 cycles=1187942
[WARN] [tk2000] kbd write addr=$C000 data=$08 cycles=1188052
[WARN] [tk2000] kbd read addr=$C010 kbOut=$08 matrix=00 00 00 00 00 00 00 00 -> $00 cycles=1188056
[WARN] [tk2000] kbd write addr=$C000 data=$10 cycles=1188166
[WARN] [tk2000] kbd read addr=$C010 kbOut=$10 matrix=00 00 00 00 00 00 00 00 -> $00 cycles=1188170
[WARN] [tk2000] kbd write addr=$C000 data=$20 cycles=1188280
[WARN] [tk2000] kbd read addr=$C010 kbOut=$20 matrix=00 00 00 00 00 00 00 00 -> $00 cycles=1188284
[WARN] [tk2000] kbd write addr=$C000 data=$40 cycles=1188394
[WARN] [tk2000] kbd read addr=$C010 kbOut=$40 matrix=00 00 00 00 00 00 00 00 -> $00 cycles=1188398
[WARN] [tk2000] kbd write addr=$C000 data=$80 cycles=1188508
[WARN] [tk2000] kbd read addr=$C010 kbOut=$80 matrix=00 00 00 00 00 00 00 00 -> $00 cycles=1188512
[WARN] [tk2000] kbd write addr=$C000 data=$00 cycles=1188634
[WARN] [tk2000] kbd write addr=$C000 data=$01 cycles=1188754
[WARN] [tk2000] kbd read addr=$C010 kbOut=$01 matrix=00 00 00 00 00 00 00 00 -> $00 cycles=1188758
[WARN] [tk2000] kbd write addr=$C000 data=$02 cycles=1188868
[WARN] [tk2000] kbd read addr=$C010 kbOut=$02 matrix=00 00 00 00 00 00 00 00 -> $00 cycles=1188872
[WARN] [tk2000] kbd write addr=$C000 data=$04 cycles=1188982
[WARN] [tk2000] kbd read addr=$C010 kbOut=$04 matrix=00 00 00 00 00 00 00 00 -> $00 cycles=1188986
[WARN] [tk2000] kbd write addr=$C000 data=$08 cycles=1189096
[WARN] [tk2000] kbd read addr=$C010 kbOut=$08 matrix=00 00 00 00 00 00 00 00 -> $00 cycles=1189100
[WARN] [tk2000] kbd write addr=$C000 data=$10 cycles=1189210
[WARN] [tk2000] kbd read addr=$C010 kbOut=$10 matrix=00 00 00 00 00 00 00 00 -> $00 cycles=1189214
[WARN] [tk2000] kbd write addr=$C000 data=$20 cycles=1189324
[WARN] [tk2000] kbd read addr=$C010 kbOut=$20 matrix=00 00 00 00 00 00 00 00 -> $00 cycles=1189328
[WARN] [tk2000] kbd write addr=$C000 data=$40 cycles=1189438
[WARN] [tk2000] kbd read addr=$C010 kbOut=$40 matrix=00 00 00 00 00 00 00 00 -> $00 cycles=1189442
[WARN] [tk2000] kbd write addr=$C000 data=$80 cycles=1189552
[WARN] [tk2000] kbd read addr=$C010 kbOut=$80 matrix=00 00 00 00 00 00 00 00 -> $00 cycles=1189556
[WARN] [tk2000] kbd write addr=$C000 data=$00 cycles=1189678
[WARN] [tk2000] kbd write addr=$C000 data=$01 cycles=1189798
[WARN] [tk2000] kbd read addr=$C010 kbOut=$01 matrix=00 00 00 00 00 00 00 00 -> $00 cycles=1189802
[WARN] [tk2000] kbd write addr=$C000 data=$02 cycles=1189912
[WARN] [tk2000] kbd read addr=$C010 kbOut=$02 matrix=00 00 00 00 00 00 00 00 -> $00 cycles=1189916
[WARN] [tk2000] kbd write addr=$C000 data=$04 cycles=1190026
[WARN] [tk2000] kbd read addr=$C010 kbOut=$04 matrix=00 00 00 00 00 00 00 00 -> $00 cycles=1190030
[WARN] [tk2000] kbd write addr=$C000 data=$08 cycles=1190140
[WARN] [tk2000] kbd read addr=$C010 kbOut=$08 matrix=00 00 00 00 00 00 00 00 -> $00 cycles=1190144
[WARN] [tk2000] kbd write addr=$C000 data=$10 cycles=1190254
[WARN] [tk2000] kbd read addr=$C010 kbOut=$10 matrix=00 00 00 00 00 00 00 00 -> $00 cycles=1190258
[WARN] [tk2000] kbd write addr=$C000 data=$20 cycles=1190368
[WARN] [tk2000] kbd read addr=$C010 kbOut=$20 matrix=00 00 00 00 00 00 00 00 -> $00 cycles=1190372
[WARN] [tk2000] kbd write addr=$C000 data=$40 cycles=1190482
[WARN] [tk2000] kbd read addr=$C010 kbOut=$40 matrix=00 00 00 00 00 00 00 00 -> $00 cycles=1190486
[WARN] [tk2000] kbd write addr=$C000 data=$80 cycles=1190596
[WARN] [tk2000] kbd read addr=$C010 kbOut=$80 matrix=00 00 00 00 00 00 00 00 -> $00 cycles=1190600
[WARN] [tk2000] kbd write addr=$C000 data=$00 cycles=1190722
[WARN] [tk2000] kbd write addr=$C000 data=$01 cycles=1190842
[WARN] [tk2000] kbd read addr=$C010 kbOut=$01 matrix=00 00 00 00 00 00 00 00 -> $00 cycles=1190846
[WARN] [tk2000] kbd write addr=$C000 data=$02 cycles=1190956
[WARN] [tk2000] kbd read addr=$C010 kbOut=$02 matrix=00 00 00 00 00 00 00 00 -> $00 cycles=1190960
[WARN] [tk2000] kbd write addr=$C000 data=$04 cycles=1191070
[WARN] [tk2000] kbd read addr=$C010 kbOut=$04 matrix=00 00 00 00 00 00 00 00 -> $00 cycles=1191074
[WARN] [tk2000] kbd write addr=$C000 data=$08 cycles=1191184
[WARN] [tk2000] kbd read addr=$C010 kbOut=$08 matrix=00 00 00 00 00 00 00 00 -> $00 cycles=1191188
[WARN] [tk2000] kbd write addr=$C000 data=$10 cycles=1191298
[WARN] [tk2000] kbd read addr=$C010 kbOut=$10 matrix=00 00 00 00 00 00 00 00 -> $00 cycles=1191302
[WARN] [tk2000] kbd write addr=$C000 data=$20 cycles=1191412
[WARN] [tk2000] kbd read addr=$C010 kbOut=$20 matrix=00 00 00 00 00 00 00 00 -> $00 cycles=1191416
[WARN] [tk2000] kbd write addr=$C000 data=$40 cycles=1191526
[WARN] [tk2000] kbd read addr=$C010 kbOut=$40 matrix=00 00 00 00 00 00 00 00 -> $00 cycles=1191530
[WARN] [tk2000] kbd write addr=$C000 data=$80 cycles=1191640
[WARN] [tk2000] kbd read addr=$C010 kbOut=$80 matrix=00 00 00 00 00 00 00 00 -> $00 cycles=1191644
[WARN] [tk2000] kbd write addr=$C000 data=$00 cycles=1191766
[WARN] [tk2000] kbd write addr=$C000 data=$01 cycles=1191886
[WARN] [tk2000] kbd read addr=$C010 kbOut=$01 matrix=00 00 00 00 00 00 00 00 -> $00 cycles=1191890
[WARN] [tk2000] kbd write addr=$C000 data=$02 cycles=1192000
[WARN] [tk2000] kbd read addr=$C010 kbOut=$02 matrix=00 00 00 00 00 00 00 00 -> $00 cycles=1192004
[WARN] [tk2000] kbd write addr=$C000 data=$04 cycles=1192114
[WARN] [tk2000] kbd read addr=$C010 kbOut=$04 matrix=00 00 00 00 00 00 00 00 -> $00 cycles=1192118
[WARN] [tk2000] kbd write addr=$C000 data=$08 cycles=1192228
[WARN] [tk2000] kbd read addr=$C010 kbOut=$08 matrix=00 00 00 00 00 00 00 00 -> $00 cycles=1192232
[WARN] [tk2000] kbd write addr=$C000 data=$10 cycles=1192342
[WARN] [tk2000] kbd read addr=$C010 kbOut=$10 matrix=00 00 00 00 00 00 00 00 -> $00 cycles=1192346
[WARN] [tk2000] kbd write addr=$C000 data=$20 cycles=1192456
[WARN] [tk2000] kbd read addr=$C010 kbOut=$20 matrix=00 00 00 00 00 00 00 00 -> $00 cycles=1192460
[WARN] [tk2000] kbd write addr=$C000 data=$40 cycles=1192570
[WARN] [tk2000] kbd read addr=$C010 kbOut=$40 matrix=00 00 00 00 00 00 00 00 -> $00 cycles=1192574
[WARN] [tk2000] kbd write addr=$C000 data=$80 cycles=1192684
[WARN] [tk2000] kbd read addr=$C010 kbOut=$80 matrix=00 00 00 00 00 00 00 00 -> $00 cycles=1192688
[WARN] [tk2000] kbd write addr=$C000 data=$00 cycles=1192810
[WARN] [tk2000] kbd write addr=$C000 data=$01 cycles=1192930
[WARN] [tk2000] kbd read addr=$C010 kbOut=$01 matrix=00 00 00 00 00 00 00 00 -> $00 cycles=1192934
[WARN] [tk2000] kbd write addr=$C000 data=$02 cycles=1193044
[WARN] [tk2000] kbd read addr=$C010 kbOut=$02 matrix=00 00 00 00 00 00 00 00 -> $00 cycles=1193048
[WARN] [tk2000] kbd write addr=$C000 data=$04 cycles=1193158
[WARN] [tk2000] kbd read addr=$C010 kbOut=$04 matrix=00 00 00 00 00 00 00 00 -> $00 cycles=1193162
[WARN] [tk2000] kbd write addr=$C000 data=$08 cycles=1193272
[WARN] [tk2000] kbd read addr=$C010 kbOut=$08 matrix=00 00 00 00 00 00 00 00 -> $00 cycles=1193276
[WARN] [tk2000] kbd write addr=$C000 data=$10 cycles=1193386
[WARN] [tk2000] kbd read addr=$C010 kbOut=$10 matrix=00 00 00 00 00 00 00 00 -> $00 cycles=1193390
[WARN] [tk2000] kbd write addr=$C000 data=$20 cycles=1193500
[WARN] [tk2000] kbd read addr=$C010 kbOut=$20 matrix=00 00 00 00 00 00 00 00 -> $00 cycles=1193504
[WARN] [tk2000] kbd write addr=$C000 data=$40 cycles=1193614
[WARN] [tk2000] kbd read addr=$C010 kbOut=$40 matrix=00 00 00 00 00 00 00 00 -> $00 cycles=1193618
[WARN] [tk2000] kbd write addr=$C000 data=$80 cycles=1193728
[WARN] [tk2000] kbd read addr=$C010 kbOut=$80 matrix=00 00 00 00 00 00 00 00 -> $00 cycles=1193732
[WARN] [tk2000] kbd write addr=$C000 data=$00 cycles=1193854
[WARN] [tk2000] kbd write addr=$C000 data=$01 cycles=1193974
[WARN] [tk2000] kbd read addr=$C010 kbOut=$01 matrix=00 00 00 00 00 00 00 00 -> $00 cycles=1193978
[WARN] [tk2000] kbd write addr=$C000 data=$02 cycles=1194088
[WARN] [tk2000] kbd read addr=$C010 kbOut=$02 matrix=00 00 00 00 00 00 00 00 -> $00 cycles=1194092
[WARN] [tk2000] kbd write addr=$C000 data=$04 cycles=1194202
[WARN] [tk2000] kbd read addr=$C010 kbOut=$04 matrix=00 00 00 00 00 00 00 00 -> $00 cycles=1194206
[WARN] [tk2000] kbd write addr=$C000 data=$08 cycles=1194316
[WARN] [tk2000] kbd read addr=$C010 kbOut=$08 matrix=00 00 00 00 00 00 00 00 -> $00 cycles=1194320
[WARN] [tk2000] kbd write addr=$C000 data=$10 cycles=1194430
[WARN] [tk2000] kbd read addr=$C010 kbOut=$10 matrix=00 00 00 00 00 00 00 00 -> $00 cycles=1194434
[WARN] [tk2000] kbd write addr=$C000 data=$20 cycles=1194544
[WARN] [tk2000] kbd read addr=$C010 kbOut=$20 matrix=00 00 00 00 00 00 00 00 -> $00 cycles=1194548
[WARN] [tk2000] kbd write addr=$C000 data=$40 cycles=1194658
[WARN] [tk2000] kbd read addr=$C010 kbOut=$40 matrix=00 00 00 00 00 00 00 00 -> $00 cycles=1194662
[WARN] [tk2000] kbd write addr=$C000 data=$80 cycles=1194772
[WARN] [tk2000] kbd read addr=$C010 kbOut=$80 matrix=00 00 00 00 00 00 00 00 -> $00 cycles=1194776
[WARN] [tk2000] kbd write addr=$C000 data=$00 cycles=1194898
[WARN] [tk2000] kbd write addr=$C000 data=$01 cycles=1195018
[WARN] [tk2000] kbd read addr=$C010 kbOut=$01 matrix=00 00 00 00 00 00 00 00 -> $00 cycles=1195022
[WARN] [tk2000] kbd write addr=$C000 data=$02 cycles=1195132
[WARN] [tk2000] kbd read addr=$C010 kbOut=$02 matrix=00 00 00 00 00 00 00 00 -> $00 cycles=1195136
[WARN] [tk2000] kbd write addr=$C000 data=$04 cycles=1195246
[WARN] [tk2000] kbd read addr=$C010 kbOut=$04 matrix=00 00 00 00 00 00 00 00 -> $00 cycles=1195250
[WARN] [tk2000] kbd write addr=$C000 data=$08 cycles=1195360
[WARN] [tk2000] kbd read addr=$C010 kbOut=$08 matrix=00 00 00 00 00 00 00 00 -> $00 cycles=1195364
[WARN] [tk2000] kbd write addr=$C000 data=$10 cycles=1195474
[WARN] [tk2000] kbd read addr=$C010 kbOut=$10 matrix=00 00 00 00 00 00 00 00 -> $00 cycles=1195478
[WARN] [tk2000] kbd write addr=$C000 data=$20 cycles=1195588
[WARN] [tk2000] kbd read addr=$C010 kbOut=$20 matrix=00 00 00 00 00 00 00 00 -> $00 cycles=1195592
[WARN] [tk2000] kbd write addr=$C000 data=$40 cycles=1195702
[WARN] [tk2000] kbd read addr=$C010 kbOut=$40 matrix=00 00 00 00 00 00 00 00 -> $00 cycles=1195706
[WARN] [tk2000] kbd write addr=$C000 data=$80 cycles=1195816
[WARN] [tk2000] kbd read addr=$C010 kbOut=$80 matrix=00 00 00 00 00 00 00 00 -> $00 cycles=1195820
[WARN] [tk2000] kbd write addr=$C000 data=$00 cycles=1195942
[WARN] [tk2000] kbd write addr=$C000 data=$01 cycles=1196062
[WARN] [tk2000] kbd read addr=$C010 kbOut=$01 matrix=00 00 00 00 00 00 00 00 -> $00 cycles=1196066
[WARN] [tk2000] kbd write addr=$C000 data=$02 cycles=1196176
[WARN] [tk2000] kbd read addr=$C010 kbOut=$02 matrix=00 00 00 00 00 00 00 00 -> $00 cycles=1196180
[WARN] [tk2000] kbd write addr=$C000 data=$04 cycles=1196290
[WARN] [tk2000] kbd read addr=$C010 kbOut=$04 matrix=00 00 00 00 00 00 00 00 -> $00 cycles=1196294
[WARN] [tk2000] kbd write addr=$C000 data=$08 cycles=1196404
[WARN] [tk2000] kbd read addr=$C010 kbOut=$08 matrix=00 00 00 00 00 00 00 00 -> $00 cycles=1196408
[WARN] [tk2000] kbd write addr=$C000 data=$10 cycles=1196518
[WARN] [tk2000] kbd read addr=$C010 kbOut=$10 matrix=00 00 00 00 00 00 00 00 -> $00 cycles=1196522
[WARN] [tk2000] kbd write addr=$C000 data=$20 cycles=1196632
[WARN] [tk2000] kbd read addr=$C010 kbOut=$20 matrix=00 00 00 00 00 00 00 00 -> $00 cycles=1196636
[WARN] [tk2000] kbd write addr=$C000 data=$40 cycles=1196746
[WARN] [tk2000] kbd read addr=$C010 kbOut=$40 matrix=00 00 00 00 00 00 00 00 -> $00 cycles=1196750
[WARN] [tk2000] kbd write addr=$C000 data=$80 cycles=1196860
[WARN] [tk2000] kbd read addr=$C010 kbOut=$80 matrix=00 00 00 00 00 00 00 00 -> $00 cycles=1196864
[WARN] [tk2000] kbd write addr=$C000 data=$00 cycles=1196986
[WARN] [tk2000] kbd write addr=$C000 data=$01 cycles=1197106
[WARN] [tk2000] kbd read addr=$C010 kbOut=$01 matrix=00 00 00 00 00 00 00 00 -> $00 cycles=1197110
[WARN] [tk2000] kbd write addr=$C000 data=$02 cycles=1197220
[WARN] [tk2000] kbd read addr=$C010 kbOut=$02 matrix=00 00 00 00 00 00 00 00 -> $00 cycles=1197224
[WARN] [tk2000] kbd write addr=$C000 data=$04 cycles=1197334
[WARN] [tk2000] kbd read addr=$C010 kbOut=$04 matrix=00 00 00 00 00 00 00 00 -> $00 cycles=1197338
[WARN] [tk2000] kbd write addr=$C000 data=$08 cycles=1197448
[WARN] [tk2000] kbd read addr=$C010 kbOut=$08 matrix=00 00 00 00 00 00 00 00 -> $00 cycles=1197452
[WARN] [tk2000] kbd write addr=$C000 data=$10 cycles=1197562
[WARN] [tk2000] kbd read addr=$C010 kbOut=$10 matrix=00 00 00 00 00 00 00 00 -> $00 cycles=1197566
[WARN] [tk2000] kbd write addr=$C000 data=$20 cycles=1197676
[WARN] [tk2000] kbd read addr=$C010 kbOut=$20 matrix=00 00 00 00 00 00 00 00 -> $00 cycles=1197680
[WARN] [tk2000] kbd write addr=$C000 data=$40 cycles=1197790
[WARN] [tk2000] kbd read addr=$C010 kbOut=$40 matrix=00 00 00 00 00 00 00 00 -> $00 cycles=1197794
[WARN] [tk2000] kbd write addr=$C000 data=$80 cycles=1197904
[WARN] [tk2000] kbd read addr=$C010 kbOut=$80 matrix=00 00 00 00 00 00 00 00 -> $00 cycles=1197908
[WARN] [tk2000] kbd write addr=$C000 data=$00 cycles=1198030
[WARN] [tk2000] kbd write addr=$C000 data=$01 cycles=1198150
[WARN] [tk2000] kbd read addr=$C010 kbOut=$01 matrix=00 00 00 00 00 00 00 00 -> $00 cycles=1198154
[WARN] [tk2000] kbd write addr=$C000 data=$02 cycles=1198264
[WARN] [tk2000] kbd read addr=$C010 kbOut=$02 matrix=00 00 00 00 00 00 00 00 -> $00 cycles=1198268
[WARN] [tk2000] kbd write addr=$C000 data=$04 cycles=1198378
[WARN] [tk2000] kbd read addr=$C010 kbOut=$04 matrix=00 00 00 00 00 00 00 00 -> $00 cycles=1198382
[WARN] [tk2000] kbd write addr=$C000 data=$08 cycles=1198492
[WARN] [tk2000] kbd read addr=$C010 kbOut=$08 matrix=00 00 00 00 00 00 00 00 -> $00 cycles=1198496
[WARN] [tk2000] kbd write addr=$C000 data=$10 cycles=1198606
[WARN] [tk2000] kbd read addr=$C010 kbOut=$10 matrix=00 00 00 00 00 00 00 00 -> $00 cycles=1198610
[WARN] [tk2000] kbd write addr=$C000 data=$20 cycles=1198720
[WARN] [tk2000] kbd read addr=$C010 kbOut=$20 matrix=00 00 00 00 00 00 00 00 -> $00 cycles=1198724
[WARN] [tk2000] kbd write addr=$C000 data=$40 cycles=1198834
[WARN] [tk2000] kbd read addr=$C010 kbOut=$40 matrix=00 00 00 00 00 00 00 00 -> $00 cycles=1198838
[WARN] [tk2000] kbd write addr=$C000 data=$80 cycles=1198948
[WARN] [tk2000] kbd read addr=$C010 kbOut=$80 matrix=00 00 00 00 00 00 00 00 -> $00 cycles=1198952
[WARN] [tk2000] kbd write addr=$C000 data=$00 cycles=1199074
[WARN] [tk2000] kbd write addr=$C000 data=$01 cycles=1199194
[WARN] [tk2000] kbd read addr=$C010 kbOut=$01 matrix=00 00 00 00 00 00 00 00 -> $00 cycles=1199198
[WARN] [tk2000] kbd write addr=$C000 data=$02 cycles=1199308
[WARN] [tk2000] kbd read addr=$C010 kbOut=$02 matrix=00 00 00 00 00 00 00 00 -> $00 cycles=1199312
[WARN] [tk2000] kbd write addr=$C000 data=$04 cycles=1199422
[WARN] [tk2000] kbd read addr=$C010 kbOut=$04 matrix=00 00 00 00 00 00 00 00 -> $00 cycles=1199426
[WARN] [tk2000] kbd write addr=$C000 data=$08 cycles=1199536
[WARN] [tk2000] kbd read addr=$C010 kbOut=$08 matrix=00 00 00 00 00 00 00 00 -> $00 cycles=1199540
[WARN] [tk2000] kbd write addr=$C000 data=$10 cycles=1199650
[WARN] [tk2000] kbd read addr=$C010 kbOut=$10 matrix=00 00 00 00 00 00 00 00 -> $00 cycles=1199654
[WARN] [tk2000] kbd write addr=$C000 data=$20 cycles=1199764
[WARN] [tk2000] kbd read addr=$C010 kbOut=$20 matrix=00 00 00 00 00 00 00 00 -> $00 cycles=1199768
[WARN] [tk2000] kbd write addr=$C000 data=$40 cycles=1199878
[WARN] [tk2000] kbd read addr=$C010 kbOut=$40 matrix=00 00 00 00 00 00 00 00 -> $00 cycles=1199882
[WARN] [tk2000] kbd write addr=$C000 data=$80 cycles=1199992
[WARN] [tk2000] kbd read addr=$C010 kbOut=$80 matrix=00 00 00 00 00 00 00 00 -> $00 cycles=1199996
[WARN] [tk2000] kbd write addr=$C000 data=$00 cycles=1200118
[WARN] [tk2000] kbd write addr=$C000 data=$01 cycles=1200238
[WARN] [tk2000] kbd read addr=$C010 kbOut=$01 matrix=00 00 00 00 00 00 00 00 -> $00 cycles=1200242
[WARN] [tk2000] kbd write addr=$C000 data=$02 cycles=1200352
[WARN] [tk2000] kbd read addr=$C010 kbOut=$02 matrix=00 00 00 00 00 00 00 00 -> $00 cycles=1200356
[WARN] [tk2000] kbd write addr=$C000 data=$04 cycles=1200466
[WARN] [tk2000] kbd read addr=$C010 kbOut=$04 matrix=00 00 00 00 00 00 00 00 -> $00 cycles=1200470
[WARN] [tk2000] kbd write addr=$C000 data=$08 cycles=1200580
[WARN] [tk2000] kbd read addr=$C010 kbOut=$08 matrix=00 00 00 00 00 00 00 00 -> $00 cycles=1200584
[WARN] [tk2000] kbd write addr=$C000 data=$10 cycles=1200694
[WARN] [tk2000] kbd read addr=$C010 kbOut=$10 matrix=00 00 00 00 00 00 00 00 -> $00 cycles=1200698
[WARN] [tk2000] kbd write addr=$C000 data=$20 cycles=1200808
[WARN] [tk2000] kbd read addr=$C010 kbOut=$20 matrix=00 00 00 00 00 00 00 00 -> $00 cycles=1200812
[WARN] [tk2000] kbd write addr=$C000 data=$40 cycles=1200922
[WARN] [tk2000] kbd read addr=$C010 kbOut=$40 matrix=00 00 00 00 00 00 00 00 -> $00 cycles=1200926
[WARN] [tk2000] kbd write addr=$C000 data=$80 cycles=1201036
[WARN] [tk2000] kbd read addr=$C010 kbOut=$80 matrix=00 00 00 00 00 00 00 00 -> $00 cycles=1201040
[WARN] [tk2000] kbd write addr=$C000 data=$00 cycles=1201162
[WARN] [tk2000] kbd write addr=$C000 data=$01 cycles=1201282
[WARN] [tk2000] kbd read addr=$C010 kbOut=$01 matrix=00 00 00 00 00 00 00 00 -> $00 cycles=1201286
[WARN] [tk2000] kbd write addr=$C000 data=$02 cycles=1201396
[WARN] [tk2000] kbd read addr=$C010 kbOut=$02 matrix=00 00 00 00 00 00 00 00 -> $00 cycles=1201400
[WARN] [tk2000] kbd write addr=$C000 data=$04 cycles=1201510
[WARN] [tk2000] kbd read addr=$C010 kbOut=$04 matrix=00 00 00 00 00 00 00 00 -> $00 cycles=1201514
[WARN] [tk2000] kbd write addr=$C000 data=$08 cycles=1201624
[WARN] [tk2000] kbd read addr=$C010 kbOut=$08 matrix=00 00 00 00 00 00 00 00 -> $00 cycles=1201628
[WARN] [tk2000] kbd write addr=$C000 data=$10 cycles=1201738
[WARN] [tk2000] kbd read addr=$C010 kbOut=$10 matrix=00 00 00 00 00 00 00 00 -> $00 cycles=1201742
[WARN] [tk2000] kbd write addr=$C000 data=$20 cycles=1201852
[WARN] [tk2000] kbd read addr=$C010 kbOut=$20 matrix=00 00 00 00 00 00 00 00 -> $00 cycles=1201856
[WARN] [tk2000] kbd write addr=$C000 data=$40 cycles=1201966
[WARN] [tk2000] kbd read addr=$C010 kbOut=$40 matrix=00 00 00 00 00 00 00 00 -> $00 cycles=1201970
[WARN] [tk2000] kbd write addr=$C000 data=$80 cycles=1202080
[WARN] [tk2000] kbd read addr=$C010 kbOut=$80 matrix=00 00 00 00 00 00 00 00 -> $00 cycles=1202084
[WARN] [tk2000] kbd write addr=$C000 data=$00 cycles=1202206
[WARN] [tk2000] kbd write addr=$C000 data=$01 cycles=1202326
[WARN] [tk2000] kbd read addr=$C010 kbOut=$01 matrix=00 00 00 00 00 00 00 00 -> $00 cycles=1202330
[WARN] [tk2000] kbd write addr=$C000 data=$02 cycles=1202440
[WARN] [tk2000] kbd read addr=$C010 kbOut=$02 matrix=00 00 00 00 00 00 00 00 -> $00 cycles=1202444
[WARN] [tk2000] kbd write addr=$C000 data=$04 cycles=1202554
[WARN] [tk2000] kbd read addr=$C010 kbOut=$04 matrix=00 00 00 00 00 00 00 00 -> $00 cycles=1202558
[WARN] [tk2000] kbd write addr=$C000 data=$08 cycles=1202668
[WARN] [tk2000] kbd read addr=$C010 kbOut=$08 matrix=00 00 00 00 00 00 00 00 -> $00 cycles=1202672
[WARN] [tk2000] kbd write addr=$C000 data=$10 cycles=1202782
[WARN] [tk2000] kbd read addr=$C010 kbOut=$10 matrix=00 00 00 00 00 00 00 00 -> $00 cycles=1202786
[WARN] [tk2000] kbd write addr=$C000 data=$20 cycles=1202896
[WARN] [tk2000] kbd read addr=$C010 kbOut=$20 matrix=00 00 00 00 00 00 00 00 -> $00 cycles=1202900
[WARN] [tk2000] kbd write addr=$C000 data=$40 cycles=1203010
[WARN] [tk2000] kbd read addr=$C010 kbOut=$40 matrix=00 00 00 00 00 00 00 00 -> $00 cycles=1203014
[WARN] [tk2000] kbd write addr=$C000 data=$80 cycles=1203124
[WARN] [tk2000] kbd read addr=$C010 kbOut=$80 matrix=00 00 00 00 00 00 00 00 -> $00 cycles=1203128
[WARN] [tk2000] kbd write addr=$C000 data=$00 cycles=1203250
[WARN] [tk2000] kbd write addr=$C000 data=$01 cycles=1203370
[WARN] [tk2000] kbd read addr=$C010 kbOut=$01 matrix=00 00 00 00 00 00 00 00 -> $00 cycles=1203374
[WARN] [tk2000] kbd write addr=$C000 data=$02 cycles=1203484
[WARN] [tk2000] kbd read addr=$C010 kbOut=$02 matrix=00 00 00 00 00 00 00 00 -> $00 cycles=1203488
[WARN] [tk2000] kbd write addr=$C000 data=$04 cycles=1203598
[WARN] [tk2000] kbd read addr=$C010 kbOut=$04 matrix=00 00 00 00 00 00 00 00 -> $00 cycles=1203602
[WARN] [tk2000] kbd write addr=$C000 data=$08 cycles=1203712
[WARN] [tk2000] kbd read addr=$C010 kbOut=$08 matrix=00 00 00 00 00 00 00 00 -> $00 cycles=1203716
[WARN] [tk2000] kbd write addr=$C000 data=$10 cycles=1203826
[WARN] [tk2000] kbd read addr=$C010 kbOut=$10 matrix=00 00 00 00 00 00 00 00 -> $00 cycles=1203830
[WARN] [tk2000] kbd write addr=$C000 data=$20 cycles=1203940
[WARN] [tk2000] kbd read addr=$C010 kbOut=$20 matrix=00 00 00 00 00 00 00 00 -> $00 cycles=1203944
[WARN] [tk2000] kbd write addr=$C000 data=$40 cycles=1204054
[WARN] [tk2000] kbd read addr=$C010 kbOut=$40 matrix=00 00 00 00 00 00 00 00 -> $00 cycles=1204058
[WARN] [tk2000] kbd write addr=$C000 data=$80 cycles=1204168
[WARN] [tk2000] kbd read addr=$C010 kbOut=$80 matrix=00 00 00 00 00 00 00 00 -> $00 cycles=1204172
[WARN] [tk2000] kbd write addr=$C000 data=$00 cycles=1204294
[WARN] [tk2000] kbd write addr=$C000 data=$01 cycles=1204414
[WARN] [tk2000] kbd read addr=$C010 kbOut=$01 matrix=00 00 00 00 00 00 00 00 -> $00 cycles=1204418
[WARN] [tk2000] kbd write addr=$C000 data=$02 cycles=1204528
[WARN] [tk2000] kbd read addr=$C010 kbOut=$02 matrix=00 00 00 00 00 00 00 00 -> $00 cycles=1204532
[WARN] [tk2000] kbd write addr=$C000 data=$04 cycles=1204642
[WARN] [tk2000] kbd read addr=$C010 kbOut=$04 matrix=00 00 00 00 00 00 00 00 -> $00 cycles=1204646
[WARN] [tk2000] kbd write addr=$C000 data=$08 cycles=1204756
[WARN] [tk2000] kbd read addr=$C010 kbOut=$08 matrix=00 00 00 00 00 00 00 00 -> $00 cycles=1204760
[WARN] [tk2000] kbd write addr=$C000 data=$10 cycles=1204870
[WARN] [tk2000] kbd read addr=$C010 kbOut=$10 matrix=00 00 00 00 00 00 00 00 -> $00 cycles=1204874
[WARN] [tk2000] kbd write addr=$C000 data=$20 cycles=1204984
[WARN] [tk2000] kbd read addr=$C010 kbOut=$20 matrix=00 00 00 00 00 00 00 00 -> $00 cycles=1204988
[WARN] [tk2000] kbd write addr=$C000 data=$40 cycles=1205098
[WARN] [tk2000] kbd read addr=$C010 kbOut=$40 matrix=00 00 00 00 00 00 00 00 -> $00 cycles=1205102
[WARN] [tk2000] kbd write addr=$C000 data=$80 cycles=1205212
[WARN] [tk2000] kbd read addr=$C010 kbOut=$80 matrix=00 00 00 00 00 00 00 00 -> $00 cycles=1205216
[WARN] [tk2000] kbd write addr=$C000 data=$00 cycles=1205338
[WARN] [tk2000] kbd write addr=$C000 data=$01 cycles=1205458
[WARN] [tk2000] kbd read addr=$C010 kbOut=$01 matrix=00 00 00 00 00 00 00 00 -> $00 cycles=1205462
[WARN] [tk2000] kbd write addr=$C000 data=$02 cycles=1205572
[WARN] [tk2000] kbd read addr=$C010 kbOut=$02 matrix=00 00 00 00 00 00 00 00 -> $00 cycles=1205576
[WARN] [tk2000] kbd write addr=$C000 data=$04 cycles=1205686
[WARN] [tk2000] kbd read addr=$C010 kbOut=$04 matrix=00 00 00 00 00 00 00 00 -> $00 cycles=1205690
[WARN] [tk2000] kbd write addr=$C000 data=$08 cycles=1205800
[WARN] [tk2000] kbd read addr=$C010 kbOut=$08 matrix=00 00 00 00 00 00 00 00 -> $00 cycles=1205804
[WARN] [tk2000] kbd write addr=$C000 data=$10 cycles=1205914
[WARN] [tk2000] kbd read addr=$C010 kbOut=$10 matrix=00 00 00 00 00 00 00 00 -> $00 cycles=1205918
[WARN] [tk2000] kbd write addr=$C000 data=$20 cycles=1206028
[WARN] [tk2000] kbd read addr=$C010 kbOut=$20 matrix=00 00 00 00 00 00 00 00 -> $00 cycles=1206032
[WARN] [tk2000] kbd write addr=$C000 data=$40 cycles=1206142
[WARN] [tk2000] kbd read addr=$C010 kbOut=$40 matrix=00 00 00 00 00 00 00 00 -> $00 cycles=1206146
[WARN] [tk2000] kbd write addr=$C000 data=$80 cycles=1206256
[WARN] [tk2000] kbd read addr=$C010 kbOut=$80 matrix=00 00 00 00 00 00 00 00 -> $00 cycles=1206260
[WARN] [tk2000] kbd write addr=$C000 data=$00 cycles=1206382
[WARN] [tk2000] kbd write addr=$C000 data=$01 cycles=1206502
[WARN] [tk2000] kbd read addr=$C010 kbOut=$01 matrix=00 00 00 00 00 00 00 00 -> $00 cycles=1206506
[WARN] [tk2000] kbd write addr=$C000 data=$02 cycles=1206616
[WARN] [tk2000] kbd read addr=$C010 kbOut=$02 matrix=00 00 00 00 00 00 00 00 -> $00 cycles=1206620
[WARN] [tk2000] kbd write addr=$C000 data=$04 cycles=1206730
[WARN] [tk2000] kbd read addr=$C010 kbOut=$04 matrix=00 00 00 00 00 00 00 00 -> $00 cycles=1206734
[WARN] [tk2000] kbd write addr=$C000 data=$08 cycles=1206844
[WARN] [tk2000] kbd read addr=$C010 kbOut=$08 matrix=00 00 00 00 00 00 00 00 -> $00 cycles=1206848
[WARN] [tk2000] kbd write addr=$C000 data=$10 cycles=1206958
[WARN] [tk2000] kbd read addr=$C010 kbOut=$10 matrix=00 00 00 00 00 00 00 00 -> $00 cycles=1206962
[WARN] [tk2000] kbd write addr=$C000 data=$20 cycles=1207072
[WARN] [tk2000] kbd read addr=$C010 kbOut=$20 matrix=00 00 00 00 00 00 00 00 -> $00 cycles=1207076
[WARN] [tk2000] kbd write addr=$C000 data=$40 cycles=1207186
[WARN] [tk2000] kbd read addr=$C010 kbOut=$40 matrix=00 00 00 00 00 00 00 00 -> $00 cycles=1207190
[WARN] [tk2000] kbd write addr=$C000 data=$80 cycles=1207300
[WARN] [tk2000] kbd read addr=$C010 kbOut=$80 matrix=00 00 00 00 00 00 00 00 -> $00 cycles=1207304
[WARN] [tk2000] kbd write addr=$C000 data=$00 cycles=1207426
[WARN] [tk2000] kbd write addr=$C000 data=$01 cycles=1207546
[WARN] [tk2000] kbd read addr=$C010 kbOut=$01 matrix=00 00 00 00 00 00 00 00 -> $00 cycles=1207550
[WARN] [tk2000] kbd write addr=$C000 data=$02 cycles=1207660
[WARN] [tk2000] kbd read addr=$C010 kbOut=$02 matrix=00 00 00 00 00 00 00 00 -> $00 cycles=1207664
[WARN] [tk2000] kbd write addr=$C000 data=$04 cycles=1207774
[WARN] [tk2000] kbd read addr=$C010 kbOut=$04 matrix=00 00 00 00 00 00 00 00 -> $00 cycles=1207778
[WARN] [tk2000] kbd write addr=$C000 data=$08 cycles=1207888
[WARN] [tk2000] kbd read addr=$C010 kbOut=$08 matrix=00 00 00 00 00 00 00 00 -> $00 cycles=1207892
[WARN] [tk2000] kbd write addr=$C000 data=$10 cycles=1208002
[WARN] [tk2000] kbd read addr=$C010 kbOut=$10 matrix=00 00 00 00 00 00 00 00 -> $00 cycles=1208006
[WARN] [tk2000] kbd write addr=$C000 data=$20 cycles=1208116
[WARN] [tk2000] kbd read addr=$C010 kbOut=$20 matrix=00 00 00 00 00 00 00 00 -> $00 cycles=1208120
[WARN] [tk2000] kbd write addr=$C000 data=$40 cycles=1208230
[WARN] [tk2000] kbd read addr=$C010 kbOut=$40 matrix=00 00 00 00 00 00 00 00 -> $00 cycles=1208234
[WARN] [tk2000] kbd write addr=$C000 data=$80 cycles=1208344
[WARN] [tk2000] kbd read addr=$C010 kbOut=$80 matrix=00 00 00 00 00 00 00 00 -> $00 cycles=1208348
[WARN] [tk2000] kbd write addr=$C000 data=$00 cycles=1208470
[WARN] [tk2000] kbd write addr=$C000 data=$01 cycles=1208590
[WARN] [tk2000] kbd read addr=$C010 kbOut=$01 matrix=00 00 00 00 00 00 00 00 -> $00 cycles=1208594
[WARN] [tk2000] kbd write addr=$C000 data=$02 cycles=1208704
[WARN] [tk2000] kbd read addr=$C010 kbOut=$02 matrix=00 00 00 00 00 00 00 00 -> $00 cycles=1208708
[WARN] [tk2000] kbd write addr=$C000 data=$04 cycles=1208818
[WARN] [tk2000] kbd read addr=$C010 kbOut=$04 matrix=00 00 00 00 00 00 00 00 -> $00 cycles=1208822
[WARN] [tk2000] kbd write addr=$C000 data=$08 cycles=1208932
[WARN] [tk2000] kbd read addr=$C010 kbOut=$08 matrix=00 00 00 00 00 00 00 00 -> $00 cycles=1208936
[WARN] [tk2000] kbd write addr=$C000 data=$10 cycles=1209046
[WARN] [tk2000] kbd read addr=$C010 kbOut=$10 matrix=00 00 00 00 00 00 00 00 -> $00 cycles=1209050
[WARN] [tk2000] kbd write addr=$C000 data=$20 cycles=1209160
[WARN] [tk2000] kbd read addr=$C010 kbOut=$20 matrix=00 00 00 00 00 00 00 00 -> $00 cycles=1209164
[WARN] [tk2000] kbd write addr=$C000 data=$40 cycles=1209274
[WARN] [tk2000] kbd read addr=$C010 kbOut=$40 matrix=00 00 00 00 00 00 00 00 -> $00 cycles=1209278
[WARN] [tk2000] kbd write addr=$C000 data=$80 cycles=1209388
[WARN] [tk2000] kbd read addr=$C010 kbOut=$80 matrix=00 00 00 00 00 00 00 00 -> $00 cycles=1209392
[WARN] [tk2000] kbd write addr=$C000 data=$00 cycles=1209514
[WARN] [tk2000] kbd write addr=$C000 data=$01 cycles=1209634
[WARN] [tk2000] kbd read addr=$C010 kbOut=$01 matrix=00 00 00 00 00 00 00 00 -> $00 cycles=1209638
[WARN] [tk2000] kbd write addr=$C000 data=$02 cycles=1209748
[WARN] [tk2000] kbd read addr=$C010 kbOut=$02 matrix=00 00 00 00 00 00 00 00 -> $00 cycles=1209752
[WARN] [tk2000] kbd write addr=$C000 data=$04 cycles=1209862
[WARN] [tk2000] kbd read addr=$C010 kbOut=$04 matrix=00 00 00 00 00 00 00 00 -> $00 cycles=1209866
[WARN] [tk2000] kbd write addr=$C000 data=$08 cycles=1209976
[WARN] [tk2000] kbd read addr=$C010 kbOut=$08 matrix=00 00 00 00 00 00 00 00 -> $00 cycles=1209980
[WARN] [tk2000] kbd write addr=$C000 data=$10 cycles=1210090
[WARN] [tk2000] kbd read addr=$C010 kbOut=$10 matrix=00 00 00 00 00 00 00 00 -> $00 cycles=1210094
[WARN] [tk2000] kbd write addr=$C000 data=$20 cycles=1210204
[WARN] [tk2000] kbd read addr=$C010 kbOut=$20 matrix=00 00 00 00 00 00 00 00 -> $00 cycles=1210208
[WARN] [tk2000] kbd write addr=$C000 data=$40 cycles=1210318
[WARN] [tk2000] kbd read addr=$C010 kbOut=$40 matrix=00 00 00 00 00 00 00 00 -> $00 cycles=1210322
[WARN] [tk2000] kbd write addr=$C000 data=$80 cycles=1210432
[WARN] [tk2000] kbd read addr=$C010 kbOut=$80 matrix=00 00 00 00 00 00 00 00 -> $00 cycles=1210436
[WARN] [tk2000] kbd write addr=$C000 data=$00 cycles=1210558
[WARN] [tk2000] kbd write addr=$C000 data=$01 cycles=1210678
[WARN] [tk2000] kbd read addr=$C010 kbOut=$01 matrix=00 00 00 00 00 00 00 00 -> $00 cycles=1210682
[WARN] [tk2000] kbd write addr=$C000 data=$02 cycles=1210792
[WARN] [tk2000] kbd read addr=$C010 kbOut=$02 matrix=00 00 00 00 00 00 00 00 -> $00 cycles=1210796
[WARN] [tk2000] kbd write addr=$C000 data=$04 cycles=1210906
[WARN] [tk2000] kbd read addr=$C010 kbOut=$04 matrix=00 00 00 00 00 00 00 00 -> $00 cycles=1210910
[WARN] [tk2000] kbd write addr=$C000 data=$08 cycles=1211020
[WARN] [tk2000] kbd read addr=$C010 kbOut=$08 matrix=00 00 00 00 00 00 00 00 -> $00 cycles=1211024
[WARN] [tk2000] kbd write addr=$C000 data=$10 cycles=1211134
[WARN] [tk2000] kbd read addr=$C010 kbOut=$10 matrix=00 00 00 00 00 00 00 00 -> $00 cycles=1211138
[WARN] [tk2000] kbd write addr=$C000 data=$20 cycles=1211248
[WARN] [tk2000] kbd read addr=$C010 kbOut=$20 matrix=00 00 00 00 00 00 00 00 -> $00 cycles=1211252
[WARN] [tk2000] kbd write addr=$C000 data=$40 cycles=1211362
[WARN] [tk2000] kbd read addr=$C010 kbOut=$40 matrix=00 00 00 00 00 00 00 00 -> $00 cycles=1211366
[WARN] [tk2000] kbd write addr=$C000 data=$80 cycles=1211476
[WARN] [tk2000] kbd read addr=$C010 kbOut=$80 matrix=00 00 00 00 00 00 00 00 -> $00 cycles=1211480
[WARN] [tk2000] kbd write addr=$C000 data=$00 cycles=1211602
[WARN] [tk2000] kbd write addr=$C000 data=$01 cycles=1211722
[WARN] [tk2000] kbd read addr=$C010 kbOut=$01 matrix=00 00 00 00 00 00 00 00 -> $00 cycles=1211726
[WARN] [tk2000] kbd write addr=$C000 data=$02 cycles=1211836
[WARN] [tk2000] kbd read addr=$C010 kbOut=$02 matrix=00 00 00 00 00 00 00 00 -> $00 cycles=1211840
[WARN] [tk2000] kbd write addr=$C000 data=$04 cycles=1211950
[WARN] [tk2000] kbd read addr=$C010 kbOut=$04 matrix=00 00 00 00 00 00 00 00 -> $00 cycles=1211954
[WARN] [tk2000] kbd write addr=$C000 data=$08 cycles=1212064
[WARN] [tk2000] kbd read addr=$C010 kbOut=$08 matrix=00 00 00 00 00 00 00 00 -> $00 cycles=1212068
[WARN] [tk2000] kbd write addr=$C000 data=$10 cycles=1212178
[WARN] [tk2000] kbd read addr=$C010 kbOut=$10 matrix=00 00 00 00 00 00 00 00 -> $00 cycles=1212182
[WARN] [tk2000] kbd write addr=$C000 data=$20 cycles=1212292
[WARN] [tk2000] kbd read addr=$C010 kbOut=$20 matrix=00 00 00 00 00 00 00 00 -> $00 cycles=1212296
[WARN] [tk2000] kbd write addr=$C000 data=$40 cycles=1212406
[WARN] [tk2000] kbd read addr=$C010 kbOut=$40 matrix=00 00 00 00 00 00 00 00 -> $00 cycles=1212410
[WARN] [tk2000] kbd write addr=$C000 data=$80 cycles=1212520
[WARN] [tk2000] kbd read addr=$C010 kbOut=$80 matrix=00 00 00 00 00 00 00 00 -> $00 cycles=1212524
[WARN] [tk2000] kbd write addr=$C000 data=$00 cycles=1212646
[WARN] [tk2000] kbd write addr=$C000 data=$01 cycles=1212766
[WARN] [tk2000] kbd read addr=$C010 kbOut=$01 matrix=00 00 00 00 00 00 00 00 -> $00 cycles=1212770
[WARN] [tk2000] kbd write addr=$C000 data=$02 cycles=1212880
[WARN] [tk2000] kbd read addr=$C010 kbOut=$02 matrix=00 00 00 00 00 00 00 00 -> $00 cycles=1212884
[WARN] [tk2000] kbd write addr=$C000 data=$04 cycles=1212994
[WARN] [tk2000] kbd read addr=$C010 kbOut=$04 matrix=00 00 00 00 00 00 00 00 -> $00 cycles=1212998
[WARN] [tk2000] kbd write addr=$C000 data=$08 cycles=1213108
[WARN] [tk2000] kbd read addr=$C010 kbOut=$08 matrix=00 00 00 00 00 00 00 00 -> $00 cycles=1213112
[WARN] [tk2000] kbd write addr=$C000 data=$10 cycles=1213222
[WARN] [tk2000] kbd read addr=$C010 kbOut=$10 matrix=00 00 00 00 00 00 00 00 -> $00 cycles=1213226
[WARN] [tk2000] kbd write addr=$C000 data=$20 cycles=1213336
[WARN] [tk2000] kbd read addr=$C010 kbOut=$20 matrix=00 00 00 00 00 00 00 00 -> $00 cycles=1213340
[WARN] [tk2000] kbd write addr=$C000 data=$40 cycles=1213450
[WARN] [tk2000] kbd read addr=$C010 kbOut=$40 matrix=00 00 00 00 00 00 00 00 -> $00 cycles=1213454
[WARN] [tk2000] kbd write addr=$C000 data=$80 cycles=1213564
[WARN] [tk2000] kbd read addr=$C010 kbOut=$80 matrix=00 00 00 00 00 00 00 00 -> $00 cycles=1213568
[WARN] [tk2000] kbd write addr=$C000 data=$00 cycles=1213690
[WARN] [tk2000] kbd write addr=$C000 data=$01 cycles=1213810
[WARN] [tk2000] kbd read addr=$C010 kbOut=$01 matrix=00 00 00 00 00 00 00 00 -> $00 cycles=1213814
[WARN] [tk2000] kbd write addr=$C000 data=$02 cycles=1213924
[WARN] [tk2000] kbd read addr=$C010 kbOut=$02 matrix=00 00 00 00 00 00 00 00 -> $00 cycles=1213928
[WARN] [tk2000] kbd write addr=$C000 data=$04 cycles=1214038
[WARN] [tk2000] kbd read addr=$C010 kbOut=$04 matrix=00 00 00 00 00 00 00 00 -> $00 cycles=1214042
[WARN] [tk2000] kbd write addr=$C000 data=$08 cycles=1214152
[WARN] [tk2000] kbd read addr=$C010 kbOut=$08 matrix=00 00 00 00 00 00 00 00 -> $00 cycles=1214156
[WARN] [tk2000] kbd write addr=$C000 data=$10 cycles=1214266
[WARN] [tk2000] kbd read addr=$C010 kbOut=$10 matrix=00 00 00 00 00 00 00 00 -> $00 cycles=1214270
[WARN] [tk2000] kbd write addr=$C000 data=$20 cycles=1214380
[WARN] [tk2000] kbd read addr=$C010 kbOut=$20 matrix=00 00 00 00 00 00 00 00 -> $00 cycles=1214384
[WARN] [tk2000] kbd write addr=$C000 data=$40 cycles=1214494
[WARN] [tk2000] kbd read addr=$C010 kbOut=$40 matrix=00 00 00 00 00 00 00 00 -> $00 cycles=1214498
[WARN] [tk2000] kbd write addr=$C000 data=$80 cycles=1214608
[WARN] [tk2000] kbd read addr=$C010 kbOut=$80 matrix=00 00 00 00 00 00 00 00 -> $00 cycles=1214612
[WARN] [tk2000] kbd write addr=$C000 data=$00 cycles=1214734
[WARN] [tk2000] kbd write addr=$C000 data=$01 cycles=1214854
[WARN] [tk2000] kbd read addr=$C010 kbOut=$01 matrix=00 00 00 00 00 00 00 00 -> $00 cycles=1214858
[WARN] [tk2000] kbd write addr=$C000 data=$02 cycles=1214968
[WARN] [tk2000] kbd read addr=$C010 kbOut=$02 matrix=00 00 00 00 00 00 00 00 -> $00 cycles=1214972
[WARN] [tk2000] kbd write addr=$C000 data=$04 cycles=1215082
[WARN] [tk2000] kbd read addr=$C010 kbOut=$04 matrix=00 00 00 00 00 00 00 00 -> $00 cycles=1215086
[WARN] [tk2000] kbd write addr=$C000 data=$08 cycles=1215196
[WARN] [tk2000] kbd read addr=$C010 kbOut=$08 matrix=00 00 00 00 00 00 00 00 -> $00 cycles=1215200
[WARN] [tk2000] kbd write addr=$C000 data=$10 cycles=1215310
[WARN] [tk2000] kbd read addr=$C010 kbOut=$10 matrix=00 00 00 00 00 00 00 00 -> $00 cycles=1215314
[WARN] [tk2000] kbd write addr=$C000 data=$20 cycles=1215424
[WARN] [tk2000] kbd read addr=$C010 kbOut=$20 matrix=00 00 00 00 00 00 00 00 -> $00 cycles=1215428
[WARN] [tk2000] kbd write addr=$C000 data=$40 cycles=1215538
[WARN] [tk2000] kbd read addr=$C010 kbOut=$40 matrix=00 00 00 00 00 00 00 00 -> $00 cycles=1215542
[WARN] [tk2000] kbd write addr=$C000 data=$80 cycles=1215652
[WARN] [tk2000] kbd read addr=$C010 kbOut=$80 matrix=00 00 00 00 00 00 00 00 -> $00 cycles=1215656
[WARN] [tk2000] kbd write addr=$C000 data=$00 cycles=1215778
[WARN] [tk2000] kbd write addr=$C000 data=$01 cycles=1215898
[WARN] [tk2000] kbd read addr=$C010 kbOut=$01 matrix=00 00 00 00 00 00 00 00 -> $00 cycles=1215902
[WARN] [tk2000] kbd write addr=$C000 data=$02 cycles=1216012
[WARN] [tk2000] kbd read addr=$C010 kbOut=$02 matrix=00 00 00 00 00 00 00 00 -> $00 cycles=1216016
[WARN] [tk2000] kbd write addr=$C000 data=$04 cycles=1216126
[WARN] [tk2000] kbd read addr=$C010 kbOut=$04 matrix=00 00 00 00 00 00 00 00 -> $00 cycles=1216130
[WARN] [tk2000] kbd write addr=$C000 data=$08 cycles=1216240
[WARN] [tk2000] kbd read addr=$C010 kbOut=$08 matrix=00 00 00 00 00 00 00 00 -> $00 cycles=1216244
[WARN] [tk2000] kbd write addr=$C000 data=$10 cycles=1216354
[WARN] [tk2000] kbd read addr=$C010 kbOut=$10 matrix=00 00 00 00 00 00 00 00 -> $00 cycles=1216358
[WARN] [tk2000] kbd write addr=$C000 data=$20 cycles=1216468
[WARN] [tk2000] kbd read addr=$C010 kbOut=$20 matrix=00 00 00 00 00 00 00 00 -> $00 cycles=1216472
[WARN] [tk2000] kbd write addr=$C000 data=$40 cycles=1216582
[WARN] [tk2000] kbd read addr=$C010 kbOut=$40 matrix=00 00 00 00 00 00 00 00 -> $00 cycles=1216586
[WARN] [tk2000] kbd write addr=$C000 data=$80 cycles=1216696
[WARN] [tk2000] kbd read addr=$C010 kbOut=$80 matrix=00 00 00 00 00 00 00 00 -> $00 cycles=1216700
[WARN] [tk2000] kbd write addr=$C000 data=$00 cycles=1216822
[WARN] [tk2000] kbd write addr=$C000 data=$01 cycles=1216942
[WARN] [tk2000] kbd read addr=$C010 kbOut=$01 matrix=00 00 00 00 00 00 00 00 -> $00 cycles=1216946
[WARN] [tk2000] kbd write addr=$C000 data=$02 cycles=1217056
[WARN] [tk2000] kbd read addr=$C010 kbOut=$02 matrix=00 00 00 00 00 00 00 00 -> $00 cycles=1217060
[WARN] [tk2000] kbd write addr=$C000 data=$04 cycles=1217170
[WARN] [tk2000] kbd read addr=$C010 kbOut=$04 matrix=00 00 00 00 00 00 00 00 -> $00 cycles=1217174
[WARN] [tk2000] kbd write addr=$C000 data=$08 cycles=1217284
[WARN] [tk2000] kbd read addr=$C010 kbOut=$08 matrix=00 00 00 00 00 00 00 00 -> $00 cycles=1217288
[WARN] [tk2000] kbd write addr=$C000 data=$10 cycles=1217398
[WARN] [tk2000] kbd read addr=$C010 kbOut=$10 matrix=00 00 00 00 00 00 00 00 -> $00 cycles=1217402
[WARN] [tk2000] kbd write addr=$C000 data=$20 cycles=1217512
[WARN] [tk2000] kbd read addr=$C010 kbOut=$20 matrix=00 00 00 00 00 00 00 00 -> $00 cycles=1217516
[WARN] [tk2000] kbd write addr=$C000 data=$40 cycles=1217626
[WARN] [tk2000] kbd read addr=$C010 kbOut=$40 matrix=00 00 00 00 00 00 00 00 -> $00 cycles=1217630
[WARN] [tk2000] kbd write addr=$C000 data=$80 cycles=1217740
[WARN] [tk2000] kbd read addr=$C010 kbOut=$80 matrix=00 00 00 00 00 00 00 00 -> $00 cycles=1217744
[WARN] [tk2000] kbd write addr=$C000 data=$00 cycles=1217866
[WARN] [tk2000] kbd write addr=$C000 data=$01 cycles=1217986
[WARN] [tk2000] kbd read addr=$C010 kbOut=$01 matrix=00 00 00 00 00 00 00 00 -> $00 cycles=1217990
[WARN] [tk2000] kbd write addr=$C000 data=$02 cycles=1218100
[WARN] [tk2000] kbd read addr=$C010 kbOut=$02 matrix=00 00 00 00 00 00 00 00 -> $00 cycles=1218104
[WARN] [tk2000] kbd write addr=$C000 data=$04 cycles=1218214
[WARN] [tk2000] kbd read addr=$C010 kbOut=$04 matrix=00 00 00 00 00 00 00 00 -> $00 cycles=1218218
[WARN] [tk2000] kbd write addr=$C000 data=$08 cycles=1218328
[WARN] [tk2000] kbd read addr=$C010 kbOut=$08 matrix=00 00 00 00 00 00 00 00 -> $00 cycles=1218332
[WARN] [tk2000] kbd write addr=$C000 data=$10 cycles=1218442
[WARN] [tk2000] kbd read addr=$C010 kbOut=$10 matrix=00 00 00 00 00 00 00 00 -> $00 cycles=1218446
[WARN] [tk2000] kbd write addr=$C000 data=$20 cycles=1218556
[WARN] [tk2000] kbd read addr=$C010 kbOut=$20 matrix=00 00 00 00 00 00 00 00 -> $00 cycles=1218560
[WARN] [tk2000] kbd write addr=$C000 data=$40 cycles=1218670
[WARN] [tk2000] kbd read addr=$C010 kbOut=$40 matrix=00 00 00 00 00 00 00 00 -> $00 cycles=1218674
[WARN] [tk2000] kbd write addr=$C000 data=$80 cycles=1218784
[WARN] [tk2000] kbd read addr=$C010 kbOut=$80 matrix=00 00 00 00 00 00 00 00 -> $00 cycles=1218788
[WARN] [tk2000] kbd write addr=$C000 data=$00 cycles=1218910
[WARN] [tk2000] kbd write addr=$C000 data=$01 cycles=1219030
[WARN] [tk2000] kbd read addr=$C010 kbOut=$01 matrix=00 00 00 00 00 00 00 00 -> $00 cycles=1219034
[WARN] [tk2000] kbd write addr=$C000 data=$02 cycles=1219144
[WARN] [tk2000] kbd read addr=$C010 kbOut=$02 matrix=00 00 00 00 00 00 00 00 -> $00 cycles=1219148
[WARN] [tk2000] kbd write addr=$C000 data=$04 cycles=1219258
[WARN] [tk2000] kbd read addr=$C010 kbOut=$04 matrix=00 00 00 00 00 00 00 00 -> $00 cycles=1219262
[WARN] [tk2000] kbd write addr=$C000 data=$08 cycles=1219372
[WARN] [tk2000] kbd read addr=$C010 kbOut=$08 matrix=00 00 00 00 00 00 00 00 -> $00 cycles=1219376
[WARN] [tk2000] kbd write addr=$C000 data=$10 cycles=1219486
[WARN] [tk2000] kbd read addr=$C010 kbOut=$10 matrix=00 00 00 00 00 00 00 00 -> $00 cycles=1219490
[WARN] [tk2000] kbd write addr=$C000 data=$20 cycles=1219600
[WARN] [tk2000] kbd read addr=$C010 kbOut=$20 matrix=00 00 00 00 00 00 00 00 -> $00 cycles=1219604
[WARN] [tk2000] kbd write addr=$C000 data=$40 cycles=1219714
[WARN] [tk2000] kbd read addr=$C010 kbOut=$40 matrix=00 00 00 00 00 00 00 00 -> $00 cycles=1219718
[WARN] [tk2000] kbd write addr=$C000 data=$80 cycles=1219828
[WARN] [tk2000] kbd read addr=$C010 kbOut=$80 matrix=00 00 00 00 00 00 00 00 -> $00 cycles=1219832
[WARN] [tk2000] kbd write addr=$C000 data=$00 cycles=1219954
[WARN] [tk2000] kbd write addr=$C000 data=$01 cycles=1220074
[WARN] [tk2000] kbd read addr=$C010 kbOut=$01 matrix=00 00 00 00 00 00 00 00 -> $00 cycles=1220078
[WARN] [tk2000] kbd write addr=$C000 data=$02 cycles=1220188
[WARN] [tk2000] kbd read addr=$C010 kbOut=$02 matrix=00 00 00 00 00 00 00 00 -> $00 cycles=1220192
[WARN] [tk2000] kbd write addr=$C000 data=$04 cycles=1220302
[WARN] [tk2000] kbd read addr=$C010 kbOut=$04 matrix=00 00 00 00 00 00 00 00 -> $00 cycles=1220306
[WARN] [tk2000] kbd write addr=$C000 data=$08 cycles=1220416
[WARN] [tk2000] kbd read addr=$C010 kbOut=$08 matrix=00 00 00 00 00 00 00 00 -> $00 cycles=1220420
[WARN] [tk2000] kbd write addr=$C000 data=$10 cycles=1220530
[WARN] [tk2000] kbd read addr=$C010 kbOut=$10 matrix=00 00 00 00 00 00 00 00 -> $00 cycles=1220534
[WARN] [tk2000] kbd write addr=$C000 data=$20 cycles=1220644
[WARN] [tk2000] kbd read addr=$C010 kbOut=$20 matrix=00 00 00 00 00 00 00 00 -> $00 cycles=1220648
[WARN] [tk2000] kbd write addr=$C000 data=$40 cycles=1220758
[WARN] [tk2000] kbd read addr=$C010 kbOut=$40 matrix=00 00 00 00 00 00 00 00 -> $00 cycles=1220762
[WARN] [tk2000] kbd write addr=$C000 data=$80 cycles=1220872
[WARN] [tk2000] kbd read addr=$C010 kbOut=$80 matrix=00 00 00 00 00 00 00 00 -> $00 cycles=1220876
[WARN] [tk2000] kbd write addr=$C000 data=$00 cycles=1220998
[WARN] [tk2000] kbd write addr=$C000 data=$01 cycles=1221118
[WARN] [tk2000] kbd read addr=$C010 kbOut=$01 matrix=00 00 00 00 00 00 00 00 -> $00 cycles=1221122
[WARN] [tk2000] kbd write addr=$C000 data=$02 cycles=1221232
[WARN] [tk2000] kbd read addr=$C010 kbOut=$02 matrix=00 00 00 00 00 00 00 00 -> $00 cycles=1221236
[WARN] [tk2000] kbd write addr=$C000 data=$04 cycles=1221346
[WARN] [tk2000] kbd read addr=$C010 kbOut=$04 matrix=00 00 00 00 00 00 00 00 -> $00 cycles=1221350
[WARN] [tk2000] kbd write addr=$C000 data=$08 cycles=1221460
[WARN] [tk2000] kbd read addr=$C010 kbOut=$08 matrix=00 00 00 00 00 00 00 00 -> $00 cycles=1221464
[WARN] [tk2000] kbd write addr=$C000 data=$10 cycles=1221574
[WARN] [tk2000] kbd read addr=$C010 kbOut=$10 matrix=00 00 00 00 00 00 00 00 -> $00 cycles=1221578
[WARN] [tk2000] kbd write addr=$C000 data=$20 cycles=1221688
[WARN] [tk2000] kbd read addr=$C010 kbOut=$20 matrix=00 00 00 00 00 00 00 00 -> $00 cycles=1221692
[WARN] [tk2000] kbd write addr=$C000 data=$40 cycles=1221802
[WARN] [tk2000] kbd read addr=$C010 kbOut=$40 matrix=00 00 00 00 00 00 00 00 -> $00 cycles=1221806
[WARN] [tk2000] kbd write addr=$C000 data=$80 cycles=1221916
[WARN] [tk2000] kbd read addr=$C010 kbOut=$80 matrix=00 00 00 00 00 00 00 00 -> $00 cycles=1221920
[WARN] [tk2000] kbd write addr=$C000 data=$00 cycles=1222042
[WARN] [tk2000] kbd write addr=$C000 data=$01 cycles=1222162
[WARN] [tk2000] kbd read addr=$C010 kbOut=$01 matrix=00 00 00 00 00 00 00 00 -> $00 cycles=1222166
[WARN] [tk2000] kbd write addr=$C000 data=$02 cycles=1222276
[WARN] [tk2000] kbd read addr=$C010 kbOut=$02 matrix=00 00 00 00 00 00 00 00 -> $00 cycles=1222280
[WARN] [tk2000] kbd write addr=$C000 data=$04 cycles=1222390
[WARN] [tk2000] kbd read addr=$C010 kbOut=$04 matrix=00 00 00 00 00 00 00 00 -> $00 cycles=1222394
[WARN] [tk2000] kbd write addr=$C000 data=$08 cycles=1222504
[WARN] [tk2000] kbd read addr=$C010 kbOut=$08 matrix=00 00 00 00 00 00 00 00 -> $00 cycles=1222508
[WARN] [tk2000] kbd write addr=$C000 data=$10 cycles=1222618
[WARN] [tk2000] kbd read addr=$C010 kbOut=$10 matrix=00 00 00 00 00 00 00 00 -> $00 cycles=1222622
[WARN] [tk2000] kbd write addr=$C000 data=$20 cycles=1222732
[WARN] [tk2000] kbd read addr=$C010 kbOut=$20 matrix=00 00 00 00 00 00 00 00 -> $00 cycles=1222736
[WARN] [tk2000] kbd write addr=$C000 data=$40 cycles=1222846
[WARN] [tk2000] kbd read addr=$C010 kbOut=$40 matrix=00 00 00 00 00 00 00 00 -> $00 cycles=1222850
[WARN] [tk2000] kbd write addr=$C000 data=$80 cycles=1222960
[WARN] [tk2000] kbd read addr=$C010 kbOut=$80 matrix=00 00 00 00 00 00 00 00 -> $00 cycles=1222964
[WARN] [tk2000] kbd write addr=$C000 data=$00 cycles=1223086
[WARN] [tk2000] kbd write addr=$C000 data=$01 cycles=1223206
[WARN] [tk2000] kbd read addr=$C010 kbOut=$01 matrix=00 00 00 00 00 00 00 00 -> $00 cycles=1223210
[WARN] [tk2000] kbd write addr=$C000 data=$02 cycles=1223320
[WARN] [tk2000] kbd read addr=$C010 kbOut=$02 matrix=00 00 00 00 00 00 00 00 -> $00 cycles=1223324
[WARN] [tk2000] kbd write addr=$C000 data=$04 cycles=1223434
[WARN] [tk2000] kbd read addr=$C010 kbOut=$04 matrix=00 00 00 00 00 00 00 00 -> $00 cycles=1223438
[WARN] [tk2000] kbd write addr=$C000 data=$08 cycles=1223548
[WARN] [tk2000] kbd read addr=$C010 kbOut=$08 matrix=00 00 00 00 00 00 00 00 -> $00 cycles=1223552
[WARN] [tk2000] kbd write addr=$C000 data=$10 cycles=1223662
[WARN] [tk2000] kbd read addr=$C010 kbOut=$10 matrix=00 00 00 00 00 00 00 00 -> $00 cycles=1223666
[WARN] [tk2000] kbd write addr=$C000 data=$20 cycles=1223776
[WARN] [tk2000] kbd read addr=$C010 kbOut=$20 matrix=00 00 00 00 00 00 00 00 -> $00 cycles=1223780
[WARN] [tk2000] kbd write addr=$C000 data=$40 cycles=1223890
[WARN] [tk2000] kbd read addr=$C010 kbOut=$40 matrix=00 00 00 00 00 00 00 00 -> $00 cycles=1223894
[WARN] [tk2000] kbd write addr=$C000 data=$80 cycles=1224004
[WARN] [tk2000] kbd read addr=$C010 kbOut=$80 matrix=00 00 00 00 00 00 00 00 -> $00 cycles=1224008
[WARN] [tk2000] kbd write addr=$C000 data=$00 cycles=1224130
[WARN] [tk2000] kbd write addr=$C000 data=$01 cycles=1224250
[WARN] [tk2000] kbd read addr=$C010 kbOut=$01 matrix=00 00 00 00 00 00 00 00 -> $00 cycles=1224254
[WARN] [tk2000] kbd write addr=$C000 data=$02 cycles=1224364
[WARN] [tk2000] kbd read addr=$C010 kbOut=$02 matrix=00 00 00 00 00 00 00 00 -> $00 cycles=1224368
[WARN] [tk2000] kbd write addr=$C000 data=$04 cycles=1224478
[WARN] [tk2000] kbd read addr=$C010 kbOut=$04 matrix=00 00 00 00 00 00 00 00 -> $00 cycles=1224482
[WARN] [tk2000] kbd write addr=$C000 data=$08 cycles=1224592
[WARN] [tk2000] kbd read addr=$C010 kbOut=$08 matrix=00 00 00 00 00 00 00 00 -> $00 cycles=1224596
[WARN] [tk2000] kbd write addr=$C000 data=$10 cycles=1224706
[WARN] [tk2000] kbd read addr=$C010 kbOut=$10 matrix=00 00 00 00 00 00 00 00 -> $00 cycles=1224710
[WARN] [tk2000] kbd write addr=$C000 data=$20 cycles=1224820
[WARN] [tk2000] kbd read addr=$C010 kbOut=$20 matrix=00 00 00 00 00 00 00 00 -> $00 cycles=1224824
[WARN] [tk2000] kbd write addr=$C000 data=$40 cycles=1224934
[WARN] [tk2000] kbd read addr=$C010 kbOut=$40 matrix=00 00 00 00 00 00 00 00 -> $00 cycles=1224938
[WARN] [tk2000] kbd write addr=$C000 data=$80 cycles=1225048
[WARN] [tk2000] kbd read addr=$C010 kbOut=$80 matrix=00 00 00 00 00 00 00 00 -> $00 cycles=1225052
[WARN] [tk2000] kbd write addr=$C000 data=$00 cycles=1225174
[WARN] [tk2000] kbd write addr=$C000 data=$01 cycles=1225294
[WARN] [tk2000] kbd read addr=$C010 kbOut=$01 matrix=00 00 00 00 00 00 00 00 -> $00 cycles=1225298
[WARN] [tk2000] kbd write addr=$C000 data=$02 cycles=1225408
[WARN] [tk2000] kbd read addr=$C010 kbOut=$02 matrix=00 00 00 00 00 00 00 00 -> $00 cycles=1225412
[WARN] [tk2000] kbd write addr=$C000 data=$04 cycles=1225522
[WARN] [tk2000] kbd read addr=$C010 kbOut=$04 matrix=00 00 00 00 00 00 00 00 -> $00 cycles=1225526
[WARN] [tk2000] kbd write addr=$C000 data=$08 cycles=1225636
[WARN] [tk2000] kbd read addr=$C010 kbOut=$08 matrix=00 00 00 00 00 00 00 00 -> $00 cycles=1225640
[WARN] [tk2000] kbd write addr=$C000 data=$10 cycles=1225750
[WARN] [tk2000] kbd read addr=$C010 kbOut=$10 matrix=00 00 00 00 00 00 00 00 -> $00 cycles=1225754
[WARN] [tk2000] kbd write addr=$C000 data=$20 cycles=1225864
[WARN] [tk2000] kbd read addr=$C010 kbOut=$20 matrix=00 00 00 00 00 00 00 00 -> $00 cycles=1225868
[WARN] [tk2000] kbd write addr=$C000 data=$40 cycles=1225978
[WARN] [tk2000] kbd read addr=$C010 kbOut=$40 matrix=00 00 00 00 00 00 00 00 -> $00 cycles=1225982
[WARN] [tk2000] kbd write addr=$C000 data=$80 cycles=1226092
[WARN] [tk2000] kbd read addr=$C010 kbOut=$80 matrix=00 00 00 00 00 00 00 00 -> $00 cycles=1226096
[WARN] [tk2000] kbd write addr=$C000 data=$00 cycles=1226218
[WARN] [tk2000] kbd write addr=$C000 data=$01 cycles=1226338
[WARN] [tk2000] kbd read addr=$C010 kbOut=$01 matrix=00 00 00 00 00 00 00 00 -> $00 cycles=1226342
[WARN] [tk2000] kbd write addr=$C000 data=$02 cycles=1226452
[WARN] [tk2000] kbd read addr=$C010 kbOut=$02 matrix=00 00 00 00 00 00 00 00 -> $00 cycles=1226456
[WARN] [tk2000] kbd write addr=$C000 data=$04 cycles=1226566
[WARN] [tk2000] kbd read addr=$C010 kbOut=$04 matrix=00 00 00 00 00 00 00 00 -> $00 cycles=1226570
[WARN] [tk2000] kbd write addr=$C000 data=$08 cycles=1226680
[WARN] [tk2000] kbd read addr=$C010 kbOut=$08 matrix=00 00 00 00 00 00 00 00 -> $00 cycles=1226684
[WARN] [tk2000] kbd write addr=$C000 data=$10 cycles=1226794
[WARN] [tk2000] kbd read addr=$C010 kbOut=$10 matrix=00 00 00 00 00 00 00 00 -> $00 cycles=1226798
[WARN] [tk2000] kbd write addr=$C000 data=$20 cycles=1226908
[WARN] [tk2000] kbd read addr=$C010 kbOut=$20 matrix=00 00 00 00 00 00 00 00 -> $00 cycles=1226912
[WARN] [tk2000] kbd write addr=$C000 data=$40 cycles=1227022
[WARN] [tk2000] kbd read addr=$C010 kbOut=$40 matrix=00 00 00 00 00 00 00 00 -> $00 cycles=1227026
[WARN] [tk2000] kbd write addr=$C000 data=$80 cycles=1227136
[WARN] [tk2000] kbd read addr=$C010 kbOut=$80 matrix=00 00 00 00 00 00 00 00 -> $00 cycles=1227140
[WARN] [tk2000] kbd write addr=$C000 data=$00 cycles=1227262
[WARN] [tk2000] kbd write addr=$C000 data=$01 cycles=1227382
[WARN] [tk2000] kbd read addr=$C010 kbOut=$01 matrix=00 00 00 00 00 00 00 00 -> $00 cycles=1227386
[WARN] [tk2000] kbd write addr=$C000 data=$02 cycles=1227496
[WARN] [tk2000] kbd read addr=$C010 kbOut=$02 matrix=00 00 00 00 00 00 00 00 -> $00 cycles=1227500
[WARN] [tk2000] kbd write addr=$C000 data=$04 cycles=1227610
[WARN] [tk2000] kbd read addr=$C010 kbOut=$04 matrix=00 00 00 00 00 00 00 00 -> $00 cycles=1227614
[WARN] [tk2000] kbd write addr=$C000 data=$08 cycles=1227724
[WARN] [tk2000] kbd read addr=$C010 kbOut=$08 matrix=00 00 00 00 00 00 00 00 -> $00 cycles=1227728
[WARN] [tk2000] kbd write addr=$C000 data=$10 cycles=1227838
[WARN] [tk2000] kbd read addr=$C010 kbOut=$10 matrix=00 00 00 00 00 00 00 00 -> $00 cycles=1227842
[WARN] [tk2000] kbd write addr=$C000 data=$20 cycles=1227952
[WARN] [tk2000] kbd read addr=$C010 kbOut=$20 matrix=00 00 00 00 00 00 00 00 -> $00 cycles=1227956
[WARN] [tk2000] kbd write addr=$C000 data=$40 cycles=1228066
[WARN] [tk2000] kbd read addr=$C010 kbOut=$40 matrix=00 00 00 00 00 00 00 00 -> $00 cycles=1228070
[WARN] [tk2000] kbd write addr=$C000 data=$80 cycles=1228180
[WARN] [tk2000] kbd read addr=$C010 kbOut=$80 matrix=00 00 00 00 00 00 00 00 -> $00 cycles=1228184
[WARN] [tk2000] kbd write addr=$C000 data=$00 cycles=1228306
[WARN] [tk2000] kbd write addr=$C000 data=$01 cycles=1228426
[WARN] [tk2000] kbd read addr=$C010 kbOut=$01 matrix=00 00 00 00 00 00 00 00 -> $00 cycles=1228430
[WARN] [tk2000] kbd write addr=$C000 data=$02 cycles=1228540
[WARN] [tk2000] kbd read addr=$C010 kbOut=$02 matrix=00 00 00 00 00 00 00 00 -> $00 cycles=1228544
[WARN] [tk2000] kbd write addr=$C000 data=$04 cycles=1228654
[WARN] [tk2000] kbd read addr=$C010 kbOut=$04 matrix=00 00 00 00 00 00 00 00 -> $00 cycles=1228658
[WARN] [tk2000] kbd write addr=$C000 data=$08 cycles=1228768
[WARN] [tk2000] kbd read addr=$C010 kbOut=$08 matrix=00 00 00 00 00 00 00 00 -> $00 cycles=1228772
[WARN] [tk2000] kbd write addr=$C000 data=$10 cycles=1228882
[WARN] [tk2000] kbd read addr=$C010 kbOut=$10 matrix=00 00 00 00 00 00 00 00 -> $00 cycles=1228886
[WARN] [tk2000] kbd write addr=$C000 data=$20 cycles=1228996
[WARN] [tk2000] kbd read addr=$C010 kbOut=$20 matrix=00 00 00 00 00 00 00 00 -> $00 cycles=1229000
[WARN] [tk2000] kbd write addr=$C000 data=$40 cycles=1229110
[WARN] [tk2000] kbd read addr=$C010 kbOut=$40 matrix=00 00 00 00 00 00 00 00 -> $00 cycles=1229114
[WARN] [tk2000] kbd write addr=$C000 data=$80 cycles=1229224
[WARN] [tk2000] kbd read addr=$C010 kbOut=$80 matrix=00 00 00 00 00 00 00 00 -> $00 cycles=1229228
[WARN] [tk2000] kbd write addr=$C000 data=$00 cycles=1229350
[WARN] [tk2000] kbd write addr=$C000 data=$01 cycles=1229470
[WARN] [tk2000] kbd read addr=$C010 kbOut=$01 matrix=00 00 00 00 00 00 00 00 -> $00 cycles=1229474
[WARN] [tk2000] kbd write addr=$C000 data=$02 cycles=1229584
[WARN] [tk2000] kbd read addr=$C010 kbOut=$02 matrix=00 00 00 00 00 00 00 00 -> $00 cycles=1229588
[WARN] [tk2000] kbd write addr=$C000 data=$04 cycles=1229698
[WARN] [tk2000] kbd read addr=$C010 kbOut=$04 matrix=00 00 00 00 00 00 00 00 -> $00 cycles=1229702
[WARN] [tk2000] kbd write addr=$C000 data=$08 cycles=1229812
[WARN] [tk2000] kbd read addr=$C010 kbOut=$08 matrix=00 00 00 00 00 00 00 00 -> $00 cycles=1229816
[WARN] [tk2000] kbd write addr=$C000 data=$10 cycles=1229926
[WARN] [tk2000] kbd read addr=$C010 kbOut=$10 matrix=00 00 00 00 00 00 00 00 -> $00 cycles=1229930
[WARN] [tk2000] kbd write addr=$C000 data=$20 cycles=1230040
[WARN] [tk2000] kbd read addr=$C010 kbOut=$20 matrix=00 00 00 00 00 00 00 00 -> $00 cycles=1230044
[WARN] [tk2000] kbd write addr=$C000 data=$40 cycles=1230154
[WARN] [tk2000] kbd read addr=$C010 kbOut=$40 matrix=00 00 00 00 00 00 00 00 -> $00 cycles=1230158
[WARN] [tk2000] kbd write addr=$C000 data=$80 cycles=1230268
[WARN] [tk2000] kbd read addr=$C010 kbOut=$80 matrix=00 00 00 00 00 00 00 00 -> $00 cycles=1230272
[WARN] [tk2000] kbd write addr=$C000 data=$00 cycles=1230394
[WARN] [tk2000] kbd write addr=$C000 data=$01 cycles=1230514
[WARN] [tk2000] kbd read addr=$C010 kbOut=$01 matrix=00 00 00 00 00 00 00 00 -> $00 cycles=1230518
[WARN] [tk2000] kbd write addr=$C000 data=$02 cycles=1230628
[WARN] [tk2000] kbd read addr=$C010 kbOut=$02 matrix=00 00 00 00 00 00 00 00 -> $00 cycles=1230632
[WARN] [tk2000] kbd write addr=$C000 data=$04 cycles=1230742
[WARN] [tk2000] kbd read addr=$C010 kbOut=$04 matrix=00 00 00 00 00 00 00 00 -> $00 cycles=1230746
[WARN] [tk2000] kbd write addr=$C000 data=$08 cycles=1230856
[WARN] [tk2000] kbd read addr=$C010 kbOut=$08 matrix=00 00 00 00 00 00 00 00 -> $00 cycles=1230860
[WARN] [tk2000] kbd write addr=$C000 data=$10 cycles=1230970
[WARN] [tk2000] kbd read addr=$C010 kbOut=$10 matrix=00 00 00 00 00 00 00 00 -> $00 cycles=1230974
[WARN] [tk2000] kbd write addr=$C000 data=$20 cycles=1231084
[WARN] [tk2000] kbd read addr=$C010 kbOut=$20 matrix=00 00 00 00 00 00 00 00 -> $00 cycles=1231088
[WARN] [tk2000] kbd write addr=$C000 data=$40 cycles=1231198
[WARN] [tk2000] kbd read addr=$C010 kbOut=$40 matrix=00 00 00 00 00 00 00 00 -> $00 cycles=1231202
[WARN] [tk2000] kbd write addr=$C000 data=$80 cycles=1231312
[WARN] [tk2000] kbd read addr=$C010 kbOut=$80 matrix=00 00 00 00 00 00 00 00 -> $00 cycles=1231316
[WARN] [tk2000] kbd write addr=$C000 data=$00 cycles=1231438
[WARN] [tk2000] kbd write addr=$C000 data=$01 cycles=1231558
[WARN] [tk2000] kbd read addr=$C010 kbOut=$01 matrix=00 00 00 00 00 00 00 00 -> $00 cycles=1231562
[WARN] [tk2000] kbd write addr=$C000 data=$02 cycles=1231672
[WARN] [tk2000] kbd read addr=$C010 kbOut=$02 matrix=00 00 00 00 00 00 00 00 -> $00 cycles=1231676
[WARN] [tk2000] kbd write addr=$C000 data=$04 cycles=1231786
[WARN] [tk2000] kbd read addr=$C010 kbOut=$04 matrix=00 00 00 00 00 00 00 00 -> $00 cycles=1231790
[WARN] [tk2000] kbd write addr=$C000 data=$08 cycles=1231900
[WARN] [tk2000] kbd read addr=$C010 kbOut=$08 matrix=00 00 00 00 00 00 00 00 -> $00 cycles=1231904
[WARN] [tk2000] kbd write addr=$C000 data=$10 cycles=1232014
[WARN] [tk2000] kbd read addr=$C010 kbOut=$10 matrix=00 00 00 00 00 00 00 00 -> $00 cycles=1232018
[WARN] [tk2000] kbd write addr=$C000 data=$20 cycles=1232128
[WARN] [tk2000] kbd read addr=$C010 kbOut=$20 matrix=00 00 00 00 00 00 00 00 -> $00 cycles=1232132
[WARN] [tk2000] kbd write addr=$C000 data=$40 cycles=1232242
[WARN] [tk2000] kbd read addr=$C010 kbOut=$40 matrix=00 00 00 00 00 00 00 00 -> $00 cycles=1232246
[WARN] [tk2000] kbd write addr=$C000 data=$80 cycles=1232356
[WARN] [tk2000] kbd read addr=$C010 kbOut=$80 matrix=00 00 00 00 00 00 00 00 -> $00 cycles=1232360
[WARN] [tk2000] kbd write addr=$C000 data=$00 cycles=1232482
[WARN] [tk2000] kbd write addr=$C000 data=$01 cycles=1232602
[WARN] [tk2000] kbd read addr=$C010 kbOut=$01 matrix=00 00 00 00 00 00 00 00 -> $00 cycles=1232606
[WARN] [tk2000] kbd write addr=$C000 data=$02 cycles=1232716
[WARN] [tk2000] kbd read addr=$C010 kbOut=$02 matrix=00 00 00 00 00 00 00 00 -> $00 cycles=1232720
[WARN] [tk2000] kbd write addr=$C000 data=$04 cycles=1232830
[WARN] [tk2000] kbd read addr=$C010 kbOut=$04 matrix=00 00 00 00 00 00 00 00 -> $00 cycles=1232834
[WARN] [tk2000] kbd write addr=$C000 data=$08 cycles=1232944
[WARN] [tk2000] kbd read addr=$C010 kbOut=$08 matrix=00 00 00 00 00 00 00 00 -> $00 cycles=1232948
[WARN] [tk2000] kbd write addr=$C000 data=$10 cycles=1233058
[WARN] [tk2000] kbd read addr=$C010 kbOut=$10 matrix=00 00 00 00 00 00 00 00 -> $00 cycles=1233062
[WARN] [tk2000] kbd write addr=$C000 data=$20 cycles=1233172
[WARN] [tk2000] kbd read addr=$C010 kbOut=$20 matrix=00 00 00 00 00 00 00 00 -> $00 cycles=1233176
[WARN] [tk2000] kbd write addr=$C000 data=$40 cycles=1233286
[WARN] [tk2000] kbd read addr=$C010 kbOut=$40 matrix=00 00 00 00 00 00 00 00 -> $00 cycles=1233290
[WARN] [tk2000] kbd write addr=$C000 data=$80 cycles=1233400
[WARN] [tk2000] kbd read addr=$C010 kbOut=$80 matrix=00 00 00 00 00 00 00 00 -> $00 cycles=1233404
[WARN] [tk2000] kbd write addr=$C000 data=$00 cycles=1233526
[WARN] [tk2000] kbd write addr=$C000 data=$01 cycles=1233646
[WARN] [tk2000] kbd read addr=$C010 kbOut=$01 matrix=00 00 00 00 00 00 00 00 -> $00 cycles=1233650
[WARN] [tk2000] kbd write addr=$C000 data=$02 cycles=1233760
[WARN] [tk2000] kbd read addr=$C010 kbOut=$02 matrix=00 00 00 00 00 00 00 00 -> $00 cycles=1233764
[WARN] [tk2000] kbd write addr=$C000 data=$04 cycles=1233874
[WARN] [tk2000] kbd read addr=$C010 kbOut=$04 matrix=00 00 00 00 00 00 00 00 -> $00 cycles=1233878
[WARN] [tk2000] kbd write addr=$C000 data=$08 cycles=1233988
[WARN] [tk2000] kbd read addr=$C010 kbOut=$08 matrix=00 00 00 00 00 00 00 00 -> $00 cycles=1233992
[WARN] [tk2000] kbd write addr=$C000 data=$10 cycles=1234102
[WARN] [tk2000] kbd read addr=$C010 kbOut=$10 matrix=00 00 00 00 00 00 00 00 -> $00 cycles=1234106
[WARN] [tk2000] kbd write addr=$C000 data=$20 cycles=1234216
[WARN] [tk2000] kbd read addr=$C010 kbOut=$20 matrix=00 00 00 00 00 00 00 00 -> $00 cycles=1234220
[WARN] [tk2000] kbd write addr=$C000 data=$40 cycles=1234330
[WARN] [tk2000] kbd read addr=$C010 kbOut=$40 matrix=00 00 00 00 00 00 00 00 -> $00 cycles=1234334
[WARN] [tk2000] kbd write addr=$C000 data=$80 cycles=1234444
[WARN] [tk2000] kbd read addr=$C010 kbOut=$80 matrix=00 00 00 00 00 00 00 00 -> $00 cycles=1234448
[WARN] [tk2000] kbd write addr=$C000 data=$00 cycles=1234570
[WARN] [tk2000] kbd write addr=$C000 data=$01 cycles=1234690
[WARN] [tk2000] kbd read addr=$C010 kbOut=$01 matrix=00 00 00 00 00 00 00 00 -> $00 cycles=1234694
[WARN] [tk2000] kbd write addr=$C000 data=$02 cycles=1234804
[WARN] [tk2000] kbd read addr=$C010 kbOut=$02 matrix=00 00 00 00 00 00 00 00 -> $00 cycles=1234808
[WARN] [tk2000] kbd write addr=$C000 data=$04 cycles=1234918
[WARN] [tk2000] kbd read addr=$C010 kbOut=$04 matrix=00 00 00 00 00 00 00 00 -> $00 cycles=1234922
[WARN] [tk2000] kbd write addr=$C000 data=$08 cycles=1235032
[WARN] [tk2000] kbd read addr=$C010 kbOut=$08 matrix=00 00 00 00 00 00 00 00 -> $00 cycles=1235036
[WARN] [tk2000] kbd write addr=$C000 data=$10 cycles=1235146
[WARN] [tk2000] kbd read addr=$C010 kbOut=$10 matrix=00 00 00 00 00 00 00 00 -> $00 cycles=1235150
[WARN] [tk2000] kbd write addr=$C000 data=$20 cycles=1235260
[WARN] [tk2000] kbd read addr=$C010 kbOut=$20 matrix=00 00 00 00 00 00 00 00 -> $00 cycles=1235264
[WARN] [tk2000] kbd write addr=$C000 data=$40 cycles=1235374
[WARN] [tk2000] kbd read addr=$C010 kbOut=$40 matrix=00 00 00 00 00 00 00 00 -> $00 cycles=1235378
[WARN] [tk2000] kbd write addr=$C000 data=$80 cycles=1235488
[WARN] [tk2000] kbd read addr=$C010 kbOut=$80 matrix=00 00 00 00 00 00 00 00 -> $00 cycles=1235492
[WARN] [tk2000] kbd write addr=$C000 data=$00 cycles=1235614
[WARN] [tk2000] kbd write addr=$C000 data=$01 cycles=1235734
[WARN] [tk2000] kbd read addr=$C010 kbOut=$01 matrix=00 00 00 00 00 00 00 00 -> $00 cycles=1235738
[WARN] [tk2000] kbd write addr=$C000 data=$02 cycles=1235848
[WARN] [tk2000] kbd read addr=$C010 kbOut=$02 matrix=00 00 00 00 00 00 00 00 -> $00 cycles=1235852
[WARN] [tk2000] kbd write addr=$C000 data=$04 cycles=1235962
[WARN] [tk2000] kbd read addr=$C010 kbOut=$04 matrix=00 00 00 00 00 00 00 00 -> $00 cycles=1235966
[WARN] [tk2000] kbd write addr=$C000 data=$08 cycles=1236076
[WARN] [tk2000] kbd read addr=$C010 kbOut=$08 matrix=00 00 00 00 00 00 00 00 -> $00 cycles=1236080
[WARN] [tk2000] kbd write addr=$C000 data=$10 cycles=1236190
[WARN] [tk2000] kbd read addr=$C010 kbOut=$10 matrix=00 00 00 00 00 00 00 00 -> $00 cycles=1236194
[WARN] [tk2000] kbd write addr=$C000 data=$20 cycles=1236304
[WARN] [tk2000] kbd read addr=$C010 kbOut=$20 matrix=00 00 00 00 00 00 00 00 -> $00 cycles=1236308
[WARN] [tk2000] kbd write addr=$C000 data=$40 cycles=1236418
[WARN] [tk2000] kbd read addr=$C010 kbOut=$40 matrix=00 00 00 00 00 00 00 00 -> $00 cycles=1236422
[WARN] [tk2000] kbd write addr=$C000 data=$80 cycles=1236532
[WARN] [tk2000] kbd read addr=$C010 kbOut=$80 matrix=00 00 00 00 00 00 00 00 -> $00 cycles=1236536
[WARN] [tk2000] kbd write addr=$C000 data=$00 cycles=1236658
[WARN] [tk2000] kbd write addr=$C000 data=$01 cycles=1236778
[WARN] [tk2000] kbd read addr=$C010 kbOut=$01 matrix=00 00 00 00 00 00 00 00 -> $00 cycles=1236782
[WARN] [tk2000] kbd write addr=$C000 data=$02 cycles=1236892
[WARN] [tk2000] kbd read addr=$C010 kbOut=$02 matrix=00 00 00 00 00 00 00 00 -> $00 cycles=1236896
[WARN] [tk2000] kbd write addr=$C000 data=$04 cycles=1237006
[WARN] [tk2000] kbd read addr=$C010 kbOut=$04 matrix=00 00 00 00 00 00 00 00 -> $00 cycles=1237010
[WARN] [tk2000] kbd write addr=$C000 data=$08 cycles=1237120
[WARN] [tk2000] kbd read addr=$C010 kbOut=$08 matrix=00 00 00 00 00 00 00 00 -> $00 cycles=1237124
[WARN] [tk2000] kbd write addr=$C000 data=$10 cycles=1237234
[WARN] [tk2000] kbd read addr=$C010 kbOut=$10 matrix=00 00 00 00 00 00 00 00 -> $00 cycles=1237238
[WARN] [tk2000] kbd write addr=$C000 data=$20 cycles=1237348
[WARN] [tk2000] kbd read addr=$C010 kbOut=$20 matrix=00 00 00 00 00 00 00 00 -> $00 cycles=1237352
[WARN] [tk2000] kbd write addr=$C000 data=$40 cycles=1237462
[WARN] [tk2000] kbd read addr=$C010 kbOut=$40 matrix=00 00 00 00 00 00 00 00 -> $00 cycles=1237466
[WARN] [tk2000] kbd write addr=$C000 data=$80 cycles=1237576
[WARN] [tk2000] kbd read addr=$C010 kbOut=$80 matrix=00 00 00 00 00 00 00 00 -> $00 cycles=1237580
[WARN] [tk2000] kbd write addr=$C000 data=$00 cycles=1237702
[WARN] [tk2000] kbd write addr=$C000 data=$01 cycles=1237822
[WARN] [tk2000] kbd read addr=$C010 kbOut=$01 matrix=00 00 00 00 00 00 00 00 -> $00 cycles=1237826
[WARN] [tk2000] kbd write addr=$C000 data=$02 cycles=1237936
[WARN] [tk2000] kbd read addr=$C010 kbOut=$02 matrix=00 00 00 00 00 00 00 00 -> $00 cycles=1237940
[WARN] [tk2000] kbd write addr=$C000 data=$04 cycles=1238050
[WARN] [tk2000] kbd read addr=$C010 kbOut=$04 matrix=00 00 00 00 00 00 00 00 -> $00 cycles=1238054
[WARN] [tk2000] kbd write addr=$C000 data=$08 cycles=1238164
[WARN] [tk2000] kbd read addr=$C010 kbOut=$08 matrix=00 00 00 00 00 00 00 00 -> $00 cycles=1238168
[WARN] [tk2000] kbd write addr=$C000 data=$10 cycles=1238278
[WARN] [tk2000] kbd read addr=$C010 kbOut=$10 matrix=00 00 00 00 00 00 00 00 -> $00 cycles=1238282
[WARN] [tk2000] kbd write addr=$C000 data=$20 cycles=1238392
[WARN] [tk2000] kbd read addr=$C010 kbOut=$20 matrix=00 00 00 00 00 00 00 00 -> $00 cycles=1238396
[WARN] [tk2000] kbd write addr=$C000 data=$40 cycles=1238506
[WARN] [tk2000] kbd read addr=$C010 kbOut=$40 matrix=00 00 00 00 00 00 00 00 -> $00 cycles=1238510
[WARN] [tk2000] kbd write addr=$C000 data=$80 cycles=1238620
[WARN] [tk2000] kbd read addr=$C010 kbOut=$80 matrix=00 00 00 00 00 00 00 00 -> $00 cycles=1238624
[WARN] [tk2000] kbd write addr=$C000 data=$00 cycles=1238746
[WARN] [tk2000] kbd write addr=$C000 data=$01 cycles=1238866
[WARN] [tk2000] kbd read addr=$C010 kbOut=$01 matrix=00 00 00 00 00 00 00 00 -> $00 cycles=1238870
[WARN] [tk2000] kbd write addr=$C000 data=$02 cycles=1238980
[WARN] [tk2000] kbd read addr=$C010 kbOut=$02 matrix=00 00 00 00 00 00 00 00 -> $00 cycles=1238984
[WARN] [tk2000] kbd write addr=$C000 data=$04 cycles=1239094
[WARN] [tk2000] kbd read addr=$C010 kbOut=$04 matrix=00 00 00 00 00 00 00 00 -> $00 cycles=1239098
[WARN] [tk2000] kbd write addr=$C000 data=$08 cycles=1239208
[WARN] [tk2000] kbd read addr=$C010 kbOut=$08 matrix=00 00 00 00 00 00 00 00 -> $00 cycles=1239212
[WARN] [tk2000] kbd write addr=$C000 data=$10 cycles=1239322
[WARN] [tk2000] kbd read addr=$C010 kbOut=$10 matrix=00 00 00 00 00 00 00 00 -> $00 cycles=1239326
[WARN] [tk2000] kbd write addr=$C000 data=$20 cycles=1239436
[WARN] [tk2000] kbd read addr=$C010 kbOut=$20 matrix=00 00 00 00 00 00 00 00 -> $00 cycles=1239440
[WARN] [tk2000] kbd write addr=$C000 data=$40 cycles=1239550
[WARN] [tk2000] kbd read addr=$C010 kbOut=$40 matrix=00 00 00 00 00 00 00 00 -> $00 cycles=1239554
[WARN] [tk2000] kbd write addr=$C000 data=$80 cycles=1239664
[WARN] [tk2000] kbd read addr=$C010 kbOut=$80 matrix=00 00 00 00 00 00 00 00 -> $00 cycles=1239668
[WARN] [tk2000] kbd write addr=$C000 data=$00 cycles=1239790
[WARN] [tk2000] kbd write addr=$C000 data=$01 cycles=1239914
[WARN] [tk2000] kbd read addr=$C010 kbOut=$01 matrix=00 00 00 00 00 00 00 00 -> $00 cycles=1239918
[WARN] [tk2000] kbd write addr=$C000 data=$02 cycles=1240028
[WARN] [tk2000] kbd read addr=$C010 kbOut=$02 matrix=00 00 00 00 00 00 00 00 -> $00 cycles=1240032
[WARN] [tk2000] kbd write addr=$C000 data=$04 cycles=1240142
[WARN] [tk2000] kbd read addr=$C010 kbOut=$04 matrix=00 00 00 00 00 00 00 00 -> $00 cycles=1240146
[WARN] [tk2000] kbd write addr=$C000 data=$08 cycles=1240256
[WARN] [tk2000] kbd read addr=$C010 kbOut=$08 matrix=00 00 00 00 00 00 00 00 -> $00 cycles=1240260
[WARN] [tk2000] kbd write addr=$C000 data=$10 cycles=1240370
[WARN] [tk2000] kbd read addr=$C010 kbOut=$10 matrix=00 00 00 00 00 00 00 00 -> $00 cycles=1240374
[WARN] [tk2000] kbd write addr=$C000 data=$20 cycles=1240484
[WARN] [tk2000] kbd read addr=$C010 kbOut=$20 matrix=00 00 00 00 00 00 00 00 -> $00 cycles=1240488
[WARN] [tk2000] kbd write addr=$C000 data=$40 cycles=1240598
[WARN] [tk2000] kbd read addr=$C010 kbOut=$40 matrix=00 00 00 00 00 00 00 00 -> $00 cycles=1240602
[WARN] [tk2000] kbd write addr=$C000 data=$80 cycles=1240712
[WARN] [tk2000] kbd read addr=$C010 kbOut=$80 matrix=00 00 00 00 00 00 00 00 -> $00 cycles=1240716
[WARN] [tk2000] kbd write addr=$C000 data=$00 cycles=1240838
[WARN] [tk2000] kbd write addr=$C000 data=$01 cycles=1240958
[WARN] [tk2000] kbd read addr=$C010 kbOut=$01 matrix=00 00 00 00 00 00 00 00 -> $00 cycles=1240962
[WARN] [tk2000] kbd write addr=$C000 data=$02 cycles=1241072
[WARN] [tk2000] kbd read addr=$C010 kbOut=$02 matrix=00 00 00 00 00 00 00 00 -> $00 cycles=1241076
[WARN] [tk2000] kbd write addr=$C000 data=$04 cycles=1241186
[WARN] [tk2000] kbd read addr=$C010 kbOut=$04 matrix=00 00 00 00 00 00 00 00 -> $00 cycles=1241190
[WARN] [tk2000] kbd write addr=$C000 data=$08 cycles=1241300
[WARN] [tk2000] kbd read addr=$C010 kbOut=$08 matrix=00 00 00 00 00 00 00 00 -> $00 cycles=1241304
[WARN] [tk2000] kbd write addr=$C000 data=$10 cycles=1241414
[WARN] [tk2000] kbd read addr=$C010 kbOut=$10 matrix=00 00 00 00 00 00 00 00 -> $00 cycles=1241418
[WARN] [tk2000] kbd write addr=$C000 data=$20 cycles=1241528
[WARN] [tk2000] kbd read addr=$C010 kbOut=$20 matrix=00 00 00 00 00 00 00 00 -> $00 cycles=1241532
[WARN] [tk2000] kbd write addr=$C000 data=$40 cycles=1241642
[WARN] [tk2000] kbd read addr=$C010 kbOut=$40 matrix=00 00 00 00 00 00 00 00 -> $00 cycles=1241646
[WARN] [tk2000] kbd write addr=$C000 data=$80 cycles=1241756
[WARN] [tk2000] kbd read addr=$C010 kbOut=$80 matrix=00 00 00 00 00 00 00 00 -> $00 cycles=1241760
[WARN] [tk2000] kbd write addr=$C000 data=$00 cycles=1241882
[WARN] [tk2000] kbd write addr=$C000 data=$01 cycles=1242002
[WARN] [tk2000] kbd read addr=$C010 kbOut=$01 matrix=00 00 00 00 00 00 00 00 -> $00 cycles=1242006
[WARN] [tk2000] kbd write addr=$C000 data=$02 cycles=1242116
[WARN] [tk2000] kbd read addr=$C010 kbOut=$02 matrix=00 00 00 00 00 00 00 00 -> $00 cycles=1242120
[WARN] [tk2000] kbd write addr=$C000 data=$04 cycles=1242230
[WARN] [tk2000] kbd read addr=$C010 kbOut=$04 matrix=00 00 00 00 00 00 00 00 -> $00 cycles=1242234
[WARN] [tk2000] kbd write addr=$C000 data=$08 cycles=1242344
[WARN] [tk2000] kbd read addr=$C010 kbOut=$08 matrix=00 00 00 00 00 00 00 00 -> $00 cycles=1242348
[WARN] [tk2000] kbd write addr=$C000 data=$10 cycles=1242458
[WARN] [tk2000] kbd read addr=$C010 kbOut=$10 matrix=00 00 00 00 00 00 00 00 -> $00 cycles=1242462
[WARN] [tk2000] kbd write addr=$C000 data=$20 cycles=1242572
[WARN] [tk2000] kbd read addr=$C010 kbOut=$20 matrix=00 00 00 00 00 00 00 00 -> $00 cycles=1242576
[WARN] [tk2000] kbd write addr=$C000 data=$40 cycles=1242686
[WARN] [tk2000] kbd read addr=$C010 kbOut=$40 matrix=00 00 00 00 00 00 00 00 -> $00 cycles=1242690
[WARN] [tk2000] kbd write addr=$C000 data=$80 cycles=1242800
[WARN] [tk2000] kbd read addr=$C010 kbOut=$80 matrix=00 00 00 00 00 00 00 00 -> $00 cycles=1242804
[WARN] [tk2000] kbd write addr=$C000 data=$00 cycles=1242926
[WARN] [tk2000] kbd write addr=$C000 data=$01 cycles=1243046
[WARN] [tk2000] kbd read addr=$C010 kbOut=$01 matrix=00 00 00 00 00 00 00 00 -> $00 cycles=1243050
[WARN] [tk2000] kbd write addr=$C000 data=$02 cycles=1243160
[WARN] [tk2000] kbd read addr=$C010 kbOut=$02 matrix=00 00 00 00 00 00 00 00 -> $00 cycles=1243164
[WARN] [tk2000] kbd write addr=$C000 data=$04 cycles=1243274
[WARN] [tk2000] kbd read addr=$C010 kbOut=$04 matrix=00 00 00 00 00 00 00 00 -> $00 cycles=1243278
[WARN] [tk2000] kbd write addr=$C000 data=$08 cycles=1243388
[WARN] [tk2000] kbd read addr=$C010 kbOut=$08 matrix=00 00 00 00 00 00 00 00 -> $00 cycles=1243392
[WARN] [tk2000] kbd write addr=$C000 data=$10 cycles=1243502
[WARN] [tk2000] kbd read addr=$C010 kbOut=$10 matrix=00 00 00 00 00 00 00 00 -> $00 cycles=1243506
[WARN] [tk2000] kbd write addr=$C000 data=$20 cycles=1243616
[WARN] [tk2000] kbd read addr=$C010 kbOut=$20 matrix=00 00 00 00 00 00 00 00 -> $00 cycles=1243620
[WARN] [tk2000] kbd write addr=$C000 data=$40 cycles=1243730
[WARN] [tk2000] kbd read addr=$C010 kbOut=$40 matrix=00 00 00 00 00 00 00 00 -> $00 cycles=1243734
[WARN] [tk2000] kbd write addr=$C000 data=$80 cycles=1243844
[WARN] [tk2000] kbd read addr=$C010 kbOut=$80 matrix=00 00 00 00 00 00 00 00 -> $00 cycles=1243848
[WARN] [tk2000] kbd write addr=$C000 data=$00 cycles=1243970
[WARN] [tk2000] kbd write addr=$C000 data=$01 cycles=1244090
[WARN] [tk2000] kbd read addr=$C010 kbOut=$01 matrix=00 00 00 00 00 00 00 00 -> $00 cycles=1244094
[WARN] [tk2000] kbd write addr=$C000 data=$02 cycles=1244204
[WARN] [tk2000] kbd read addr=$C010 kbOut=$02 matrix=00 00 00 00 00 00 00 00 -> $00 cycles=1244208
[WARN] [tk2000] kbd write addr=$C000 data=$04 cycles=1244318
[WARN] [tk2000] kbd read addr=$C010 kbOut=$04 matrix=00 00 00 00 00 00 00 00 -> $00 cycles=1244322
[WARN] [tk2000] kbd write addr=$C000 data=$08 cycles=1244432
[WARN] [tk2000] kbd read addr=$C010 kbOut=$08 matrix=00 00 00 00 00 00 00 00 -> $00 cycles=1244436
[WARN] [tk2000] kbd write addr=$C000 data=$10 cycles=1244546
[WARN] [tk2000] kbd read addr=$C010 kbOut=$10 matrix=00 00 00 00 00 00 00 00 -> $00 cycles=1244550
[WARN] [tk2000] kbd write addr=$C000 data=$20 cycles=1244660
[WARN] [tk2000] kbd read addr=$C010 kbOut=$20 matrix=00 00 00 00 00 00 00 00 -> $00 cycles=1244664
[WARN] [tk2000] kbd write addr=$C000 data=$40 cycles=1244774
[WARN] [tk2000] kbd read addr=$C010 kbOut=$40 matrix=00 00 00 00 00 00 00 00 -> $00 cycles=1244778
[WARN] [tk2000] kbd write addr=$C000 data=$80 cycles=1244888
[WARN] [tk2000] kbd read addr=$C010 kbOut=$80 matrix=00 00 00 00 00 00 00 00 -> $00 cycles=1244892
[WARN] [tk2000] kbd write addr=$C000 data=$00 cycles=1245014
[WARN] [tk2000] kbd write addr=$C000 data=$01 cycles=1245134
[WARN] [tk2000] kbd read addr=$C010 kbOut=$01 matrix=00 00 00 00 00 00 00 00 -> $00 cycles=1245138
[WARN] [tk2000] kbd write addr=$C000 data=$02 cycles=1245248
[WARN] [tk2000] kbd read addr=$C010 kbOut=$02 matrix=00 00 00 00 00 00 00 00 -> $00 cycles=1245252
[WARN] [tk2000] kbd write addr=$C000 data=$04 cycles=1245362
[WARN] [tk2000] kbd read addr=$C010 kbOut=$04 matrix=00 00 00 00 00 00 00 00 -> $00 cycles=1245366
[WARN] [tk2000] kbd write addr=$C000 data=$08 cycles=1245476
[WARN] [tk2000] kbd read addr=$C010 kbOut=$08 matrix=00 00 00 00 00 00 00 00 -> $00 cycles=1245480
[WARN] [tk2000] kbd write addr=$C000 data=$10 cycles=1245590
[WARN] [tk2000] kbd read addr=$C010 kbOut=$10 matrix=00 00 00 00 00 00 00 00 -> $00 cycles=1245594
[WARN] [tk2000] kbd write addr=$C000 data=$20 cycles=1245704
[WARN] [tk2000] kbd read addr=$C010 kbOut=$20 matrix=00 00 00 00 00 00 00 00 -> $00 cycles=1245708
[WARN] [tk2000] kbd write addr=$C000 data=$40 cycles=1245818
[WARN] [tk2000] kbd read addr=$C010 kbOut=$40 matrix=00 00 00 00 00 00 00 00 -> $00 cycles=1245822
[WARN] [tk2000] kbd write addr=$C000 data=$80 cycles=1245932
[WARN] [tk2000] kbd read addr=$C010 kbOut=$80 matrix=00 00 00 00 00 00 00 00 -> $00 cycles=1245936
[WARN] [tk2000] kbd write addr=$C000 data=$00 cycles=1246058
[WARN] [tk2000] kbd write addr=$C000 data=$01 cycles=1246178
[WARN] [tk2000] kbd read addr=$C010 kbOut=$01 matrix=00 00 00 00 00 00 00 00 -> $00 cycles=1246182
[WARN] [tk2000] kbd write addr=$C000 data=$02 cycles=1246292
[WARN] [tk2000] kbd read addr=$C010 kbOut=$02 matrix=00 00 00 00 00 00 00 00 -> $00 cycles=1246296
[WARN] [tk2000] kbd write addr=$C000 data=$04 cycles=1246406
[WARN] [tk2000] kbd read addr=$C010 kbOut=$04 matrix=00 00 00 00 00 00 00 00 -> $00 cycles=1246410
[WARN] [tk2000] kbd write addr=$C000 data=$08 cycles=1246520
[WARN] [tk2000] kbd read addr=$C010 kbOut=$08 matrix=00 00 00 00 00 00 00 00 -> $00 cycles=1246524
[WARN] [tk2000] kbd write addr=$C000 data=$10 cycles=1246634
[WARN] [tk2000] kbd read addr=$C010 kbOut=$10 matrix=00 00 00 00 00 00 00 00 -> $00 cycles=1246638
[WARN] [tk2000] kbd write addr=$C000 data=$20 cycles=1246748
[WARN] [tk2000] kbd read addr=$C010 kbOut=$20 matrix=00 00 00 00 00 00 00 00 -> $00 cycles=1246752
[WARN] [tk2000] kbd write addr=$C000 data=$40 cycles=1246862
[WARN] [tk2000] kbd read addr=$C010 kbOut=$40 matrix=00 00 00 00 00 00 00 00 -> $00 cycles=1246866
[WARN] [tk2000] kbd write addr=$C000 data=$80 cycles=1246976
[WARN] [tk2000] kbd read addr=$C010 kbOut=$80 matrix=00 00 00 00 00 00 00 00 -> $00 cycles=1246980
[WARN] [tk2000] kbd write addr=$C000 data=$00 cycles=1247102
[WARN] [tk2000] kbd write addr=$C000 data=$01 cycles=1247222
[WARN] [tk2000] kbd read addr=$C010 kbOut=$01 matrix=00 00 00 00 00 00 00 00 -> $00 cycles=1247226
[WARN] [tk2000] kbd write addr=$C000 data=$02 cycles=1247336
[WARN] [tk2000] kbd read addr=$C010 kbOut=$02 matrix=00 00 00 00 00 00 00 00 -> $00 cycles=1247340
[WARN] [tk2000] kbd write addr=$C000 data=$04 cycles=1247450
[WARN] [tk2000] kbd read addr=$C010 kbOut=$04 matrix=00 00 00 00 00 00 00 00 -> $00 cycles=1247454
[WARN] [tk2000] kbd write addr=$C000 data=$08 cycles=1247564
[WARN] [tk2000] kbd read addr=$C010 kbOut=$08 matrix=00 00 00 00 00 00 00 00 -> $00 cycles=1247568
[WARN] [tk2000] kbd write addr=$C000 data=$10 cycles=1247678
[WARN] [tk2000] kbd read addr=$C010 kbOut=$10 matrix=00 00 00 00 00 00 00 00 -> $00 cycles=1247682
[WARN] [tk2000] kbd write addr=$C000 data=$20 cycles=1247792
[WARN] [tk2000] kbd read addr=$C010 kbOut=$20 matrix=00 00 00 00 00 00 00 00 -> $00 cycles=1247796
[WARN] [tk2000] kbd write addr=$C000 data=$40 cycles=1247906
[WARN] [tk2000] kbd read addr=$C010 kbOut=$40 matrix=00 00 00 00 00 00 00 00 -> $00 cycles=1247910
[WARN] [tk2000] kbd write addr=$C000 data=$80 cycles=1248020
[WARN] [tk2000] kbd read addr=$C010 kbOut=$80 matrix=00 00 00 00 00 00 00 00 -> $00 cycles=1248024
[WARN] [tk2000] kbd write addr=$C000 data=$00 cycles=1248146
[WARN] [tk2000] kbd write addr=$C000 data=$01 cycles=1248266
[WARN] [tk2000] kbd read addr=$C010 kbOut=$01 matrix=00 00 00 00 00 00 00 00 -> $00 cycles=1248270
[WARN] [tk2000] kbd write addr=$C000 data=$02 cycles=1248380
[WARN] [tk2000] kbd read addr=$C010 kbOut=$02 matrix=00 00 00 00 00 00 00 00 -> $00 cycles=1248384
[WARN] [tk2000] kbd write addr=$C000 data=$04 cycles=1248494
[WARN] [tk2000] kbd read addr=$C010 kbOut=$04 matrix=00 00 00 00 00 00 00 00 -> $00 cycles=1248498
[WARN] [tk2000] kbd write addr=$C000 data=$08 cycles=1248608
[WARN] [tk2000] kbd read addr=$C010 kbOut=$08 matrix=00 00 00 00 00 00 00 00 -> $00 cycles=1248612
[WARN] [tk2000] kbd write addr=$C000 data=$10 cycles=1248722
[WARN] [tk2000] kbd read addr=$C010 kbOut=$10 matrix=00 00 00 00 00 00 00 00 -> $00 cycles=1248726
[WARN] [tk2000] kbd write addr=$C000 data=$20 cycles=1248836
[WARN] [tk2000] kbd read addr=$C010 kbOut=$20 matrix=00 00 00 00 00 00 00 00 -> $00 cycles=1248840
[WARN] [tk2000] kbd write addr=$C000 data=$40 cycles=1248950
[WARN] [tk2000] kbd read addr=$C010 kbOut=$40 matrix=00 00 00 00 00 00 00 00 -> $00 cycles=1248954
[WARN] [tk2000] kbd write addr=$C000 data=$80 cycles=1249064
[WARN] [tk2000] kbd read addr=$C010 kbOut=$80 matrix=00 00 00 00 00 00 00 00 -> $00 cycles=1249068
[WARN] [tk2000] kbd write addr=$C000 data=$00 cycles=1249190
[WARN] [tk2000] kbd write addr=$C000 data=$01 cycles=1249310
[WARN] [tk2000] kbd read addr=$C010 kbOut=$01 matrix=00 00 00 00 00 00 00 00 -> $00 cycles=1249314
[WARN] [tk2000] kbd write addr=$C000 data=$02 cycles=1249424
[WARN] [tk2000] kbd read addr=$C010 kbOut=$02 matrix=00 00 00 00 00 00 00 00 -> $00 cycles=1249428
[WARN] [tk2000] kbd write addr=$C000 data=$04 cycles=1249538
[WARN] [tk2000] kbd read addr=$C010 kbOut=$04 matrix=00 00 00 00 00 00 00 00 -> $00 cycles=1249542
[WARN] [tk2000] kbd write addr=$C000 data=$08 cycles=1249652
[WARN] [tk2000] kbd read addr=$C010 kbOut=$08 matrix=00 00 00 00 00 00 00 00 -> $00 cycles=1249656
[WARN] [tk2000] kbd write addr=$C000 data=$10 cycles=1249766
[WARN] [tk2000] kbd read addr=$C010 kbOut=$10 matrix=00 00 00 00 00 00 00 00 -> $00 cycles=1249770
[WARN] [tk2000] kbd write addr=$C000 data=$20 cycles=1249880
[WARN] [tk2000] kbd read addr=$C010 kbOut=$20 matrix=00 00 00 00 00 00 00 00 -> $00 cycles=1249884
[WARN] [tk2000] kbd write addr=$C000 data=$40 cycles=1249994
[WARN] [tk2000] kbd read addr=$C010 kbOut=$40 matrix=00 00 00 00 00 00 00 00 -> $00 cycles=1249998
[WARN] [tk2000] kbd write addr=$C000 data=$80 cycles=1250108
[WARN] [tk2000] kbd read addr=$C010 kbOut=$80 matrix=00 00 00 00 00 00 00 00 -> $00 cycles=1250112
[WARN] [tk2000] kbd write addr=$C000 data=$00 cycles=1250234
[WARN] [tk2000] kbd write addr=$C000 data=$01 cycles=1250354
[WARN] [tk2000] kbd read addr=$C010 kbOut=$01 matrix=00 00 00 00 00 00 00 00 -> $00 cycles=1250358
[WARN] [tk2000] kbd write addr=$C000 data=$02 cycles=1250468
[WARN] [tk2000] kbd read addr=$C010 kbOut=$02 matrix=00 00 00 00 00 00 00 00 -> $00 cycles=1250472
[WARN] [tk2000] kbd write addr=$C000 data=$04 cycles=1250582
[WARN] [tk2000] kbd read addr=$C010 kbOut=$04 matrix=00 00 00 00 00 00 00 00 -> $00 cycles=1250586
[WARN] [tk2000] kbd write addr=$C000 data=$08 cycles=1250696
[WARN] [tk2000] kbd read addr=$C010 kbOut=$08 matrix=00 00 00 00 00 00 00 00 -> $00 cycles=1250700
[WARN] [tk2000] kbd write addr=$C000 data=$10 cycles=1250810
[WARN] [tk2000] kbd read addr=$C010 kbOut=$10 matrix=00 00 00 00 00 00 00 00 -> $00 cycles=1250814
[WARN] [tk2000] kbd write addr=$C000 data=$20 cycles=1250924
[WARN] [tk2000] kbd read addr=$C010 kbOut=$20 matrix=00 00 00 00 00 00 00 00 -> $00 cycles=1250928
[WARN] [tk2000] kbd write addr=$C000 data=$40 cycles=1251038
[WARN] [tk2000] kbd read addr=$C010 kbOut=$40 matrix=00 00 00 00 00 00 00 00 -> $00 cycles=1251042
[WARN] [tk2000] kbd write addr=$C000 data=$80 cycles=1251152
[WARN] [tk2000] kbd read addr=$C010 kbOut=$80 matrix=00 00 00 00 00 00 00 00 -> $00 cycles=1251156
[WARN] [tk2000] kbd write addr=$C000 data=$00 cycles=1251278
[WARN] [tk2000] kbd write addr=$C000 data=$01 cycles=1251398
[WARN] [tk2000] kbd read addr=$C010 kbOut=$01 matrix=00 00 00 00 00 00 00 00 -> $00 cycles=1251402
[WARN] [tk2000] kbd write addr=$C000 data=$02 cycles=1251512
[WARN] [tk2000] kbd read addr=$C010 kbOut=$02 matrix=00 00 00 00 00 00 00 00 -> $00 cycles=1251516
[WARN] [tk2000] kbd write addr=$C000 data=$04 cycles=1251626
[WARN] [tk2000] kbd read addr=$C010 kbOut=$04 matrix=00 00 00 00 00 00 00 00 -> $00 cycles=1251630
[WARN] [tk2000] kbd write addr=$C000 data=$08 cycles=1251740
[WARN] [tk2000] kbd read addr=$C010 kbOut=$08 matrix=00 00 00 00 00 00 00 00 -> $00 cycles=1251744
[WARN] [tk2000] kbd write addr=$C000 data=$10 cycles=1251854
[WARN] [tk2000] kbd read addr=$C010 kbOut=$10 matrix=00 00 00 00 00 00 00 00 -> $00 cycles=1251858
[WARN] [tk2000] kbd write addr=$C000 data=$20 cycles=1251968
[WARN] [tk2000] kbd read addr=$C010 kbOut=$20 matrix=00 00 00 00 00 00 00 00 -> $00 cycles=1251972
[WARN] [tk2000] kbd write addr=$C000 data=$40 cycles=1252082
[WARN] [tk2000] kbd read addr=$C010 kbOut=$40 matrix=00 00 00 00 00 00 00 00 -> $00 cycles=1252086
[WARN] [tk2000] kbd write addr=$C000 data=$80 cycles=1252196
[WARN] [tk2000] kbd read addr=$C010 kbOut=$80 matrix=00 00 00 00 00 00 00 00 -> $00 cycles=1252200
[WARN] [tk2000] kbd write addr=$C000 data=$00 cycles=1252322
[WARN] [tk2000] kbd write addr=$C000 data=$01 cycles=1252442
[WARN] [tk2000] kbd read addr=$C010 kbOut=$01 matrix=00 00 00 00 00 00 00 00 -> $00 cycles=1252446
[WARN] [tk2000] kbd write addr=$C000 data=$02 cycles=1252556
[WARN] [tk2000] kbd read addr=$C010 kbOut=$02 matrix=00 00 00 00 00 00 00 00 -> $00 cycles=1252560
[WARN] [tk2000] kbd write addr=$C000 data=$04 cycles=1252670
[WARN] [tk2000] kbd read addr=$C010 kbOut=$04 matrix=00 00 00 00 00 00 00 00 -> $00 cycles=1252674
[WARN] [tk2000] kbd write addr=$C000 data=$08 cycles=1252784
[WARN] [tk2000] kbd read addr=$C010 kbOut=$08 matrix=00 00 00 00 00 00 00 00 -> $00 cycles=1252788
[WARN] [tk2000] kbd write addr=$C000 data=$10 cycles=1252898
[WARN] [tk2000] kbd read addr=$C010 kbOut=$10 matrix=00 00 00 00 00 00 00 00 -> $00 cycles=1252902
[WARN] [tk2000] kbd write addr=$C000 data=$20 cycles=1253012
[WARN] [tk2000] kbd read addr=$C010 kbOut=$20 matrix=00 00 00 00 00 00 00 00 -> $00 cycles=1253016
[WARN] [tk2000] kbd write addr=$C000 data=$40 cycles=1253126
[WARN] [tk2000] kbd read addr=$C010 kbOut=$40 matrix=00 00 00 00 00 00 00 00 -> $00 cycles=1253130
[WARN] [tk2000] kbd write addr=$C000 data=$80 cycles=1253240
[WARN] [tk2000] kbd read addr=$C010 kbOut=$80 matrix=00 00 00 00 00 00 00 00 -> $00 cycles=1253244
[WARN] [tk2000] kbd write addr=$C000 data=$00 cycles=1253366
[WARN] [tk2000] kbd write addr=$C000 data=$01 cycles=1253486
[WARN] [tk2000] kbd read addr=$C010 kbOut=$01 matrix=00 00 00 00 00 00 00 00 -> $00 cycles=1253490
[WARN] [tk2000] kbd write addr=$C000 data=$02 cycles=1253600
[WARN] [tk2000] kbd read addr=$C010 kbOut=$02 matrix=00 00 00 00 00 00 00 00 -> $00 cycles=1253604
[WARN] [tk2000] kbd write addr=$C000 data=$04 cycles=1253714
[WARN] [tk2000] kbd read addr=$C010 kbOut=$04 matrix=00 00 00 00 00 00 00 00 -> $00 cycles=1253718
[WARN] [tk2000] kbd write addr=$C000 data=$08 cycles=1253828
[WARN] [tk2000] kbd read addr=$C010 kbOut=$08 matrix=00 00 00 00 00 00 00 00 -> $00 cycles=1253832
[WARN] [tk2000] kbd write addr=$C000 data=$10 cycles=1253942
[WARN] [tk2000] kbd read addr=$C010 kbOut=$10 matrix=00 00 00 00 00 00 00 00 -> $00 cycles=1253946
[WARN] [tk2000] kbd write addr=$C000 data=$20 cycles=1254056
[WARN] [tk2000] kbd read addr=$C010 kbOut=$20 matrix=00 00 00 00 00 00 00 00 -> $00 cycles=1254060
[WARN] [tk2000] kbd write addr=$C000 data=$40 cycles=1254170
[WARN] [tk2000] kbd read addr=$C010 kbOut=$40 matrix=00 00 00 00 00 00 00 00 -> $00 cycles=1254174
[WARN] [tk2000] kbd write addr=$C000 data=$80 cycles=1254284
[WARN] [tk2000] kbd read addr=$C010 kbOut=$80 matrix=00 00 00 00 00 00 00 00 -> $00 cycles=1254288
[WARN] [tk2000] kbd write addr=$C000 data=$00 cycles=1254410
[WARN] [tk2000] kbd write addr=$C000 data=$01 cycles=1254530
[WARN] [tk2000] kbd read addr=$C010 kbOut=$01 matrix=00 00 00 00 00 00 00 00 -> $00 cycles=1254534
[WARN] [tk2000] kbd write addr=$C000 data=$02 cycles=1254644
[WARN] [tk2000] kbd read addr=$C010 kbOut=$02 matrix=00 00 00 00 00 00 00 00 -> $00 cycles=1254648
[WARN] [tk2000] kbd write addr=$C000 data=$04 cycles=1254758
[WARN] [tk2000] kbd read addr=$C010 kbOut=$04 matrix=00 00 00 00 00 00 00 00 -> $00 cycles=1254762
[WARN] [tk2000] kbd write addr=$C000 data=$08 cycles=1254872
[WARN] [tk2000] kbd read addr=$C010 kbOut=$08 matrix=00 00 00 00 00 00 00 00 -> $00 cycles=1254876
[WARN] [tk2000] kbd write addr=$C000 data=$10 cycles=1254986
[WARN] [tk2000] kbd read addr=$C010 kbOut=$10 matrix=00 00 00 00 00 00 00 00 -> $00 cycles=1254990
[WARN] [tk2000] kbd write addr=$C000 data=$20 cycles=1255100
[WARN] [tk2000] kbd read addr=$C010 kbOut=$20 matrix=00 00 00 00 00 00 00 00 -> $00 cycles=1255104
[WARN] [tk2000] kbd write addr=$C000 data=$40 cycles=1255214
[WARN] [tk2000] kbd read addr=$C010 kbOut=$40 matrix=00 00 00 00 00 00 00 00 -> $00 cycles=1255218
[WARN] [tk2000] kbd write addr=$C000 data=$80 cycles=1255328
[WARN] [tk2000] kbd read addr=$C010 kbOut=$80 matrix=00 00 00 00 00 00 00 00 -> $00 cycles=1255332
[WARN] [tk2000] kbd write addr=$C000 data=$00 cycles=1255454
[WARN] [tk2000] kbd write addr=$C000 data=$01 cycles=1255574
[WARN] [tk2000] kbd read addr=$C010 kbOut=$01 matrix=00 00 00 00 00 00 00 00 -> $00 cycles=1255578
[WARN] [tk2000] kbd write addr=$C000 data=$02 cycles=1255688
[WARN] [tk2000] kbd read addr=$C010 kbOut=$02 matrix=00 00 00 00 00 00 00 00 -> $00 cycles=1255692
[WARN] [tk2000] kbd write addr=$C000 data=$04 cycles=1255802
[WARN] [tk2000] kbd read addr=$C010 kbOut=$04 matrix=00 00 00 00 00 00 00 00 -> $00 cycles=1255806
[WARN] [tk2000] kbd write addr=$C000 data=$08 cycles=1255916
[WARN] [tk2000] kbd read addr=$C010 kbOut=$08 matrix=00 00 00 00 00 00 00 00 -> $00 cycles=1255920
[WARN] [tk2000] kbd write addr=$C000 data=$10 cycles=1256030
[WARN] [tk2000] kbd read addr=$C010 kbOut=$10 matrix=00 00 00 00 00 00 00 00 -> $00 cycles=1256034
[WARN] [tk2000] kbd write addr=$C000 data=$20 cycles=1256144
[WARN] [tk2000] kbd read addr=$C010 kbOut=$20 matrix=00 00 00 00 00 00 00 00 -> $00 cycles=1256148
[WARN] [tk2000] kbd write addr=$C000 data=$40 cycles=1256258
[WARN] [tk2000] kbd read addr=$C010 kbOut=$40 matrix=00 00 00 00 00 00 00 00 -> $00 cycles=1256262
[WARN] [tk2000] kbd write addr=$C000 data=$80 cycles=1256372
[WARN] [tk2000] kbd read addr=$C010 kbOut=$80 matrix=00 00 00 00 00 00 00 00 -> $00 cycles=1256376
[WARN] [tk2000] kbd write addr=$C000 data=$00 cycles=1256498
[WARN] [tk2000] kbd write addr=$C000 data=$01 cycles=1256618
[WARN] [tk2000] kbd read addr=$C010 kbOut=$01 matrix=00 00 00 00 00 00 00 00 -> $00 cycles=1256622
[WARN] [tk2000] kbd write addr=$C000 data=$02 cycles=1256732
[WARN] [tk2000] kbd read addr=$C010 kbOut=$02 matrix=00 00 00 00 00 00 00 00 -> $00 cycles=1256736
[WARN] [tk2000] kbd write addr=$C000 data=$04 cycles=1256846
[WARN] [tk2000] kbd read addr=$C010 kbOut=$04 matrix=00 00 00 00 00 00 00 00 -> $00 cycles=1256850
[WARN] [tk2000] kbd write addr=$C000 data=$08 cycles=1256960
[WARN] [tk2000] kbd read addr=$C010 kbOut=$08 matrix=00 00 00 00 00 00 00 00 -> $00 cycles=1256964
[WARN] [tk2000] kbd write addr=$C000 data=$10 cycles=1257074
[WARN] [tk2000] kbd read addr=$C010 kbOut=$10 matrix=00 00 00 00 00 00 00 00 -> $00 cycles=1257078
[WARN] [tk2000] kbd write addr=$C000 data=$20 cycles=1257188
[WARN] [tk2000] kbd read addr=$C010 kbOut=$20 matrix=00 00 00 00 00 00 00 00 -> $00 cycles=1257192
[WARN] [tk2000] kbd write addr=$C000 data=$40 cycles=1257302
[WARN] [tk2000] kbd read addr=$C010 kbOut=$40 matrix=00 00 00 00 00 00 00 00 -> $00 cycles=1257306
[WARN] [tk2000] kbd write addr=$C000 data=$80 cycles=1257416
[WARN] [tk2000] kbd read addr=$C010 kbOut=$80 matrix=00 00 00 00 00 00 00 00 -> $00 cycles=1257420
[WARN] [tk2000] kbd write addr=$C000 data=$00 cycles=1257542
[WARN] [tk2000] kbd write addr=$C000 data=$01 cycles=1257662
[WARN] [tk2000] kbd read addr=$C010 kbOut=$01 matrix=00 00 00 00 00 00 00 00 -> $00 cycles=1257666
[WARN] [tk2000] kbd write addr=$C000 data=$02 cycles=1257776
[WARN] [tk2000] kbd read addr=$C010 kbOut=$02 matrix=00 00 00 00 00 00 00 00 -> $00 cycles=1257780
[WARN] [tk2000] kbd write addr=$C000 data=$04 cycles=1257890
[WARN] [tk2000] kbd read addr=$C010 kbOut=$04 matrix=00 00 00 00 00 00 00 00 -> $00 cycles=1257894
[WARN] [tk2000] kbd write addr=$C000 data=$08 cycles=1258004
[WARN] [tk2000] kbd read addr=$C010 kbOut=$08 matrix=00 00 00 00 00 00 00 00 -> $00 cycles=1258008
[WARN] [tk2000] kbd write addr=$C000 data=$10 cycles=1258118
[WARN] [tk2000] kbd read addr=$C010 kbOut=$10 matrix=00 00 00 00 00 00 00 00 -> $00 cycles=1258122
[WARN] [tk2000] kbd write addr=$C000 data=$20 cycles=1258232
[WARN] [tk2000] kbd read addr=$C010 kbOut=$20 matrix=00 00 00 00 00 00 00 00 -> $00 cycles=1258236
[WARN] [tk2000] kbd write addr=$C000 data=$40 cycles=1258346
[WARN] [tk2000] kbd read addr=$C010 kbOut=$40 matrix=00 00 00 00 00 00 00 00 -> $00 cycles=1258350
[WARN] [tk2000] kbd write addr=$C000 data=$80 cycles=1258460
[WARN] [tk2000] kbd read addr=$C010 kbOut=$80 matrix=00 00 00 00 00 00 00 00 -> $00 cycles=1258464
[WARN] [tk2000] kbd write addr=$C000 data=$00 cycles=1258586
[WARN] [tk2000] kbd write addr=$C000 data=$01 cycles=1258706
[WARN] [tk2000] kbd read addr=$C010 kbOut=$01 matrix=00 00 00 00 00 00 00 00 -> $00 cycles=1258710
[WARN] [tk2000] kbd write addr=$C000 data=$02 cycles=1258820
[WARN] [tk2000] kbd read addr=$C010 kbOut=$02 matrix=00 00 00 00 00 00 00 00 -> $00 cycles=1258824
[WARN] [tk2000] kbd write addr=$C000 data=$04 cycles=1258934
[WARN] [tk2000] kbd read addr=$C010 kbOut=$04 matrix=00 00 00 00 00 00 00 00 -> $00 cycles=1258938
[WARN] [tk2000] kbd write addr=$C000 data=$08 cycles=1259048
[WARN] [tk2000] kbd read addr=$C010 kbOut=$08 matrix=00 00 00 00 00 00 00 00 -> $00 cycles=1259052
[WARN] [tk2000] kbd write addr=$C000 data=$10 cycles=1259162
[WARN] [tk2000] kbd read addr=$C010 kbOut=$10 matrix=00 00 00 00 00 00 00 00 -> $00 cycles=1259166
[WARN] [tk2000] kbd write addr=$C000 data=$20 cycles=1259276
[WARN] [tk2000] kbd read addr=$C010 kbOut=$20 matrix=00 00 00 00 00 00 00 00 -> $00 cycles=1259280
[WARN] [tk2000] kbd write addr=$C000 data=$40 cycles=1259390
[WARN] [tk2000] kbd read addr=$C010 kbOut=$40 matrix=00 00 00 00 00 00 00 00 -> $00 cycles=1259394
[WARN] [tk2000] kbd write addr=$C000 data=$80 cycles=1259504
[WARN] [tk2000] kbd read addr=$C010 kbOut=$80 matrix=00 00 00 00 00 00 00 00 -> $00 cycles=1259508
[WARN] [tk2000] kbd write addr=$C000 data=$00 cycles=1259630
[WARN] [tk2000] kbd write addr=$C000 data=$01 cycles=1259750
[WARN] [tk2000] kbd read addr=$C010 kbOut=$01 matrix=00 00 00 00 00 00 00 00 -> $00 cycles=1259754
[WARN] [tk2000] kbd write addr=$C000 data=$02 cycles=1259864
[WARN] [tk2000] kbd read addr=$C010 kbOut=$02 matrix=00 00 00 00 00 00 00 00 -> $00 cycles=1259868
[WARN] [tk2000] kbd write addr=$C000 data=$04 cycles=1259978
[WARN] [tk2000] kbd read addr=$C010 kbOut=$04 matrix=00 00 00 00 00 00 00 00 -> $00 cycles=1259982
[WARN] [tk2000] kbd write addr=$C000 data=$08 cycles=1260092
[WARN] [tk2000] kbd read addr=$C010 kbOut=$08 matrix=00 00 00 00 00 00 00 00 -> $00 cycles=1260096
[WARN] [tk2000] kbd write addr=$C000 data=$10 cycles=1260206
[WARN] [tk2000] kbd read addr=$C010 kbOut=$10 matrix=00 00 00 00 00 00 00 00 -> $00 cycles=1260210
[WARN] [tk2000] kbd write addr=$C000 data=$20 cycles=1260320
[WARN] [tk2000] kbd read addr=$C010 kbOut=$20 matrix=00 00 00 00 00 00 00 00 -> $00 cycles=1260324
[WARN] [tk2000] kbd write addr=$C000 data=$40 cycles=1260434
[WARN] [tk2000] kbd read addr=$C010 kbOut=$40 matrix=00 00 00 00 00 00 00 00 -> $00 cycles=1260438
[WARN] [tk2000] kbd write addr=$C000 data=$80 cycles=1260548
[WARN] [tk2000] kbd read addr=$C010 kbOut=$80 matrix=00 00 00 00 00 00 00 00 -> $00 cycles=1260552
[WARN] [tk2000] kbd write addr=$C000 data=$00 cycles=1260674
[WARN] [tk2000] kbd write addr=$C000 data=$01 cycles=1260794
[WARN] [tk2000] kbd read addr=$C010 kbOut=$01 matrix=00 00 00 00 00 00 00 00 -> $00 cycles=1260798
[WARN] [tk2000] kbd write addr=$C000 data=$02 cycles=1260908
[WARN] [tk2000] kbd read addr=$C010 kbOut=$02 matrix=00 00 00 00 00 00 00 00 -> $00 cycles=1260912
[WARN] [tk2000] kbd write addr=$C000 data=$04 cycles=1261022
[WARN] [tk2000] kbd read addr=$C010 kbOut=$04 matrix=00 00 00 00 00 00 00 00 -> $00 cycles=1261026
[WARN] [tk2000] kbd write addr=$C000 data=$08 cycles=1261136
[WARN] [tk2000] kbd read addr=$C010 kbOut=$08 matrix=00 00 00 00 00 00 00 00 -> $00 cycles=1261140
[WARN] [tk2000] kbd write addr=$C000 data=$10 cycles=1261250
[WARN] [tk2000] kbd read addr=$C010 kbOut=$10 matrix=00 00 00 00 00 00 00 00 -> $00 cycles=1261254
[WARN] [tk2000] kbd write addr=$C000 data=$20 cycles=1261364
[WARN] [tk2000] kbd read addr=$C010 kbOut=$20 matrix=00 00 00 00 00 00 00 00 -> $00 cycles=1261368
[WARN] [tk2000] kbd write addr=$C000 data=$40 cycles=1261478
[WARN] [tk2000] kbd read addr=$C010 kbOut=$40 matrix=00 00 00 00 00 00 00 00 -> $00 cycles=1261482
[WARN] [tk2000] kbd write addr=$C000 data=$80 cycles=1261592
[WARN] [tk2000] kbd read addr=$C010 kbOut=$80 matrix=00 00 00 00 00 00 00 00 -> $00 cycles=1261596
[WARN] [tk2000] kbd write addr=$C000 data=$00 cycles=1261718
[WARN] [tk2000] kbd write addr=$C000 data=$01 cycles=1261838
[WARN] [tk2000] kbd read addr=$C010 kbOut=$01 matrix=00 00 00 00 00 00 00 00 -> $00 cycles=1261842
[WARN] [tk2000] kbd write addr=$C000 data=$02 cycles=1261952
[WARN] [tk2000] kbd read addr=$C010 kbOut=$02 matrix=00 00 00 00 00 00 00 00 -> $00 cycles=1261956
[WARN] [tk2000] kbd write addr=$C000 data=$04 cycles=1262066
[WARN] [tk2000] kbd read addr=$C010 kbOut=$04 matrix=00 00 00 00 00 00 00 00 -> $00 cycles=1262070
[WARN] [tk2000] kbd write addr=$C000 data=$08 cycles=1262180
[WARN] [tk2000] kbd read addr=$C010 kbOut=$08 matrix=00 00 00 00 00 00 00 00 -> $00 cycles=1262184
[WARN] [tk2000] kbd write addr=$C000 data=$10 cycles=1262294
[WARN] [tk2000] kbd read addr=$C010 kbOut=$10 matrix=00 00 00 00 00 00 00 00 -> $00 cycles=1262298
[WARN] [tk2000] kbd write addr=$C000 data=$20 cycles=1262408
[WARN] [tk2000] kbd read addr=$C010 kbOut=$20 matrix=00 00 00 00 00 00 00 00 -> $00 cycles=1262412
[WARN] [tk2000] kbd write addr=$C000 data=$40 cycles=1262522
[WARN] [tk2000] kbd read addr=$C010 kbOut=$40 matrix=00 00 00 00 00 00 00 00 -> $00 cycles=1262526
[WARN] [tk2000] kbd write addr=$C000 data=$80 cycles=1262636
[WARN] [tk2000] kbd read addr=$C010 kbOut=$80 matrix=00 00 00 00 00 00 00 00 -> $00 cycles=1262640
[WARN] [tk2000] kbd write addr=$C000 data=$00 cycles=1262762
[WARN] [tk2000] kbd write addr=$C000 data=$01 cycles=1262882
[WARN] [tk2000] kbd read addr=$C010 kbOut=$01 matrix=00 00 00 00 00 00 00 00 -> $00 cycles=1262886
[WARN] [tk2000] kbd write addr=$C000 data=$02 cycles=1262996
[WARN] [tk2000] kbd read addr=$C010 kbOut=$02 matrix=00 00 00 00 00 00 00 00 -> $00 cycles=1263000
[WARN] [tk2000] kbd write addr=$C000 data=$04 cycles=1263110
[WARN] [tk2000] kbd read addr=$C010 kbOut=$04 matrix=00 00 00 00 00 00 00 00 -> $00 cycles=1263114
[WARN] [tk2000] kbd write addr=$C000 data=$08 cycles=1263224
[WARN] [tk2000] kbd read addr=$C010 kbOut=$08 matrix=00 00 00 00 00 00 00 00 -> $00 cycles=1263228
[WARN] [tk2000] kbd write addr=$C000 data=$10 cycles=1263338
[WARN] [tk2000] kbd read addr=$C010 kbOut=$10 matrix=00 00 00 00 00 00 00 00 -> $00 cycles=1263342
[WARN] [tk2000] kbd write addr=$C000 data=$20 cycles=1263452
[WARN] [tk2000] kbd read addr=$C010 kbOut=$20 matrix=00 00 00 00 00 00 00 00 -> $00 cycles=1263456
[WARN] [tk2000] kbd write addr=$C000 data=$40 cycles=1263566
[WARN] [tk2000] kbd read addr=$C010 kbOut=$40 matrix=00 00 00 00 00 00 00 00 -> $00 cycles=1263570
[WARN] [tk2000] kbd write addr=$C000 data=$80 cycles=1263680
[WARN] [tk2000] kbd read addr=$C010 kbOut=$80 matrix=00 00 00 00 00 00 00 00 -> $00 cycles=1263684
[WARN] [tk2000] kbd write addr=$C000 data=$00 cycles=1263806
[WARN] [tk2000] kbd write addr=$C000 data=$01 cycles=1263926
[WARN] [tk2000] kbd read addr=$C010 kbOut=$01 matrix=00 00 00 00 00 00 00 00 -> $00 cycles=1263930
[WARN] [tk2000] kbd write addr=$C000 data=$02 cycles=1264040
[WARN] [tk2000] kbd read addr=$C010 kbOut=$02 matrix=00 00 00 00 00 00 00 00 -> $00 cycles=1264044
[WARN] [tk2000] kbd write addr=$C000 data=$04 cycles=1264154
[WARN] [tk2000] kbd read addr=$C010 kbOut=$04 matrix=00 00 00 00 00 00 00 00 -> $00 cycles=1264158
[WARN] [tk2000] kbd write addr=$C000 data=$08 cycles=1264268
[WARN] [tk2000] kbd read addr=$C010 kbOut=$08 matrix=00 00 00 00 00 00 00 00 -> $00 cycles=1264272
[WARN] [tk2000] kbd write addr=$C000 data=$10 cycles=1264382
[WARN] [tk2000] kbd read addr=$C010 kbOut=$10 matrix=00 00 00 00 00 00 00 00 -> $00 cycles=1264386
[WARN] [tk2000] kbd write addr=$C000 data=$20 cycles=1264496
[WARN] [tk2000] kbd read addr=$C010 kbOut=$20 matrix=00 00 00 00 00 00 00 00 -> $00 cycles=1264500
[WARN] [tk2000] kbd write addr=$C000 data=$40 cycles=1264610
[WARN] [tk2000] kbd read addr=$C010 kbOut=$40 matrix=00 00 00 00 00 00 00 00 -> $00 cycles=1264614
[WARN] [tk2000] kbd write addr=$C000 data=$80 cycles=1264724
[WARN] [tk2000] kbd read addr=$C010 kbOut=$80 matrix=00 00 00 00 00 00 00 00 -> $00 cycles=1264728
[WARN] [tk2000] kbd write addr=$C000 data=$00 cycles=1264850
[WARN] [tk2000] kbd write addr=$C000 data=$01 cycles=1264970
[WARN] [tk2000] kbd read addr=$C010 kbOut=$01 matrix=00 00 00 00 00 00 00 00 -> $00 cycles=1264974
[WARN] [tk2000] kbd write addr=$C000 data=$02 cycles=1265084
[WARN] [tk2000] kbd read addr=$C010 kbOut=$02 matrix=00 00 00 00 00 00 00 00 -> $00 cycles=1265088
[WARN] [tk2000] kbd write addr=$C000 data=$04 cycles=1265198
[WARN] [tk2000] kbd read addr=$C010 kbOut=$04 matrix=00 00 00 00 00 00 00 00 -> $00 cycles=1265202
[WARN] [tk2000] kbd write addr=$C000 data=$08 cycles=1265312
[WARN] [tk2000] kbd read addr=$C010 kbOut=$08 matrix=00 00 00 00 00 00 00 00 -> $00 cycles=1265316
[WARN] [tk2000] kbd write addr=$C000 data=$10 cycles=1265426
[WARN] [tk2000] kbd read addr=$C010 kbOut=$10 matrix=00 00 00 00 00 00 00 00 -> $00 cycles=1265430
[WARN] [tk2000] kbd write addr=$C000 data=$20 cycles=1265540
[WARN] [tk2000] kbd read addr=$C010 kbOut=$20 matrix=00 00 00 00 00 00 00 00 -> $00 cycles=1265544
[WARN] [tk2000] kbd write addr=$C000 data=$40 cycles=1265654
[WARN] [tk2000] kbd read addr=$C010 kbOut=$40 matrix=00 00 00 00 00 00 00 00 -> $00 cycles=1265658
[WARN] [tk2000] kbd write addr=$C000 data=$80 cycles=1265768
[WARN] [tk2000] kbd read addr=$C010 kbOut=$80 matrix=00 00 00 00 00 00 00 00 -> $00 cycles=1265772
[WARN] [tk2000] kbd write addr=$C000 data=$00 cycles=1265894
[WARN] [tk2000] kbd write addr=$C000 data=$01 cycles=1266014
[WARN] [tk2000] kbd read addr=$C010 kbOut=$01 matrix=00 00 00 00 00 00 00 00 -> $00 cycles=1266018
[WARN] [tk2000] kbd write addr=$C000 data=$02 cycles=1266128
[WARN] [tk2000] kbd read addr=$C010 kbOut=$02 matrix=00 00 00 00 00 00 00 00 -> $00 cycles=1266132
[WARN] [tk2000] kbd write addr=$C000 data=$04 cycles=1266242
[WARN] [tk2000] kbd read addr=$C010 kbOut=$04 matrix=00 00 00 00 00 00 00 00 -> $00 cycles=1266246
[WARN] [tk2000] kbd write addr=$C000 data=$08 cycles=1266356
[WARN] [tk2000] kbd read addr=$C010 kbOut=$08 matrix=00 00 00 00 00 00 00 00 -> $00 cycles=1266360
[WARN] [tk2000] kbd write addr=$C000 data=$10 cycles=1266470
[WARN] [tk2000] kbd read addr=$C010 kbOut=$10 matrix=00 00 00 00 00 00 00 00 -> $00 cycles=1266474
[WARN] [tk2000] kbd write addr=$C000 data=$20 cycles=1266584
[WARN] [tk2000] kbd read addr=$C010 kbOut=$20 matrix=00 00 00 00 00 00 00 00 -> $00 cycles=1266588
[WARN] [tk2000] kbd write addr=$C000 data=$40 cycles=1266698
[WARN] [tk2000] kbd read addr=$C010 kbOut=$40 matrix=00 00 00 00 00 00 00 00 -> $00 cycles=1266702
[WARN] [tk2000] kbd write addr=$C000 data=$80 cycles=1266812
[WARN] [tk2000] kbd read addr=$C010 kbOut=$80 matrix=00 00 00 00 00 00 00 00 -> $00 cycles=1266816
[WARN] [tk2000] kbd write addr=$C000 data=$00 cycles=1266938
[WARN] [tk2000] kbd write addr=$C000 data=$01 cycles=1267058
[WARN] [tk2000] kbd read addr=$C010 kbOut=$01 matrix=00 00 00 00 00 00 00 00 -> $00 cycles=1267062
[WARN] [tk2000] kbd write addr=$C000 data=$02 cycles=1267172
[WARN] [tk2000] kbd read addr=$C010 kbOut=$02 matrix=00 00 00 00 00 00 00 00 -> $00 cycles=1267176
[WARN] [tk2000] kbd write addr=$C000 data=$04 cycles=1267286
[WARN] [tk2000] kbd read addr=$C010 kbOut=$04 matrix=00 00 00 00 00 00 00 00 -> $00 cycles=1267290
[WARN] [tk2000] kbd write addr=$C000 data=$08 cycles=1267400
[WARN] [tk2000] kbd read addr=$C010 kbOut=$08 matrix=00 00 00 00 00 00 00 00 -> $00 cycles=1267404
[WARN] [tk2000] kbd write addr=$C000 data=$10 cycles=1267514
[WARN] [tk2000] kbd read addr=$C010 kbOut=$10 matrix=00 00 00 00 00 00 00 00 -> $00 cycles=1267518
[WARN] [tk2000] kbd write addr=$C000 data=$20 cycles=1267628
[WARN] [tk2000] kbd read addr=$C010 kbOut=$20 matrix=00 00 00 00 00 00 00 00 -> $00 cycles=1267632
[WARN] [tk2000] kbd write addr=$C000 data=$40 cycles=1267742
[WARN] [tk2000] kbd read addr=$C010 kbOut=$40 matrix=00 00 00 00 00 00 00 00 -> $00 cycles=1267746
[WARN] [tk2000] kbd write addr=$C000 data=$80 cycles=1267856
[WARN] [tk2000] kbd read addr=$C010 kbOut=$80 matrix=00 00 00 00 00 00 00 00 -> $00 cycles=1267860
[WARN] [tk2000] kbd write addr=$C000 data=$00 cycles=1267982
[WARN] [tk2000] kbd write addr=$C000 data=$01 cycles=1268102
[WARN] [tk2000] kbd read addr=$C010 kbOut=$01 matrix=00 00 00 00 00 00 00 00 -> $00 cycles=1268106
[WARN] [tk2000] kbd write addr=$C000 data=$02 cycles=1268216
[WARN] [tk2000] kbd read addr=$C010 kbOut=$02 matrix=00 00 00 00 00 00 00 00 -> $00 cycles=1268220
[WARN] [tk2000] kbd write addr=$C000 data=$04 cycles=1268330
[WARN] [tk2000] kbd read addr=$C010 kbOut=$04 matrix=00 00 00 00 00 00 00 00 -> $00 cycles=1268334
[WARN] [tk2000] kbd write addr=$C000 data=$08 cycles=1268444
[WARN] [tk2000] kbd read addr=$C010 kbOut=$08 matrix=00 00 00 00 00 00 00 00 -> $00 cycles=1268448
[WARN] [tk2000] kbd write addr=$C000 data=$10 cycles=1268558
[WARN] [tk2000] kbd read addr=$C010 kbOut=$10 matrix=00 00 00 00 00 00 00 00 -> $00 cycles=1268562
[WARN] [tk2000] kbd write addr=$C000 data=$20 cycles=1268672
[WARN] [tk2000] kbd read addr=$C010 kbOut=$20 matrix=00 00 00 00 00 00 00 00 -> $00 cycles=1268676
[WARN] [tk2000] kbd write addr=$C000 data=$40 cycles=1268786
[WARN] [tk2000] kbd read addr=$C010 kbOut=$40 matrix=00 00 00 00 00 00 00 00 -> $00 cycles=1268790
[WARN] [tk2000] kbd write addr=$C000 data=$80 cycles=1268900
[WARN] [tk2000] kbd read addr=$C010 kbOut=$80 matrix=00 00 00 00 00 00 00 00 -> $00 cycles=1268904
[WARN] [tk2000] kbd write addr=$C000 data=$00 cycles=1269026
[WARN] [tk2000] kbd write addr=$C000 data=$01 cycles=1269146
[WARN] [tk2000] kbd read addr=$C010 kbOut=$01 matrix=00 00 00 00 00 00 00 00 -> $00 cycles=1269150
[WARN] [tk2000] kbd write addr=$C000 data=$02 cycles=1269260
[WARN] [tk2000] kbd read addr=$C010 kbOut=$02 matrix=00 00 00 00 00 00 00 00 -> $00 cycles=1269264
[WARN] [tk2000] kbd write addr=$C000 data=$04 cycles=1269374
[WARN] [tk2000] kbd read addr=$C010 kbOut=$04 matrix=00 00 00 00 00 00 00 00 -> $00 cycles=1269378
[WARN] [tk2000] kbd write addr=$C000 data=$08 cycles=1269488
[WARN] [tk2000] kbd read addr=$C010 kbOut=$08 matrix=00 00 00 00 00 00 00 00 -> $00 cycles=1269492
[WARN] [tk2000] kbd write addr=$C000 data=$10 cycles=1269602
[WARN] [tk2000] kbd read addr=$C010 kbOut=$10 matrix=00 00 00 00 00 00 00 00 -> $00 cycles=1269606
[WARN] [tk2000] kbd write addr=$C000 data=$20 cycles=1269716
[WARN] [tk2000] kbd read addr=$C010 kbOut=$20 matrix=00 00 00 00 00 00 00 00 -> $00 cycles=1269720
[WARN] [tk2000] kbd write addr=$C000 data=$40 cycles=1269830
[WARN] [tk2000] kbd read addr=$C010 kbOut=$40 matrix=00 00 00 00 00 00 00 00 -> $00 cycles=1269834
[WARN] [tk2000] kbd write addr=$C000 data=$80 cycles=1269944
[WARN] [tk2000] kbd read addr=$C010 kbOut=$80 matrix=00 00 00 00 00 00 00 00 -> $00 cycles=1269948
[WARN] [tk2000] kbd write addr=$C000 data=$00 cycles=1270070
[WARN] [tk2000] kbd write addr=$C000 data=$01 cycles=1270190
[WARN] [tk2000] kbd read addr=$C010 kbOut=$01 matrix=00 00 00 00 00 00 00 00 -> $00 cycles=1270194
[WARN] [tk2000] kbd write addr=$C000 data=$02 cycles=1270304
[WARN] [tk2000] kbd read addr=$C010 kbOut=$02 matrix=00 00 00 00 00 00 00 00 -> $00 cycles=1270308
[WARN] [tk2000] kbd write addr=$C000 data=$04 cycles=1270418
[WARN] [tk2000] kbd read addr=$C010 kbOut=$04 matrix=00 00 00 00 00 00 00 00 -> $00 cycles=1270422
[WARN] [tk2000] kbd write addr=$C000 data=$08 cycles=1270532
[WARN] [tk2000] kbd read addr=$C010 kbOut=$08 matrix=00 00 00 00 00 00 00 00 -> $00 cycles=1270536
[WARN] [tk2000] kbd write addr=$C000 data=$10 cycles=1270646
[WARN] [tk2000] kbd read addr=$C010 kbOut=$10 matrix=00 00 00 00 00 00 00 00 -> $00 cycles=1270650
[WARN] [tk2000] kbd write addr=$C000 data=$20 cycles=1270760
[WARN] [tk2000] kbd read addr=$C010 kbOut=$20 matrix=00 00 00 00 00 00 00 00 -> $00 cycles=1270764
[WARN] [tk2000] kbd write addr=$C000 data=$40 cycles=1270874
[WARN] [tk2000] kbd read addr=$C010 kbOut=$40 matrix=00 00 00 00 00 00 00 00 -> $00 cycles=1270878
[WARN] [tk2000] kbd write addr=$C000 data=$80 cycles=1270988
[WARN] [tk2000] kbd read addr=$C010 kbOut=$80 matrix=00 00 00 00 00 00 00 00 -> $00 cycles=1270992
[WARN] [tk2000] kbd write addr=$C000 data=$00 cycles=1271114
[WARN] [tk2000] kbd write addr=$C000 data=$01 cycles=1271234
[WARN] [tk2000] kbd read addr=$C010 kbOut=$01 matrix=00 00 00 00 00 00 00 00 -> $00 cycles=1271238
[WARN] [tk2000] kbd write addr=$C000 data=$02 cycles=1271348
[WARN] [tk2000] kbd read addr=$C010 kbOut=$02 matrix=00 00 00 00 00 00 00 00 -> $00 cycles=1271352
[WARN] [tk2000] kbd write addr=$C000 data=$04 cycles=1271462
[WARN] [tk2000] kbd read addr=$C010 kbOut=$04 matrix=00 00 00 00 00 00 00 00 -> $00 cycles=1271466
[WARN] [tk2000] kbd write addr=$C000 data=$08 cycles=1271576
[WARN] [tk2000] kbd read addr=$C010 kbOut=$08 matrix=00 00 00 00 00 00 00 00 -> $00 cycles=1271580
[WARN] [tk2000] kbd write addr=$C000 data=$10 cycles=1271690
[WARN] [tk2000] kbd read addr=$C010 kbOut=$10 matrix=00 00 00 00 00 00 00 00 -> $00 cycles=1271694
[WARN] [tk2000] kbd write addr=$C000 data=$20 cycles=1271804
[WARN] [tk2000] kbd read addr=$C010 kbOut=$20 matrix=00 00 00 00 00 00 00 00 -> $00 cycles=1271808
[WARN] [tk2000] kbd write addr=$C000 data=$40 cycles=1271918
[WARN] [tk2000] kbd read addr=$C010 kbOut=$40 matrix=00 00 00 00 00 00 00 00 -> $00 cycles=1271922
[WARN] [tk2000] kbd write addr=$C000 data=$80 cycles=1272032
[WARN] [tk2000] kbd read addr=$C010 kbOut=$80 matrix=00 00 00 00 00 00 00 00 -> $00 cycles=1272036
[WARN] [tk2000] kbd write addr=$C000 data=$00 cycles=1272158
[WARN] [tk2000] kbd write addr=$C000 data=$01 cycles=1272278
[WARN] [tk2000] kbd read addr=$C010 kbOut=$01 matrix=00 00 00 00 00 00 00 00 -> $00 cycles=1272282
[WARN] [tk2000] kbd write addr=$C000 data=$02 cycles=1272392
[WARN] [tk2000] kbd read addr=$C010 kbOut=$02 matrix=00 00 00 00 00 00 00 00 -> $00 cycles=1272396
[WARN] [tk2000] kbd write addr=$C000 data=$04 cycles=1272506
[WARN] [tk2000] kbd read addr=$C010 kbOut=$04 matrix=00 00 00 00 00 00 00 00 -> $00 cycles=1272510
[WARN] [tk2000] kbd write addr=$C000 data=$08 cycles=1272620
[WARN] [tk2000] kbd read addr=$C010 kbOut=$08 matrix=00 00 00 00 00 00 00 00 -> $00 cycles=1272624
[WARN] [tk2000] kbd write addr=$C000 data=$10 cycles=1272734
[WARN] [tk2000] kbd read addr=$C010 kbOut=$10 matrix=00 00 00 00 00 00 00 00 -> $00 cycles=1272738
[WARN] [tk2000] kbd write addr=$C000 data=$20 cycles=1272848
[WARN] [tk2000] kbd read addr=$C010 kbOut=$20 matrix=00 00 00 00 00 00 00 00 -> $00 cycles=1272852
[WARN] [tk2000] kbd write addr=$C000 data=$40 cycles=1272962
[WARN] [tk2000] kbd read addr=$C010 kbOut=$40 matrix=00 00 00 00 00 00 00 00 -> $00 cycles=1272966
[WARN] [tk2000] kbd write addr=$C000 data=$80 cycles=1273076
[WARN] [tk2000] kbd read addr=$C010 kbOut=$80 matrix=00 00 00 00 00 00 00 00 -> $00 cycles=1273080
[WARN] [tk2000] kbd write addr=$C000 data=$00 cycles=1273202
[WARN] [tk2000] kbd write addr=$C000 data=$01 cycles=1273322
[WARN] [tk2000] kbd read addr=$C010 kbOut=$01 matrix=00 00 00 00 00 00 00 00 -> $00 cycles=1273326
[WARN] [tk2000] kbd write addr=$C000 data=$02 cycles=1273436
[WARN] [tk2000] kbd read addr=$C010 kbOut=$02 matrix=00 00 00 00 00 00 00 00 -> $00 cycles=1273440
[WARN] [tk2000] kbd write addr=$C000 data=$04 cycles=1273550
[WARN] [tk2000] kbd read addr=$C010 kbOut=$04 matrix=00 00 00 00 00 00 00 00 -> $00 cycles=1273554
[WARN] [tk2000] kbd write addr=$C000 data=$08 cycles=1273664
[WARN] [tk2000] kbd read addr=$C010 kbOut=$08 matrix=00 00 00 00 00 00 00 00 -> $00 cycles=1273668
[WARN] [tk2000] kbd write addr=$C000 data=$10 cycles=1273778
[WARN] [tk2000] kbd read addr=$C010 kbOut=$10 matrix=00 00 00 00 00 00 00 00 -> $00 cycles=1273782
[WARN] [tk2000] kbd write addr=$C000 data=$20 cycles=1273892
[WARN] [tk2000] kbd read addr=$C010 kbOut=$20 matrix=00 00 00 00 00 00 00 00 -> $00 cycles=1273896
[WARN] [tk2000] kbd write addr=$C000 data=$40 cycles=1274006
[WARN] [tk2000] kbd read addr=$C010 kbOut=$40 matrix=00 00 00 00 00 00 00 00 -> $00 cycles=1274010
[WARN] [tk2000] kbd write addr=$C000 data=$80 cycles=1274120
[WARN] [tk2000] kbd read addr=$C010 kbOut=$80 matrix=00 00 00 00 00 00 00 00 -> $00 cycles=1274124
[WARN] [tk2000] kbd write addr=$C000 data=$00 cycles=1274246
[WARN] [tk2000] kbd write addr=$C000 data=$01 cycles=1274366
[WARN] [tk2000] kbd read addr=$C010 kbOut=$01 matrix=00 00 00 00 00 00 00 00 -> $00 cycles=1274370
[WARN] [tk2000] kbd write addr=$C000 data=$02 cycles=1274480
[WARN] [tk2000] kbd read addr=$C010 kbOut=$02 matrix=00 00 00 00 00 00 00 00 -> $00 cycles=1274484
[WARN] [tk2000] kbd write addr=$C000 data=$04 cycles=1274594
[WARN] [tk2000] kbd read addr=$C010 kbOut=$04 matrix=00 00 00 00 00 00 00 00 -> $00 cycles=1274598
[WARN] [tk2000] kbd write addr=$C000 data=$08 cycles=1274708
[WARN] [tk2000] kbd read addr=$C010 kbOut=$08 matrix=00 00 00 00 00 00 00 00 -> $00 cycles=1274712
[WARN] [tk2000] kbd write addr=$C000 data=$10 cycles=1274822
[WARN] [tk2000] kbd read addr=$C010 kbOut=$10 matrix=00 00 00 00 00 00 00 00 -> $00 cycles=1274826
[WARN] [tk2000] kbd write addr=$C000 data=$20 cycles=1274936
[WARN] [tk2000] kbd read addr=$C010 kbOut=$20 matrix=00 00 00 00 00 00 00 00 -> $00 cycles=1274940
[WARN] [tk2000] kbd write addr=$C000 data=$40 cycles=1275050
[WARN] [tk2000] kbd read addr=$C010 kbOut=$40 matrix=00 00 00 00 00 00 00 00 -> $00 cycles=1275054
[WARN] [tk2000] kbd write addr=$C000 data=$80 cycles=1275164
[WARN] [tk2000] kbd read addr=$C010 kbOut=$80 matrix=00 00 00 00 00 00 00 00 -> $00 cycles=1275168
[WARN] [tk2000] kbd write addr=$C000 data=$00 cycles=1275290
[WARN] [tk2000] kbd write addr=$C000 data=$01 cycles=1275410
[WARN] [tk2000] kbd read addr=$C010 kbOut=$01 matrix=00 00 00 00 00 00 00 00 -> $00 cycles=1275414
[WARN] [tk2000] kbd write addr=$C000 data=$02 cycles=1275524
[WARN] [tk2000] kbd read addr=$C010 kbOut=$02 matrix=00 00 00 00 00 00 00 00 -> $00 cycles=1275528
[WARN] [tk2000] kbd write addr=$C000 data=$04 cycles=1275638
[WARN] [tk2000] kbd read addr=$C010 kbOut=$04 matrix=00 00 00 00 00 00 00 00 -> $00 cycles=1275642
[WARN] [tk2000] kbd write addr=$C000 data=$08 cycles=1275752
[WARN] [tk2000] kbd read addr=$C010 kbOut=$08 matrix=00 00 00 00 00 00 00 00 -> $00 cycles=1275756
[WARN] [tk2000] kbd write addr=$C000 data=$10 cycles=1275866
[WARN] [tk2000] kbd read addr=$C010 kbOut=$10 matrix=00 00 00 00 00 00 00 00 -> $00 cycles=1275870
[WARN] [tk2000] kbd write addr=$C000 data=$20 cycles=1275980
[WARN] [tk2000] kbd read addr=$C010 kbOut=$20 matrix=00 00 00 00 00 00 00 00 -> $00 cycles=1275984
[WARN] [tk2000] kbd write addr=$C000 data=$40 cycles=1276094
[WARN] [tk2000] kbd read addr=$C010 kbOut=$40 matrix=00 00 00 00 00 00 00 00 -> $00 cycles=1276098
[WARN] [tk2000] kbd write addr=$C000 data=$80 cycles=1276208
[WARN] [tk2000] kbd read addr=$C010 kbOut=$80 matrix=00 00 00 00 00 00 00 00 -> $00 cycles=1276212
[WARN] [tk2000] kbd write addr=$C000 data=$00 cycles=1276334
[WARN] [tk2000] kbd write addr=$C000 data=$01 cycles=1276454
[WARN] [tk2000] kbd read addr=$C010 kbOut=$01 matrix=00 00 00 00 00 00 00 00 -> $00 cycles=1276458
[WARN] [tk2000] kbd write addr=$C000 data=$02 cycles=1276568
[WARN] [tk2000] kbd read addr=$C010 kbOut=$02 matrix=00 00 00 00 00 00 00 00 -> $00 cycles=1276572
[WARN] [tk2000] kbd write addr=$C000 data=$04 cycles=1276682
[WARN] [tk2000] kbd read addr=$C010 kbOut=$04 matrix=00 00 00 00 00 00 00 00 -> $00 cycles=1276686
[WARN] [tk2000] kbd write addr=$C000 data=$08 cycles=1276796
[WARN] [tk2000] kbd read addr=$C010 kbOut=$08 matrix=00 00 00 00 00 00 00 00 -> $00 cycles=1276800
[WARN] [tk2000] kbd write addr=$C000 data=$10 cycles=1276910
[WARN] [tk2000] kbd read addr=$C010 kbOut=$10 matrix=00 00 00 00 00 00 00 00 -> $00 cycles=1276914
[WARN] [tk2000] kbd write addr=$C000 data=$20 cycles=1277024
[WARN] [tk2000] kbd read addr=$C010 kbOut=$20 matrix=00 00 00 00 00 00 00 00 -> $00 cycles=1277028
[WARN] [tk2000] kbd write addr=$C000 data=$40 cycles=1277138
[WARN] [tk2000] kbd read addr=$C010 kbOut=$40 matrix=00 00 00 00 00 00 00 00 -> $00 cycles=1277142
[WARN] [tk2000] kbd write addr=$C000 data=$80 cycles=1277252
[WARN] [tk2000] kbd read addr=$C010 kbOut=$80 matrix=00 00 00 00 00 00 00 00 -> $00 cycles=1277256
[WARN] [tk2000] kbd write addr=$C000 data=$00 cycles=1277378
[WARN] [tk2000] kbd write addr=$C000 data=$01 cycles=1277498
[WARN] [tk2000] kbd read addr=$C010 kbOut=$01 matrix=00 00 00 00 00 00 00 00 -> $00 cycles=1277502
[WARN] [tk2000] kbd write addr=$C000 data=$02 cycles=1277612
[WARN] [tk2000] kbd read addr=$C010 kbOut=$02 matrix=00 00 00 00 00 00 00 00 -> $00 cycles=1277616
[WARN] [tk2000] kbd write addr=$C000 data=$04 cycles=1277726
[WARN] [tk2000] kbd read addr=$C010 kbOut=$04 matrix=00 00 00 00 00 00 00 00 -> $00 cycles=1277730
[WARN] [tk2000] kbd write addr=$C000 data=$08 cycles=1277840
[WARN] [tk2000] kbd read addr=$C010 kbOut=$08 matrix=00 00 00 00 00 00 00 00 -> $00 cycles=1277844
[WARN] [tk2000] kbd write addr=$C000 data=$10 cycles=1277954
[WARN] [tk2000] kbd read addr=$C010 kbOut=$10 matrix=00 00 00 00 00 00 00 00 -> $00 cycles=1277958
[WARN] [tk2000] kbd write addr=$C000 data=$20 cycles=1278068
[WARN] [tk2000] kbd read addr=$C010 kbOut=$20 matrix=00 00 00 00 00 00 00 00 -> $00 cycles=1278072
[WARN] [tk2000] kbd write addr=$C000 data=$40 cycles=1278182
[WARN] [tk2000] kbd read addr=$C010 kbOut=$40 matrix=00 00 00 00 00 00 00 00 -> $00 cycles=1278186
[WARN] [tk2000] kbd write addr=$C000 data=$80 cycles=1278296
[WARN] [tk2000] kbd read addr=$C010 kbOut=$80 matrix=00 00 00 00 00 00 00 00 -> $00 cycles=1278300
[WARN] [tk2000] kbd write addr=$C000 data=$00 cycles=1278422
[WARN] [tk2000] kbd write addr=$C000 data=$01 cycles=1278542
[WARN] [tk2000] kbd read addr=$C010 kbOut=$01 matrix=00 00 00 00 00 00 00 00 -> $00 cycles=1278546
[WARN] [tk2000] kbd write addr=$C000 data=$02 cycles=1278656
[WARN] [tk2000] kbd read addr=$C010 kbOut=$02 matrix=00 00 00 00 00 00 00 00 -> $00 cycles=1278660
[WARN] [tk2000] kbd write addr=$C000 data=$04 cycles=1278770
[WARN] [tk2000] kbd read addr=$C010 kbOut=$04 matrix=00 00 00 00 00 00 00 00 -> $00 cycles=1278774
[WARN] [tk2000] kbd write addr=$C000 data=$08 cycles=1278884
[WARN] [tk2000] kbd read addr=$C010 kbOut=$08 matrix=00 00 00 00 00 00 00 00 -> $00 cycles=1278888
[WARN] [tk2000] kbd write addr=$C000 data=$10 cycles=1278998
[WARN] [tk2000] kbd read addr=$C010 kbOut=$10 matrix=00 00 00 00 00 00 00 00 -> $00 cycles=1279002
[WARN] [tk2000] kbd write addr=$C000 data=$20 cycles=1279112
[WARN] [tk2000] kbd read addr=$C010 kbOut=$20 matrix=00 00 00 00 00 00 00 00 -> $00 cycles=1279116
[WARN] [tk2000] kbd write addr=$C000 data=$40 cycles=1279226
[WARN] [tk2000] kbd read addr=$C010 kbOut=$40 matrix=00 00 00 00 00 00 00 00 -> $00 cycles=1279230
[WARN] [tk2000] kbd write addr=$C000 data=$80 cycles=1279340
[WARN] [tk2000] kbd read addr=$C010 kbOut=$80 matrix=00 00 00 00 00 00 00 00 -> $00 cycles=1279344
[WARN] [tk2000] kbd write addr=$C000 data=$00 cycles=1279466
[WARN] [tk2000] kbd write addr=$C000 data=$01 cycles=1279586
[WARN] [tk2000] kbd read addr=$C010 kbOut=$01 matrix=00 00 00 00 00 00 00 00 -> $00 cycles=1279590
[WARN] [tk2000] kbd write addr=$C000 data=$02 cycles=1279700
[WARN] [tk2000] kbd read addr=$C010 kbOut=$02 matrix=00 00 00 00 00 00 00 00 -> $00 cycles=1279704
[WARN] [tk2000] kbd write addr=$C000 data=$04 cycles=1279814
[WARN] [tk2000] kbd read addr=$C010 kbOut=$04 matrix=00 00 00 00 00 00 00 00 -> $00 cycles=1279818
[WARN] [tk2000] kbd write addr=$C000 data=$08 cycles=1279928
[WARN] [tk2000] kbd read addr=$C010 kbOut=$08 matrix=00 00 00 00 00 00 00 00 -> $00 cycles=1279932
[WARN] [tk2000] kbd write addr=$C000 data=$10 cycles=1280042
[WARN] [tk2000] kbd read addr=$C010 kbOut=$10 matrix=00 00 00 00 00 00 00 00 -> $00 cycles=1280046
[WARN] [tk2000] kbd write addr=$C000 data=$20 cycles=1280156
[WARN] [tk2000] kbd read addr=$C010 kbOut=$20 matrix=00 00 00 00 00 00 00 00 -> $00 cycles=1280160
[WARN] [tk2000] kbd write addr=$C000 data=$40 cycles=1280270
[WARN] [tk2000] kbd read addr=$C010 kbOut=$40 matrix=00 00 00 00 00 00 00 00 -> $00 cycles=1280274
[WARN] [tk2000] kbd write addr=$C000 data=$80 cycles=1280384
[WARN] [tk2000] kbd read addr=$C010 kbOut=$80 matrix=00 00 00 00 00 00 00 00 -> $00 cycles=1280388
[WARN] [tk2000] kbd write addr=$C000 data=$00 cycles=1280510
[WARN] [tk2000] kbd write addr=$C000 data=$01 cycles=1280630
[WARN] [tk2000] kbd read addr=$C010 kbOut=$01 matrix=00 00 00 00 00 00 00 00 -> $00 cycles=1280634
[WARN] [tk2000] kbd write addr=$C000 data=$02 cycles=1280744
[WARN] [tk2000] kbd read addr=$C010 kbOut=$02 matrix=00 00 00 00 00 00 00 00 -> $00 cycles=1280748
[WARN] [tk2000] kbd write addr=$C000 data=$04 cycles=1280858
[WARN] [tk2000] kbd read addr=$C010 kbOut=$04 matrix=00 00 00 00 00 00 00 00 -> $00 cycles=1280862
[WARN] [tk2000] kbd write addr=$C000 data=$08 cycles=1280972
[WARN] [tk2000] kbd read addr=$C010 kbOut=$08 matrix=00 00 00 00 00 00 00 00 -> $00 cycles=1280976
[WARN] [tk2000] kbd write addr=$C000 data=$10 cycles=1281086
[WARN] [tk2000] kbd read addr=$C010 kbOut=$10 matrix=00 00 00 00 00 00 00 00 -> $00 cycles=1281090
[WARN] [tk2000] kbd write addr=$C000 data=$20 cycles=1281200
[WARN] [tk2000] kbd read addr=$C010 kbOut=$20 matrix=00 00 00 00 00 00 00 00 -> $00 cycles=1281204
[WARN] [tk2000] kbd write addr=$C000 data=$40 cycles=1281314
[WARN] [tk2000] kbd read addr=$C010 kbOut=$40 matrix=00 00 00 00 00 00 00 00 -> $00 cycles=1281318
[WARN] [tk2000] kbd write addr=$C000 data=$80 cycles=1281428
[WARN] [tk2000] kbd read addr=$C010 kbOut=$80 matrix=00 00 00 00 00 00 00 00 -> $00 cycles=1281432
[WARN] [tk2000] kbd write addr=$C000 data=$00 cycles=1281554
[WARN] [tk2000] kbd write addr=$C000 data=$01 cycles=1281674
[WARN] [tk2000] kbd read addr=$C010 kbOut=$01 matrix=00 00 00 00 00 00 00 00 -> $00 cycles=1281678
[WARN] [tk2000] kbd write addr=$C000 data=$02 cycles=1281788
[WARN] [tk2000] kbd read addr=$C010 kbOut=$02 matrix=00 00 00 00 00 00 00 00 -> $00 cycles=1281792
[WARN] [tk2000] kbd write addr=$C000 data=$04 cycles=1281902
[WARN] [tk2000] kbd read addr=$C010 kbOut=$04 matrix=00 00 00 00 00 00 00 00 -> $00 cycles=1281906
[WARN] [tk2000] kbd write addr=$C000 data=$08 cycles=1282016
[WARN] [tk2000] kbd read addr=$C010 kbOut=$08 matrix=00 00 00 00 00 00 00 00 -> $00 cycles=1282020
[WARN] [tk2000] kbd write addr=$C000 data=$10 cycles=1282130
[WARN] [tk2000] kbd read addr=$C010 kbOut=$10 matrix=00 00 00 00 00 00 00 00 -> $00 cycles=1282134
[WARN] [tk2000] kbd write addr=$C000 data=$20 cycles=1282244
[WARN] [tk2000] kbd read addr=$C010 kbOut=$20 matrix=00 00 00 00 00 00 00 00 -> $00 cycles=1282248
[WARN] [tk2000] kbd write addr=$C000 data=$40 cycles=1282358
[WARN] [tk2000] kbd read addr=$C010 kbOut=$40 matrix=00 00 00 00 00 00 00 00 -> $00 cycles=1282362
[WARN] [tk2000] kbd write addr=$C000 data=$80 cycles=1282472
[WARN] [tk2000] kbd read addr=$C010 kbOut=$80 matrix=00 00 00 00 00 00 00 00 -> $00 cycles=1282476
[WARN] [tk2000] kbd write addr=$C000 data=$00 cycles=1282598
[WARN] [tk2000] kbd write addr=$C000 data=$01 cycles=1282718
[WARN] [tk2000] kbd read addr=$C010 kbOut=$01 matrix=00 00 00 00 00 00 00 00 -> $00 cycles=1282722
[WARN] [tk2000] kbd write addr=$C000 data=$02 cycles=1282832
[WARN] [tk2000] kbd read addr=$C010 kbOut=$02 matrix=00 00 00 00 00 00 00 00 -> $00 cycles=1282836
[WARN] [tk2000] kbd write addr=$C000 data=$04 cycles=1282946
[WARN] [tk2000] kbd read addr=$C010 kbOut=$04 matrix=00 00 00 00 00 00 00 00 -> $00 cycles=1282950
[WARN] [tk2000] kbd write addr=$C000 data=$08 cycles=1283060
[WARN] [tk2000] kbd read addr=$C010 kbOut=$08 matrix=00 00 00 00 00 00 00 00 -> $00 cycles=1283064
[WARN] [tk2000] kbd write addr=$C000 data=$10 cycles=1283174
[WARN] [tk2000] kbd read addr=$C010 kbOut=$10 matrix=00 00 00 00 00 00 00 00 -> $00 cycles=1283178
[WARN] [tk2000] kbd write addr=$C000 data=$20 cycles=1283288
[WARN] [tk2000] kbd read addr=$C010 kbOut=$20 matrix=00 00 00 00 00 00 00 00 -> $00 cycles=1283292
[WARN] [tk2000] kbd write addr=$C000 data=$40 cycles=1283402
[WARN] [tk2000] kbd read addr=$C010 kbOut=$40 matrix=00 00 00 00 00 00 00 00 -> $00 cycles=1283406
[WARN] [tk2000] kbd write addr=$C000 data=$80 cycles=1283516
[WARN] [tk2000] kbd read addr=$C010 kbOut=$80 matrix=00 00 00 00 00 00 00 00 -> $00 cycles=1283520
[WARN] [tk2000] kbd write addr=$C000 data=$00 cycles=1283642
[WARN] [tk2000] kbd write addr=$C000 data=$01 cycles=1283762
[WARN] [tk2000] kbd read addr=$C010 kbOut=$01 matrix=00 00 00 00 00 00 00 00 -> $00 cycles=1283766
[WARN] [tk2000] kbd write addr=$C000 data=$02 cycles=1283876
[WARN] [tk2000] kbd read addr=$C010 kbOut=$02 matrix=00 00 00 00 00 00 00 00 -> $00 cycles=1283880
[WARN] [tk2000] kbd write addr=$C000 data=$04 cycles=1283990
[WARN] [tk2000] kbd read addr=$C010 kbOut=$04 matrix=00 00 00 00 00 00 00 00 -> $00 cycles=1283994
[WARN] [tk2000] kbd write addr=$C000 data=$08 cycles=1284104
[WARN] [tk2000] kbd read addr=$C010 kbOut=$08 matrix=00 00 00 00 00 00 00 00 -> $00 cycles=1284108
[WARN] [tk2000] kbd write addr=$C000 data=$10 cycles=1284218
[WARN] [tk2000] kbd read addr=$C010 kbOut=$10 matrix=00 00 00 00 00 00 00 00 -> $00 cycles=1284222
[WARN] [tk2000] kbd write addr=$C000 data=$20 cycles=1284332
[WARN] [tk2000] kbd read addr=$C010 kbOut=$20 matrix=00 00 00 00 00 00 00 00 -> $00 cycles=1284336
[WARN] [tk2000] kbd write addr=$C000 data=$40 cycles=1284446
[WARN] [tk2000] kbd read addr=$C010 kbOut=$40 matrix=00 00 00 00 00 00 00 00 -> $00 cycles=1284450
[WARN] [tk2000] kbd write addr=$C000 data=$80 cycles=1284560
[WARN] [tk2000] kbd read addr=$C010 kbOut=$80 matrix=00 00 00 00 00 00 00 00 -> $00 cycles=1284564
[WARN] [tk2000] kbd write addr=$C000 data=$00 cycles=1284686
[WARN] [tk2000] kbd write addr=$C000 data=$01 cycles=1284806
[WARN] [tk2000] kbd read addr=$C010 kbOut=$01 matrix=00 00 00 00 00 00 00 00 -> $00 cycles=1284810
[WARN] [tk2000] kbd write addr=$C000 data=$02 cycles=1284920
[WARN] [tk2000] kbd read addr=$C010 kbOut=$02 matrix=00 00 00 00 00 00 00 00 -> $00 cycles=1284924
[WARN] [tk2000] kbd write addr=$C000 data=$04 cycles=1285034
[WARN] [tk2000] kbd read addr=$C010 kbOut=$04 matrix=00 00 00 00 00 00 00 00 -> $00 cycles=1285038
[WARN] [tk2000] kbd write addr=$C000 data=$08 cycles=1285148
[WARN] [tk2000] kbd read addr=$C010 kbOut=$08 matrix=00 00 00 00 00 00 00 00 -> $00 cycles=1285152
[WARN] [tk2000] kbd write addr=$C000 data=$10 cycles=1285262
[WARN] [tk2000] kbd read addr=$C010 kbOut=$10 matrix=00 00 00 00 00 00 00 00 -> $00 cycles=1285266
[WARN] [tk2000] kbd write addr=$C000 data=$20 cycles=1285376
[WARN] [tk2000] kbd read addr=$C010 kbOut=$20 matrix=00 00 00 00 00 00 00 00 -> $00 cycles=1285380
[WARN] [tk2000] kbd write addr=$C000 data=$40 cycles=1285490
[WARN] [tk2000] kbd read addr=$C010 kbOut=$40 matrix=00 00 00 00 00 00 00 00 -> $00 cycles=1285494
[WARN] [tk2000] kbd write addr=$C000 data=$80 cycles=1285604
[WARN] [tk2000] kbd read addr=$C010 kbOut=$80 matrix=00 00 00 00 00 00 00 00 -> $00 cycles=1285608
[WARN] [tk2000] kbd write addr=$C000 data=$00 cycles=1285730
[WARN] [tk2000] kbd write addr=$C000 data=$01 cycles=1285850
[WARN] [tk2000] kbd read addr=$C010 kbOut=$01 matrix=00 00 00 00 00 00 00 00 -> $00 cycles=1285854
[WARN] [tk2000] kbd write addr=$C000 data=$02 cycles=1285964
[WARN] [tk2000] kbd read addr=$C010 kbOut=$02 matrix=00 00 00 00 00 00 00 00 -> $00 cycles=1285968
[WARN] [tk2000] kbd write addr=$C000 data=$04 cycles=1286078
[WARN] [tk2000] kbd read addr=$C010 kbOut=$04 matrix=00 00 00 00 00 00 00 00 -> $00 cycles=1286082
[WARN] [tk2000] kbd write addr=$C000 data=$08 cycles=1286192
[WARN] [tk2000] kbd read addr=$C010 kbOut=$08 matrix=00 00 00 00 00 00 00 00 -> $00 cycles=1286196
[WARN] [tk2000] kbd write addr=$C000 data=$10 cycles=1286306
[WARN] [tk2000] kbd read addr=$C010 kbOut=$10 matrix=00 00 00 00 00 00 00 00 -> $00 cycles=1286310
[WARN] [tk2000] kbd write addr=$C000 data=$20 cycles=1286420
[WARN] [tk2000] kbd read addr=$C010 kbOut=$20 matrix=00 00 00 00 00 00 00 00 -> $00 cycles=1286424
[WARN] [tk2000] kbd write addr=$C000 data=$40 cycles=1286534
[WARN] [tk2000] kbd read addr=$C010 kbOut=$40 matrix=00 00 00 00 00 00 00 00 -> $00 cycles=1286538
[WARN] [tk2000] kbd write addr=$C000 data=$80 cycles=1286648
[WARN] [tk2000] kbd read addr=$C010 kbOut=$80 matrix=00 00 00 00 00 00 00 00 -> $00 cycles=1286652
[WARN] [tk2000] kbd write addr=$C000 data=$00 cycles=1286774
[WARN] [tk2000] kbd write addr=$C000 data=$01 cycles=1286894
[WARN] [tk2000] kbd read addr=$C010 kbOut=$01 matrix=00 00 00 00 00 00 00 00 -> $00 cycles=1286898
[WARN] [tk2000] kbd write addr=$C000 data=$02 cycles=1287008
[WARN] [tk2000] kbd read addr=$C010 kbOut=$02 matrix=00 00 00 00 00 00 00 00 -> $00 cycles=1287012
[WARN] [tk2000] kbd write addr=$C000 data=$04 cycles=1287122
[WARN] [tk2000] kbd read addr=$C010 kbOut=$04 matrix=00 00 00 00 00 00 00 00 -> $00 cycles=1287126
[WARN] [tk2000] kbd write addr=$C000 data=$08 cycles=1287236
[WARN] [tk2000] kbd read addr=$C010 kbOut=$08 matrix=00 00 00 00 00 00 00 00 -> $00 cycles=1287240
[WARN] [tk2000] kbd write addr=$C000 data=$10 cycles=1287350
[WARN] [tk2000] kbd read addr=$C010 kbOut=$10 matrix=00 00 00 00 00 00 00 00 -> $00 cycles=1287354
[WARN] [tk2000] kbd write addr=$C000 data=$20 cycles=1287464
[WARN] [tk2000] kbd read addr=$C010 kbOut=$20 matrix=00 00 00 00 00 00 00 00 -> $00 cycles=1287468
[WARN] [tk2000] kbd write addr=$C000 data=$40 cycles=1287578
[WARN] [tk2000] kbd read addr=$C010 kbOut=$40 matrix=00 00 00 00 00 00 00 00 -> $00 cycles=1287582
[WARN] [tk2000] kbd write addr=$C000 data=$80 cycles=1287692
[WARN] [tk2000] kbd read addr=$C010 kbOut=$80 matrix=00 00 00 00 00 00 00 00 -> $00 cycles=1287696
[WARN] [tk2000] kbd write addr=$C000 data=$00 cycles=1287818
[WARN] [tk2000] kbd write addr=$C000 data=$01 cycles=1287938
[WARN] [tk2000] kbd read addr=$C010 kbOut=$01 matrix=00 00 00 00 00 00 00 00 -> $00 cycles=1287942
[WARN] [tk2000] kbd write addr=$C000 data=$02 cycles=1288052
[WARN] [tk2000] kbd read addr=$C010 kbOut=$02 matrix=00 00 00 00 00 00 00 00 -> $00 cycles=1288056
[WARN] [tk2000] kbd write addr=$C000 data=$04 cycles=1288166
[WARN] [tk2000] kbd read addr=$C010 kbOut=$04 matrix=00 00 00 00 00 00 00 00 -> $00 cycles=1288170
[WARN] [tk2000] kbd write addr=$C000 data=$08 cycles=1288280
[WARN] [tk2000] kbd read addr=$C010 kbOut=$08 matrix=00 00 00 00 00 00 00 00 -> $00 cycles=1288284
[WARN] [tk2000] kbd write addr=$C000 data=$10 cycles=1288394
[WARN] [tk2000] kbd read addr=$C010 kbOut=$10 matrix=00 00 00 00 00 00 00 00 -> $00 cycles=1288398
[WARN] [tk2000] kbd write addr=$C000 data=$20 cycles=1288508
[WARN] [tk2000] kbd read addr=$C010 kbOut=$20 matrix=00 00 00 00 00 00 00 00 -> $00 cycles=1288512
[WARN] [tk2000] kbd write addr=$C000 data=$40 cycles=1288622
[WARN] [tk2000] kbd read addr=$C010 kbOut=$40 matrix=00 00 00 00 00 00 00 00 -> $00 cycles=1288626
[WARN] [tk2000] kbd write addr=$C000 data=$80 cycles=1288736
[WARN] [tk2000] kbd read addr=$C010 kbOut=$80 matrix=00 00 00 00 00 00 00 00 -> $00 cycles=1288740
[WARN] [tk2000] kbd write addr=$C000 data=$00 cycles=1288862
[WARN] [tk2000] kbd write addr=$C000 data=$01 cycles=1288982
[WARN] [tk2000] kbd read addr=$C010 kbOut=$01 matrix=00 00 00 00 00 00 00 00 -> $00 cycles=1288986
[WARN] [tk2000] kbd write addr=$C000 data=$02 cycles=1289096
[WARN] [tk2000] kbd read addr=$C010 kbOut=$02 matrix=00 00 00 00 00 00 00 00 -> $00 cycles=1289100
[WARN] [tk2000] kbd write addr=$C000 data=$04 cycles=1289210
[WARN] [tk2000] kbd read addr=$C010 kbOut=$04 matrix=00 00 00 00 00 00 00 00 -> $00 cycles=1289214
[WARN] [tk2000] kbd write addr=$C000 data=$08 cycles=1289324
[WARN] [tk2000] kbd read addr=$C010 kbOut=$08 matrix=00 00 00 00 00 00 00 00 -> $00 cycles=1289328
[WARN] [tk2000] kbd write addr=$C000 data=$10 cycles=1289438
[WARN] [tk2000] kbd read addr=$C010 kbOut=$10 matrix=00 00 00 00 00 00 00 00 -> $00 cycles=1289442
[WARN] [tk2000] kbd write addr=$C000 data=$20 cycles=1289552
[WARN] [tk2000] kbd read addr=$C010 kbOut=$20 matrix=00 00 00 00 00 00 00 00 -> $00 cycles=1289556
[WARN] [tk2000] kbd write addr=$C000 data=$40 cycles=1289666
[WARN] [tk2000] kbd read addr=$C010 kbOut=$40 matrix=00 00 00 00 00 00 00 00 -> $00 cycles=1289670
[WARN] [tk2000] kbd write addr=$C000 data=$80 cycles=1289780
[WARN] [tk2000] kbd read addr=$C010 kbOut=$80 matrix=00 00 00 00 00 00 00 00 -> $00 cycles=1289784
[WARN] [tk2000] kbd write addr=$C000 data=$00 cycles=1289906
[WARN] [tk2000] kbd write addr=$C000 data=$01 cycles=1290026
[WARN] [tk2000] kbd read addr=$C010 kbOut=$01 matrix=00 00 00 00 00 00 00 00 -> $00 cycles=1290030
[WARN] [tk2000] kbd write addr=$C000 data=$02 cycles=1290140
[WARN] [tk2000] kbd read addr=$C010 kbOut=$02 matrix=00 00 00 00 00 00 00 00 -> $00 cycles=1290144
[WARN] [tk2000] kbd write addr=$C000 data=$04 cycles=1290254
[WARN] [tk2000] kbd read addr=$C010 kbOut=$04 matrix=00 00 00 00 00 00 00 00 -> $00 cycles=1290258
[WARN] [tk2000] kbd write addr=$C000 data=$08 cycles=1290368
[WARN] [tk2000] kbd read addr=$C010 kbOut=$08 matrix=00 00 00 00 00 00 00 00 -> $00 cycles=1290372
[WARN] [tk2000] kbd write addr=$C000 data=$10 cycles=1290482
[WARN] [tk2000] kbd read addr=$C010 kbOut=$10 matrix=00 00 00 00 00 00 00 00 -> $00 cycles=1290486
[WARN] [tk2000] kbd write addr=$C000 data=$20 cycles=1290596
[WARN] [tk2000] kbd read addr=$C010 kbOut=$20 matrix=00 00 00 00 00 00 00 00 -> $00 cycles=1290600
[WARN] [tk2000] kbd write addr=$C000 data=$40 cycles=1290710
[WARN] [tk2000] kbd read addr=$C010 kbOut=$40 matrix=00 00 00 00 00 00 00 00 -> $00 cycles=1290714
[WARN] [tk2000] kbd write addr=$C000 data=$80 cycles=1290824
[WARN] [tk2000] kbd read addr=$C010 kbOut=$80 matrix=00 00 00 00 00 00 00 00 -> $00 cycles=1290828
[WARN] [tk2000] kbd write addr=$C000 data=$00 cycles=1290950
[WARN] [tk2000] kbd write addr=$C000 data=$01 cycles=1291070
[WARN] [tk2000] kbd read addr=$C010 kbOut=$01 matrix=00 00 00 00 00 00 00 00 -> $00 cycles=1291074
[WARN] [tk2000] kbd write addr=$C000 data=$02 cycles=1291184
[WARN] [tk2000] kbd read addr=$C010 kbOut=$02 matrix=00 00 00 00 00 00 00 00 -> $00 cycles=1291188
[WARN] [tk2000] kbd write addr=$C000 data=$04 cycles=1291298
[WARN] [tk2000] kbd read addr=$C010 kbOut=$04 matrix=00 00 00 00 00 00 00 00 -> $00 cycles=1291302
[WARN] [tk2000] kbd write addr=$C000 data=$08 cycles=1291412
[WARN] [tk2000] kbd read addr=$C010 kbOut=$08 matrix=00 00 00 00 00 00 00 00 -> $00 cycles=1291416
[WARN] [tk2000] kbd write addr=$C000 data=$10 cycles=1291526
[WARN] [tk2000] kbd read addr=$C010 kbOut=$10 matrix=00 00 00 00 00 00 00 00 -> $00 cycles=1291530
[WARN] [tk2000] kbd write addr=$C000 data=$20 cycles=1291640
[WARN] [tk2000] kbd read addr=$C010 kbOut=$20 matrix=00 00 00 00 00 00 00 00 -> $00 cycles=1291644
[WARN] [tk2000] kbd write addr=$C000 data=$40 cycles=1291754
[WARN] [tk2000] kbd read addr=$C010 kbOut=$40 matrix=00 00 00 00 00 00 00 00 -> $00 cycles=1291758
[WARN] [tk2000] kbd write addr=$C000 data=$80 cycles=1291868
[WARN] [tk2000] kbd read addr=$C010 kbOut=$80 matrix=00 00 00 00 00 00 00 00 -> $00 cycles=1291872
[WARN] [tk2000] kbd write addr=$C000 data=$00 cycles=1291994
[WARN] [tk2000] kbd write addr=$C000 data=$01 cycles=1292114
[WARN] [tk2000] kbd read addr=$C010 kbOut=$01 matrix=00 00 00 00 00 00 00 00 -> $00 cycles=1292118
[WARN] [tk2000] kbd write addr=$C000 data=$02 cycles=1292228
[WARN] [tk2000] kbd read addr=$C010 kbOut=$02 matrix=00 00 00 00 00 00 00 00 -> $00 cycles=1292232
[WARN] [tk2000] kbd write addr=$C000 data=$04 cycles=1292342
[WARN] [tk2000] kbd read addr=$C010 kbOut=$04 matrix=00 00 00 00 00 00 00 00 -> $00 cycles=1292346
[WARN] [tk2000] kbd write addr=$C000 data=$08 cycles=1292456
[WARN] [tk2000] kbd read addr=$C010 kbOut=$08 matrix=00 00 00 00 00 00 00 00 -> $00 cycles=1292460
[WARN] [tk2000] kbd write addr=$C000 data=$10 cycles=1292570
[WARN] [tk2000] kbd read addr=$C010 kbOut=$10 matrix=00 00 00 00 00 00 00 00 -> $00 cycles=1292574
[WARN] [tk2000] kbd write addr=$C000 data=$20 cycles=1292684
[WARN] [tk2000] kbd read addr=$C010 kbOut=$20 matrix=00 00 00 00 00 00 00 00 -> $00 cycles=1292688
[WARN] [tk2000] kbd write addr=$C000 data=$40 cycles=1292798
[WARN] [tk2000] kbd read addr=$C010 kbOut=$40 matrix=00 00 00 00 00 00 00 00 -> $00 cycles=1292802
[WARN] [tk2000] kbd write addr=$C000 data=$80 cycles=1292912
[WARN] [tk2000] kbd read addr=$C010 kbOut=$80 matrix=00 00 00 00 00 00 00 00 -> $00 cycles=1292916
[WARN] [tk2000] kbd write addr=$C000 data=$00 cycles=1293038
[WARN] [tk2000] kbd write addr=$C000 data=$01 cycles=1293158
[WARN] [tk2000] kbd read addr=$C010 kbOut=$01 matrix=00 00 00 00 00 00 00 00 -> $00 cycles=1293162
[WARN] [tk2000] kbd write addr=$C000 data=$02 cycles=1293272
[WARN] [tk2000] kbd read addr=$C010 kbOut=$02 matrix=00 00 00 00 00 00 00 00 -> $00 cycles=1293276
[WARN] [tk2000] kbd write addr=$C000 data=$04 cycles=1293386
[WARN] [tk2000] kbd read addr=$C010 kbOut=$04 matrix=00 00 00 00 00 00 00 00 -> $00 cycles=1293390
[WARN] [tk2000] kbd write addr=$C000 data=$08 cycles=1293500
[WARN] [tk2000] kbd read addr=$C010 kbOut=$08 matrix=00 00 00 00 00 00 00 00 -> $00 cycles=1293504
[WARN] [tk2000] kbd write addr=$C000 data=$10 cycles=1293614
[WARN] [tk2000] kbd read addr=$C010 kbOut=$10 matrix=00 00 00 00 00 00 00 00 -> $00 cycles=1293618
[WARN] [tk2000] kbd write addr=$C000 data=$20 cycles=1293728
[WARN] [tk2000] kbd read addr=$C010 kbOut=$20 matrix=00 00 00 00 00 00 00 00 -> $00 cycles=1293732
[WARN] [tk2000] kbd write addr=$C000 data=$40 cycles=1293842
[WARN] [tk2000] kbd read addr=$C010 kbOut=$40 matrix=00 00 00 00 00 00 00 00 -> $00 cycles=1293846
[WARN] [tk2000] kbd write addr=$C000 data=$80 cycles=1293956
[WARN] [tk2000] kbd read addr=$C010 kbOut=$80 matrix=00 00 00 00 00 00 00 00 -> $00 cycles=1293960
[WARN] [tk2000] kbd write addr=$C000 data=$00 cycles=1294082
[WARN] [tk2000] kbd write addr=$C000 data=$01 cycles=1294202
[WARN] [tk2000] kbd read addr=$C010 kbOut=$01 matrix=00 00 00 00 00 00 00 00 -> $00 cycles=1294206
[WARN] [tk2000] kbd write addr=$C000 data=$02 cycles=1294316
[WARN] [tk2000] kbd read addr=$C010 kbOut=$02 matrix=00 00 00 00 00 00 00 00 -> $00 cycles=1294320
[WARN] [tk2000] kbd write addr=$C000 data=$04 cycles=1294430
[WARN] [tk2000] kbd read addr=$C010 kbOut=$04 matrix=00 00 00 00 00 00 00 00 -> $00 cycles=1294434
[WARN] [tk2000] kbd write addr=$C000 data=$08 cycles=1294544
[WARN] [tk2000] kbd read addr=$C010 kbOut=$08 matrix=00 00 00 00 00 00 00 00 -> $00 cycles=1294548
[WARN] [tk2000] kbd write addr=$C000 data=$10 cycles=1294658
[WARN] [tk2000] kbd read addr=$C010 kbOut=$10 matrix=00 00 00 00 00 00 00 00 -> $00 cycles=1294662
[WARN] [tk2000] kbd write addr=$C000 data=$20 cycles=1294772
[WARN] [tk2000] kbd read addr=$C010 kbOut=$20 matrix=00 00 00 00 00 00 00 00 -> $00 cycles=1294776
[WARN] [tk2000] kbd write addr=$C000 data=$40 cycles=1294886
[WARN] [tk2000] kbd read addr=$C010 kbOut=$40 matrix=00 00 00 00 00 00 00 00 -> $00 cycles=1294890
[WARN] [tk2000] kbd write addr=$C000 data=$80 cycles=1295000
[WARN] [tk2000] kbd read addr=$C010 kbOut=$80 matrix=00 00 00 00 00 00 00 00 -> $00 cycles=1295004
[WARN] [tk2000] kbd write addr=$C000 data=$00 cycles=1295126
[WARN] [tk2000] kbd write addr=$C000 data=$01 cycles=1295246
[WARN] [tk2000] kbd read addr=$C010 kbOut=$01 matrix=00 00 00 00 00 00 00 00 -> $00 cycles=1295250
[WARN] [tk2000] kbd write addr=$C000 data=$02 cycles=1295360
[WARN] [tk2000] kbd read addr=$C010 kbOut=$02 matrix=00 00 00 00 00 00 00 00 -> $00 cycles=1295364
[WARN] [tk2000] kbd write addr=$C000 data=$04 cycles=1295474
[WARN] [tk2000] kbd read addr=$C010 kbOut=$04 matrix=00 00 00 00 00 00 00 00 -> $00 cycles=1295478
[WARN] [tk2000] kbd write addr=$C000 data=$08 cycles=1295588
[WARN] [tk2000] kbd read addr=$C010 kbOut=$08 matrix=00 00 00 00 00 00 00 00 -> $00 cycles=1295592
[WARN] [tk2000] kbd write addr=$C000 data=$10 cycles=1295702
[WARN] [tk2000] kbd read addr=$C010 kbOut=$10 matrix=00 00 00 00 00 00 00 00 -> $00 cycles=1295706
[WARN] [tk2000] kbd write addr=$C000 data=$20 cycles=1295816
[WARN] [tk2000] kbd read addr=$C010 kbOut=$20 matrix=00 00 00 00 00 00 00 00 -> $00 cycles=1295820
[WARN] [tk2000] kbd write addr=$C000 data=$40 cycles=1295930
[WARN] [tk2000] kbd read addr=$C010 kbOut=$40 matrix=00 00 00 00 00 00 00 00 -> $00 cycles=1295934
[WARN] [tk2000] kbd write addr=$C000 data=$80 cycles=1296044
[WARN] [tk2000] kbd read addr=$C010 kbOut=$80 matrix=00 00 00 00 00 00 00 00 -> $00 cycles=1296048
[WARN] [tk2000] kbd write addr=$C000 data=$00 cycles=1296170
[WARN] [tk2000] kbd write addr=$C000 data=$01 cycles=1296290
[WARN] [tk2000] kbd read addr=$C010 kbOut=$01 matrix=00 00 00 00 00 00 00 00 -> $00 cycles=1296294
[WARN] [tk2000] kbd write addr=$C000 data=$02 cycles=1296404
[WARN] [tk2000] kbd read addr=$C010 kbOut=$02 matrix=00 00 00 00 00 00 00 00 -> $00 cycles=1296408
[WARN] [tk2000] kbd write addr=$C000 data=$04 cycles=1296518
[WARN] [tk2000] kbd read addr=$C010 kbOut=$04 matrix=00 00 00 00 00 00 00 00 -> $00 cycles=1296522
[WARN] [tk2000] kbd write addr=$C000 data=$08 cycles=1296632
[WARN] [tk2000] kbd read addr=$C010 kbOut=$08 matrix=00 00 00 00 00 00 00 00 -> $00 cycles=1296636
[WARN] [tk2000] kbd write addr=$C000 data=$10 cycles=1296746
[WARN] [tk2000] kbd read addr=$C010 kbOut=$10 matrix=00 00 00 00 00 00 00 00 -> $00 cycles=1296750
[WARN] [tk2000] kbd write addr=$C000 data=$20 cycles=1296860
[WARN] [tk2000] kbd read addr=$C010 kbOut=$20 matrix=00 00 00 00 00 00 00 00 -> $00 cycles=1296864
[WARN] [tk2000] kbd write addr=$C000 data=$40 cycles=1296974
[WARN] [tk2000] kbd read addr=$C010 kbOut=$40 matrix=00 00 00 00 00 00 00 00 -> $00 cycles=1296978
[WARN] [tk2000] kbd write addr=$C000 data=$80 cycles=1297088
[WARN] [tk2000] kbd read addr=$C010 kbOut=$80 matrix=00 00 00 00 00 00 00 00 -> $00 cycles=1297092
[WARN] [tk2000] kbd write addr=$C000 data=$00 cycles=1297214
[WARN] [tk2000] kbd write addr=$C000 data=$01 cycles=1297334
[WARN] [tk2000] kbd read addr=$C010 kbOut=$01 matrix=00 00 00 00 00 00 00 00 -> $00 cycles=1297338
[WARN] [tk2000] kbd write addr=$C000 data=$02 cycles=1297448
[WARN] [tk2000] kbd read addr=$C010 kbOut=$02 matrix=00 00 00 00 00 00 00 00 -> $00 cycles=1297452
[WARN] [tk2000] kbd write addr=$C000 data=$04 cycles=1297562
[WARN] [tk2000] kbd read addr=$C010 kbOut=$04 matrix=00 00 00 00 00 00 00 00 -> $00 cycles=1297566
[WARN] [tk2000] kbd write addr=$C000 data=$08 cycles=1297676
[WARN] [tk2000] kbd read addr=$C010 kbOut=$08 matrix=00 00 00 00 00 00 00 00 -> $00 cycles=1297680
[WARN] [tk2000] kbd write addr=$C000 data=$10 cycles=1297790
[WARN] [tk2000] kbd read addr=$C010 kbOut=$10 matrix=00 00 00 00 00 00 00 00 -> $00 cycles=1297794
[WARN] [tk2000] kbd write addr=$C000 data=$20 cycles=1297904
[WARN] [tk2000] kbd read addr=$C010 kbOut=$20 matrix=00 00 00 00 00 00 00 00 -> $00 cycles=1297908
[WARN] [tk2000] kbd write addr=$C000 data=$40 cycles=1298018
[WARN] [tk2000] kbd read addr=$C010 kbOut=$40 matrix=00 00 00 00 00 00 00 00 -> $00 cycles=1298022
[WARN] [tk2000] kbd write addr=$C000 data=$80 cycles=1298132
[WARN] [tk2000] kbd read addr=$C010 kbOut=$80 matrix=00 00 00 00 00 00 00 00 -> $00 cycles=1298136
[WARN] [tk2000] kbd write addr=$C000 data=$00 cycles=1298258
[WARN] [tk2000] kbd write addr=$C000 data=$01 cycles=1298378
[WARN] [tk2000] kbd read addr=$C010 kbOut=$01 matrix=00 00 00 00 00 00 00 00 -> $00 cycles=1298382
[WARN] [tk2000] kbd write addr=$C000 data=$02 cycles=1298492
[WARN] [tk2000] kbd read addr=$C010 kbOut=$02 matrix=00 00 00 00 00 00 00 00 -> $00 cycles=1298496
[WARN] [tk2000] kbd write addr=$C000 data=$04 cycles=1298606
[WARN] [tk2000] kbd read addr=$C010 kbOut=$04 matrix=00 00 00 00 00 00 00 00 -> $00 cycles=1298610
[WARN] [tk2000] kbd write addr=$C000 data=$08 cycles=1298720
[WARN] [tk2000] kbd read addr=$C010 kbOut=$08 matrix=00 00 00 00 00 00 00 00 -> $00 cycles=1298724
[WARN] [tk2000] kbd write addr=$C000 data=$10 cycles=1298834
[WARN] [tk2000] kbd read addr=$C010 kbOut=$10 matrix=00 00 00 00 00 00 00 00 -> $00 cycles=1298838
[WARN] [tk2000] kbd write addr=$C000 data=$20 cycles=1298948
[WARN] [tk2000] kbd read addr=$C010 kbOut=$20 matrix=00 00 00 00 00 00 00 00 -> $00 cycles=1298952
[WARN] [tk2000] kbd write addr=$C000 data=$40 cycles=1299062
[WARN] [tk2000] kbd read addr=$C010 kbOut=$40 matrix=00 00 00 00 00 00 00 00 -> $00 cycles=1299066
[WARN] [tk2000] kbd write addr=$C000 data=$80 cycles=1299176
[WARN] [tk2000] kbd read addr=$C010 kbOut=$80 matrix=00 00 00 00 00 00 00 00 -> $00 cycles=1299180
[WARN] [tk2000] kbd write addr=$C000 data=$00 cycles=1299302
[WARN] [tk2000] kbd write addr=$C000 data=$01 cycles=1299422
[WARN] [tk2000] kbd read addr=$C010 kbOut=$01 matrix=00 00 00 00 00 00 00 00 -> $00 cycles=1299426
[WARN] [tk2000] kbd write addr=$C000 data=$02 cycles=1299536
[WARN] [tk2000] kbd read addr=$C010 kbOut=$02 matrix=00 00 00 00 00 00 00 00 -> $00 cycles=1299540
[WARN] [tk2000] kbd write addr=$C000 data=$04 cycles=1299650
[WARN] [tk2000] kbd read addr=$C010 kbOut=$04 matrix=00 00 00 00 00 00 00 00 -> $00 cycles=1299654
[WARN] [tk2000] kbd write addr=$C000 data=$08 cycles=1299764
[WARN] [tk2000] kbd read addr=$C010 kbOut=$08 matrix=00 00 00 00 00 00 00 00 -> $00 cycles=1299768
[WARN] [tk2000] kbd write addr=$C000 data=$10 cycles=1299878
[WARN] [tk2000] kbd read addr=$C010 kbOut=$10 matrix=00 00 00 00 00 00 00 00 -> $00 cycles=1299882
[WARN] [tk2000] kbd write addr=$C000 data=$20 cycles=1299992
[WARN] [tk2000] kbd read addr=$C010 kbOut=$20 matrix=00 00 00 00 00 00 00 00 -> $00 cycles=1299996
[WARN] [tk2000] kbd write addr=$C000 data=$40 cycles=1300106
[WARN] [tk2000] kbd read addr=$C010 kbOut=$40 matrix=00 00 00 00 00 00 00 00 -> $00 cycles=1300110
[WARN] [tk2000] kbd write addr=$C000 data=$80 cycles=1300220
[WARN] [tk2000] kbd read addr=$C010 kbOut=$80 matrix=00 00 00 00 00 00 00 00 -> $00 cycles=1300224
[WARN] [tk2000] kbd write addr=$C000 data=$00 cycles=1300346
[WARN] [tk2000] kbd write addr=$C000 data=$01 cycles=1300466
[WARN] [tk2000] kbd read addr=$C010 kbOut=$01 matrix=00 00 00 00 00 00 00 00 -> $00 cycles=1300470
[WARN] [tk2000] kbd write addr=$C000 data=$02 cycles=1300580
[WARN] [tk2000] kbd read addr=$C010 kbOut=$02 matrix=00 00 00 00 00 00 00 00 -> $00 cycles=1300584
[WARN] [tk2000] kbd write addr=$C000 data=$04 cycles=1300694
[WARN] [tk2000] kbd read addr=$C010 kbOut=$04 matrix=00 00 00 00 00 00 00 00 -> $00 cycles=1300698
[WARN] [tk2000] kbd write addr=$C000 data=$08 cycles=1300808
[WARN] [tk2000] kbd read addr=$C010 kbOut=$08 matrix=00 00 00 00 00 00 00 00 -> $00 cycles=1300812
[WARN] [tk2000] kbd write addr=$C000 data=$10 cycles=1300922
[WARN] [tk2000] kbd read addr=$C010 kbOut=$10 matrix=00 00 00 00 00 00 00 00 -> $00 cycles=1300926
[WARN] [tk2000] kbd write addr=$C000 data=$20 cycles=1301036
[WARN] [tk2000] kbd read addr=$C010 kbOut=$20 matrix=00 00 00 00 00 00 00 00 -> $00 cycles=1301040
[WARN] [tk2000] kbd write addr=$C000 data=$40 cycles=1301150
[WARN] [tk2000] kbd read addr=$C010 kbOut=$40 matrix=00 00 00 00 00 00 00 00 -> $00 cycles=1301154
[WARN] [tk2000] kbd write addr=$C000 data=$80 cycles=1301264
[WARN] [tk2000] kbd read addr=$C010 kbOut=$80 matrix=00 00 00 00 00 00 00 00 -> $00 cycles=1301268
[WARN] [tk2000] kbd write addr=$C000 data=$00 cycles=1301390
[WARN] [tk2000] kbd write addr=$C000 data=$01 cycles=1301510
[WARN] [tk2000] kbd read addr=$C010 kbOut=$01 matrix=00 00 00 00 00 00 00 00 -> $00 cycles=1301514
[WARN] [tk2000] kbd write addr=$C000 data=$02 cycles=1301624
[WARN] [tk2000] kbd read addr=$C010 kbOut=$02 matrix=00 00 00 00 00 00 00 00 -> $00 cycles=1301628
[WARN] [tk2000] kbd write addr=$C000 data=$04 cycles=1301738
[WARN] [tk2000] kbd read addr=$C010 kbOut=$04 matrix=00 00 00 00 00 00 00 00 -> $00 cycles=1301742
[WARN] [tk2000] kbd write addr=$C000 data=$08 cycles=1301852
[WARN] [tk2000] kbd read addr=$C010 kbOut=$08 matrix=00 00 00 00 00 00 00 00 -> $00 cycles=1301856
[WARN] [tk2000] kbd write addr=$C000 data=$10 cycles=1301966
[WARN] [tk2000] kbd read addr=$C010 kbOut=$10 matrix=00 00 00 00 00 00 00 00 -> $00 cycles=1301970
[WARN] [tk2000] kbd write addr=$C000 data=$20 cycles=1302080
[WARN] [tk2000] kbd read addr=$C010 kbOut=$20 matrix=00 00 00 00 00 00 00 00 -> $00 cycles=1302084
[WARN] [tk2000] kbd write addr=$C000 data=$40 cycles=1302194
[WARN] [tk2000] kbd read addr=$C010 kbOut=$40 matrix=00 00 00 00 00 00 00 00 -> $00 cycles=1302198
[WARN] [tk2000] kbd write addr=$C000 data=$80 cycles=1302308
[WARN] [tk2000] kbd read addr=$C010 kbOut=$80 matrix=00 00 00 00 00 00 00 00 -> $00 cycles=1302312
[WARN] [tk2000] kbd write addr=$C000 data=$00 cycles=1302434
[WARN] [tk2000] kbd write addr=$C000 data=$01 cycles=1302554
[WARN] [tk2000] kbd read addr=$C010 kbOut=$01 matrix=00 00 00 00 00 00 00 00 -> $00 cycles=1302558
[WARN] [tk2000] kbd write addr=$C000 data=$02 cycles=1302668
[WARN] [tk2000] kbd read addr=$C010 kbOut=$02 matrix=00 00 00 00 00 00 00 00 -> $00 cycles=1302672
[WARN] [tk2000] kbd write addr=$C000 data=$04 cycles=1302782
[WARN] [tk2000] kbd read addr=$C010 kbOut=$04 matrix=00 00 00 00 00 00 00 00 -> $00 cycles=1302786
[WARN] [tk2000] kbd write addr=$C000 data=$08 cycles=1302896
[WARN] [tk2000] kbd read addr=$C010 kbOut=$08 matrix=00 00 00 00 00 00 00 00 -> $00 cycles=1302900
[WARN] [tk2000] kbd write addr=$C000 data=$10 cycles=1303010
[WARN] [tk2000] kbd read addr=$C010 kbOut=$10 matrix=00 00 00 00 00 00 00 00 -> $00 cycles=1303014
[WARN] [tk2000] kbd write addr=$C000 data=$20 cycles=1303124
[WARN] [tk2000] kbd read addr=$C010 kbOut=$20 matrix=00 00 00 00 00 00 00 00 -> $00 cycles=1303128
[WARN] [tk2000] kbd write addr=$C000 data=$40 cycles=1303238
[WARN] [tk2000] kbd read addr=$C010 kbOut=$40 matrix=00 00 00 00 00 00 00 00 -> $00 cycles=1303242
[WARN] [tk2000] kbd write addr=$C000 data=$80 cycles=1303352
[WARN] [tk2000] kbd read addr=$C010 kbOut=$80 matrix=00 00 00 00 00 00 00 00 -> $00 cycles=1303356
[WARN] [tk2000] kbd write addr=$C000 data=$00 cycles=1303478
[WARN] [tk2000] kbd write addr=$C000 data=$01 cycles=1303598
[WARN] [tk2000] kbd read addr=$C010 kbOut=$01 matrix=00 00 00 00 00 00 00 00 -> $00 cycles=1303602
[WARN] [tk2000] kbd write addr=$C000 data=$02 cycles=1303712
[WARN] [tk2000] kbd read addr=$C010 kbOut=$02 matrix=00 00 00 00 00 00 00 00 -> $00 cycles=1303716
[WARN] [tk2000] kbd write addr=$C000 data=$04 cycles=1303826
[WARN] [tk2000] kbd read addr=$C010 kbOut=$04 matrix=00 00 00 00 00 00 00 00 -> $00 cycles=1303830
[WARN] [tk2000] kbd write addr=$C000 data=$08 cycles=1303940
[WARN] [tk2000] kbd read addr=$C010 kbOut=$08 matrix=00 00 00 00 00 00 00 00 -> $00 cycles=1303944
[WARN] [tk2000] kbd write addr=$C000 data=$10 cycles=1304054
[WARN] [tk2000] kbd read addr=$C010 kbOut=$10 matrix=00 00 00 00 00 00 00 00 -> $00 cycles=1304058
[WARN] [tk2000] kbd write addr=$C000 data=$20 cycles=1304168
[WARN] [tk2000] kbd read addr=$C010 kbOut=$20 matrix=00 00 00 00 00 00 00 00 -> $00 cycles=1304172
[WARN] [tk2000] kbd write addr=$C000 data=$40 cycles=1304282
[WARN] [tk2000] kbd read addr=$C010 kbOut=$40 matrix=00 00 00 00 00 00 00 00 -> $00 cycles=1304286
[WARN] [tk2000] kbd write addr=$C000 data=$80 cycles=1304396
[WARN] [tk2000] kbd read addr=$C010 kbOut=$80 matrix=00 00 00 00 00 00 00 00 -> $00 cycles=1304400
[WARN] [tk2000] kbd write addr=$C000 data=$00 cycles=1304522
[WARN] [tk2000] kbd write addr=$C000 data=$01 cycles=1304642
[WARN] [tk2000] kbd read addr=$C010 kbOut=$01 matrix=00 00 00 00 00 00 00 00 -> $00 cycles=1304646
[WARN] [tk2000] kbd write addr=$C000 data=$02 cycles=1304756
[WARN] [tk2000] kbd read addr=$C010 kbOut=$02 matrix=00 00 00 00 00 00 00 00 -> $00 cycles=1304760
[WARN] [tk2000] kbd write addr=$C000 data=$04 cycles=1304870
[WARN] [tk2000] kbd read addr=$C010 kbOut=$04 matrix=00 00 00 00 00 00 00 00 -> $00 cycles=1304874
[WARN] [tk2000] kbd write addr=$C000 data=$08 cycles=1304984
[WARN] [tk2000] kbd read addr=$C010 kbOut=$08 matrix=00 00 00 00 00 00 00 00 -> $00 cycles=1304988
[WARN] [tk2000] kbd write addr=$C000 data=$10 cycles=1305098
[WARN] [tk2000] kbd read addr=$C010 kbOut=$10 matrix=00 00 00 00 00 00 00 00 -> $00 cycles=1305102
[WARN] [tk2000] kbd write addr=$C000 data=$20 cycles=1305212
[WARN] [tk2000] kbd read addr=$C010 kbOut=$20 matrix=00 00 00 00 00 00 00 00 -> $00 cycles=1305216
[WARN] [tk2000] kbd write addr=$C000 data=$40 cycles=1305326
[WARN] [tk2000] kbd read addr=$C010 kbOut=$40 matrix=00 00 00 00 00 00 00 00 -> $00 cycles=1305330
[WARN] [tk2000] kbd write addr=$C000 data=$80 cycles=1305440
[WARN] [tk2000] kbd read addr=$C010 kbOut=$80 matrix=00 00 00 00 00 00 00 00 -> $00 cycles=1305444
[WARN] [tk2000] kbd write addr=$C000 data=$00 cycles=1305566
[WARN] [tk2000] kbd write addr=$C000 data=$01 cycles=1305686
[WARN] [tk2000] kbd read addr=$C010 kbOut=$01 matrix=00 00 00 00 00 00 00 00 -> $00 cycles=1305690
[WARN] [tk2000] kbd write addr=$C000 data=$02 cycles=1305800
[WARN] [tk2000] kbd read addr=$C010 kbOut=$02 matrix=00 00 00 00 00 00 00 00 -> $00 cycles=1305804
[WARN] [tk2000] kbd write addr=$C000 data=$04 cycles=1305914
[WARN] [tk2000] kbd read addr=$C010 kbOut=$04 matrix=00 00 00 00 00 00 00 00 -> $00 cycles=1305918
[WARN] [tk2000] kbd write addr=$C000 data=$08 cycles=1306028
[WARN] [tk2000] kbd read addr=$C010 kbOut=$08 matrix=00 00 00 00 00 00 00 00 -> $00 cycles=1306032
[WARN] [tk2000] kbd write addr=$C000 data=$10 cycles=1306142
[WARN] [tk2000] kbd read addr=$C010 kbOut=$10 matrix=00 00 00 00 00 00 00 00 -> $00 cycles=1306146
[WARN] [tk2000] kbd write addr=$C000 data=$20 cycles=1306256
[WARN] [tk2000] kbd read addr=$C010 kbOut=$20 matrix=00 00 00 00 00 00 00 00 -> $00 cycles=1306260
[WARN] [tk2000] kbd write addr=$C000 data=$40 cycles=1306370
[WARN] [tk2000] kbd read addr=$C010 kbOut=$40 matrix=00 00 00 00 00 00 00 00 -> $00 cycles=1306374
[WARN] [tk2000] kbd write addr=$C000 data=$80 cycles=1306484
[WARN] [tk2000] kbd read addr=$C010 kbOut=$80 matrix=00 00 00 00 00 00 00 00 -> $00 cycles=1306488
[WARN] [tk2000] kbd write addr=$C000 data=$00 cycles=1306610
[WARN] [tk2000] kbd write addr=$C000 data=$01 cycles=1306730
[WARN] [tk2000] kbd read addr=$C010 kbOut=$01 matrix=00 00 00 00 00 00 00 00 -> $00 cycles=1306734
[WARN] [tk2000] kbd write addr=$C000 data=$02 cycles=1306844
[WARN] [tk2000] kbd read addr=$C010 kbOut=$02 matrix=00 00 00 00 00 00 00 00 -> $00 cycles=1306848
[WARN] [tk2000] kbd write addr=$C000 data=$04 cycles=1306958
[WARN] [tk2000] kbd read addr=$C010 kbOut=$04 matrix=00 00 00 00 00 00 00 00 -> $00 cycles=1306962
[WARN] [tk2000] kbd write addr=$C000 data=$08 cycles=1307072
[WARN] [tk2000] kbd read addr=$C010 kbOut=$08 matrix=00 00 00 00 00 00 00 00 -> $00 cycles=1307076
[WARN] [tk2000] kbd write addr=$C000 data=$10 cycles=1307186
[WARN] [tk2000] kbd read addr=$C010 kbOut=$10 matrix=00 00 00 00 00 00 00 00 -> $00 cycles=1307190
[WARN] [tk2000] kbd write addr=$C000 data=$20 cycles=1307300
[WARN] [tk2000] kbd read addr=$C010 kbOut=$20 matrix=00 00 00 00 00 00 00 00 -> $00 cycles=1307304
[WARN] [tk2000] kbd write addr=$C000 data=$40 cycles=1307414
[WARN] [tk2000] kbd read addr=$C010 kbOut=$40 matrix=00 00 00 00 00 00 00 00 -> $00 cycles=1307418
[WARN] [tk2000] kbd write addr=$C000 data=$80 cycles=1307528
[WARN] [tk2000] kbd read addr=$C010 kbOut=$80 matrix=00 00 00 00 00 00 00 00 -> $00 cycles=1307532
[WARN] [tk2000] kbd write addr=$C000 data=$00 cycles=1307654
[WARN] [tk2000] kbd write addr=$C000 data=$01 cycles=1307774
[WARN] [tk2000] kbd read addr=$C010 kbOut=$01 matrix=00 00 00 00 00 00 00 00 -> $00 cycles=1307778
[WARN] [tk2000] kbd write addr=$C000 data=$02 cycles=1307888
[WARN] [tk2000] kbd read addr=$C010 kbOut=$02 matrix=00 00 00 00 00 00 00 00 -> $00 cycles=1307892
[WARN] [tk2000] kbd write addr=$C000 data=$04 cycles=1308002
[WARN] [tk2000] kbd read addr=$C010 kbOut=$04 matrix=00 00 00 00 00 00 00 00 -> $00 cycles=1308006
[WARN] [tk2000] kbd write addr=$C000 data=$08 cycles=1308116
[WARN] [tk2000] kbd read addr=$C010 kbOut=$08 matrix=00 00 00 00 00 00 00 00 -> $00 cycles=1308120
[WARN] [tk2000] kbd write addr=$C000 data=$10 cycles=1308230
[WARN] [tk2000] kbd read addr=$C010 kbOut=$10 matrix=00 00 00 00 00 00 00 00 -> $00 cycles=1308234
[WARN] [tk2000] kbd write addr=$C000 data=$20 cycles=1308344
[WARN] [tk2000] kbd read addr=$C010 kbOut=$20 matrix=00 00 00 00 00 00 00 00 -> $00 cycles=1308348
[WARN] [tk2000] kbd write addr=$C000 data=$40 cycles=1308458
[WARN] [tk2000] kbd read addr=$C010 kbOut=$40 matrix=00 00 00 00 00 00 00 00 -> $00 cycles=1308462
[WARN] [tk2000] kbd write addr=$C000 data=$80 cycles=1308572
[WARN] [tk2000] kbd read addr=$C010 kbOut=$80 matrix=00 00 00 00 00 00 00 00 -> $00 cycles=1308576
[WARN] [tk2000] kbd write addr=$C000 data=$00 cycles=1308698
[WARN] [tk2000] kbd write addr=$C000 data=$01 cycles=1308818
[WARN] [tk2000] kbd read addr=$C010 kbOut=$01 matrix=00 00 00 00 00 00 00 00 -> $00 cycles=1308822
[WARN] [tk2000] kbd write addr=$C000 data=$02 cycles=1308932
[WARN] [tk2000] kbd read addr=$C010 kbOut=$02 matrix=00 00 00 00 00 00 00 00 -> $00 cycles=1308936
[WARN] [tk2000] kbd write addr=$C000 data=$04 cycles=1309046
[WARN] [tk2000] kbd read addr=$C010 kbOut=$04 matrix=00 00 00 00 00 00 00 00 -> $00 cycles=1309050
[WARN] [tk2000] kbd write addr=$C000 data=$08 cycles=1309160
[WARN] [tk2000] kbd read addr=$C010 kbOut=$08 matrix=00 00 00 00 00 00 00 00 -> $00 cycles=1309164
[WARN] [tk2000] kbd write addr=$C000 data=$10 cycles=1309274
[WARN] [tk2000] kbd read addr=$C010 kbOut=$10 matrix=00 00 00 00 00 00 00 00 -> $00 cycles=1309278
[WARN] [tk2000] kbd write addr=$C000 data=$20 cycles=1309388
[WARN] [tk2000] kbd read addr=$C010 kbOut=$20 matrix=00 00 00 00 00 00 00 00 -> $00 cycles=1309392
[WARN] [tk2000] kbd write addr=$C000 data=$40 cycles=1309502
[WARN] [tk2000] kbd read addr=$C010 kbOut=$40 matrix=00 00 00 00 00 00 00 00 -> $00 cycles=1309506
[WARN] [tk2000] kbd write addr=$C000 data=$80 cycles=1309616
[WARN] [tk2000] kbd read addr=$C010 kbOut=$80 matrix=00 00 00 00 00 00 00 00 -> $00 cycles=1309620
[WARN] [tk2000] kbd write addr=$C000 data=$00 cycles=1309742
[WARN] [tk2000] kbd write addr=$C000 data=$01 cycles=1309862
[WARN] [tk2000] kbd read addr=$C010 kbOut=$01 matrix=00 00 00 00 00 00 00 00 -> $00 cycles=1309866
[WARN] [tk2000] kbd write addr=$C000 data=$02 cycles=1309976
[WARN] [tk2000] kbd read addr=$C010 kbOut=$02 matrix=00 00 00 00 00 00 00 00 -> $00 cycles=1309980
[WARN] [tk2000] kbd write addr=$C000 data=$04 cycles=1310090
[WARN] [tk2000] kbd read addr=$C010 kbOut=$04 matrix=00 00 00 00 00 00 00 00 -> $00 cycles=1310094
[WARN] [tk2000] kbd write addr=$C000 data=$08 cycles=1310204
[WARN] [tk2000] kbd read addr=$C010 kbOut=$08 matrix=00 00 00 00 00 00 00 00 -> $00 cycles=1310208
[WARN] [tk2000] kbd write addr=$C000 data=$10 cycles=1310318
[WARN] [tk2000] kbd read addr=$C010 kbOut=$10 matrix=00 00 00 00 00 00 00 00 -> $00 cycles=1310322
[WARN] [tk2000] kbd write addr=$C000 data=$20 cycles=1310432
[WARN] [tk2000] kbd read addr=$C010 kbOut=$20 matrix=00 00 00 00 00 00 00 00 -> $00 cycles=1310436
[WARN] [tk2000] kbd write addr=$C000 data=$40 cycles=1310546
[WARN] [tk2000] kbd read addr=$C010 kbOut=$40 matrix=00 00 00 00 00 00 00 00 -> $00 cycles=1310550
[WARN] [tk2000] kbd write addr=$C000 data=$80 cycles=1310660
[WARN] [tk2000] kbd read addr=$C010 kbOut=$80 matrix=00 00 00 00 00 00 00 00 -> $00 cycles=1310664
[WARN] [tk2000] kbd write addr=$C000 data=$00 cycles=1310786
[WARN] [tk2000] kbd write addr=$C000 data=$01 cycles=1310906
[WARN] [tk2000] kbd read addr=$C010 kbOut=$01 matrix=00 00 00 00 00 00 00 00 -> $00 cycles=1310910
[WARN] [tk2000] kbd write addr=$C000 data=$02 cycles=1311020
[WARN] [tk2000] kbd read addr=$C010 kbOut=$02 matrix=00 00 00 00 00 00 00 00 -> $00 cycles=1311024
[WARN] [tk2000] kbd write addr=$C000 data=$04 cycles=1311134
[WARN] [tk2000] kbd read addr=$C010 kbOut=$04 matrix=00 00 00 00 00 00 00 00 -> $00 cycles=1311138
[WARN] [tk2000] kbd write addr=$C000 data=$08 cycles=1311248
[WARN] [tk2000] kbd read addr=$C010 kbOut=$08 matrix=00 00 00 00 00 00 00 00 -> $00 cycles=1311252
[WARN] [tk2000] kbd write addr=$C000 data=$10 cycles=1311362
[WARN] [tk2000] kbd read addr=$C010 kbOut=$10 matrix=00 00 00 00 00 00 00 00 -> $00 cycles=1311366
[WARN] [tk2000] kbd write addr=$C000 data=$20 cycles=1311476
[WARN] [tk2000] kbd read addr=$C010 kbOut=$20 matrix=00 00 00 00 00 00 00 00 -> $00 cycles=1311480
[WARN] [tk2000] kbd write addr=$C000 data=$40 cycles=1311590
[WARN] [tk2000] kbd read addr=$C010 kbOut=$40 matrix=00 00 00 00 00 00 00 00 -> $00 cycles=1311594
[WARN] [tk2000] kbd write addr=$C000 data=$80 cycles=1311704
[WARN] [tk2000] kbd read addr=$C010 kbOut=$80 matrix=00 00 00 00 00 00 00 00 -> $00 cycles=1311708
[WARN] [tk2000] kbd write addr=$C000 data=$00 cycles=1311830
[WARN] [tk2000] kbd write addr=$C000 data=$01 cycles=1311950
[WARN] [tk2000] kbd read addr=$C010 kbOut=$01 matrix=00 00 00 00 00 00 00 00 -> $00 cycles=1311954
[WARN] [tk2000] kbd write addr=$C000 data=$02 cycles=1312064
[WARN] [tk2000] kbd read addr=$C010 kbOut=$02 matrix=00 00 00 00 00 00 00 00 -> $00 cycles=1312068
[WARN] [tk2000] kbd write addr=$C000 data=$04 cycles=1312178
[WARN] [tk2000] kbd read addr=$C010 kbOut=$04 matrix=00 00 00 00 00 00 00 00 -> $00 cycles=1312182
[WARN] [tk2000] kbd write addr=$C000 data=$08 cycles=1312292
[WARN] [tk2000] kbd read addr=$C010 kbOut=$08 matrix=00 00 00 00 00 00 00 00 -> $00 cycles=1312296
[WARN] [tk2000] kbd write addr=$C000 data=$10 cycles=1312406
[WARN] [tk2000] kbd read addr=$C010 kbOut=$10 matrix=00 00 00 00 00 00 00 00 -> $00 cycles=1312410
[WARN] [tk2000] kbd write addr=$C000 data=$20 cycles=1312520
[WARN] [tk2000] kbd read addr=$C010 kbOut=$20 matrix=00 00 00 00 00 00 00 00 -> $00 cycles=1312524
[WARN] [tk2000] kbd write addr=$C000 data=$40 cycles=1312634
[WARN] [tk2000] kbd read addr=$C010 kbOut=$40 matrix=00 00 00 00 00 00 00 00 -> $00 cycles=1312638
[WARN] [tk2000] kbd write addr=$C000 data=$80 cycles=1312748
[WARN] [tk2000] kbd read addr=$C010 kbOut=$80 matrix=00 00 00 00 00 00 00 00 -> $00 cycles=1312752
[WARN] [tk2000] kbd write addr=$C000 data=$00 cycles=1312874
[WARN] [tk2000] kbd write addr=$C000 data=$01 cycles=1312994
[WARN] [tk2000] kbd read addr=$C010 kbOut=$01 matrix=00 00 00 00 00 00 00 00 -> $00 cycles=1312998
[WARN] [tk2000] kbd write addr=$C000 data=$02 cycles=1313108
[WARN] [tk2000] kbd read addr=$C010 kbOut=$02 matrix=00 00 00 00 00 00 00 00 -> $00 cycles=1313112
[WARN] [tk2000] kbd write addr=$C000 data=$04 cycles=1313222
[WARN] [tk2000] kbd read addr=$C010 kbOut=$04 matrix=00 00 00 00 00 00 00 00 -> $00 cycles=1313226
[WARN] [tk2000] kbd write addr=$C000 data=$08 cycles=1313336
[WARN] [tk2000] kbd read addr=$C010 kbOut=$08 matrix=00 00 00 00 00 00 00 00 -> $00 cycles=1313340
[WARN] [tk2000] kbd write addr=$C000 data=$10 cycles=1313450
[WARN] [tk2000] kbd read addr=$C010 kbOut=$10 matrix=00 00 00 00 00 00 00 00 -> $00 cycles=1313454
[WARN] [tk2000] kbd write addr=$C000 data=$20 cycles=1313564
[WARN] [tk2000] kbd read addr=$C010 kbOut=$20 matrix=00 00 00 00 00 00 00 00 -> $00 cycles=1313568
[WARN] [tk2000] kbd write addr=$C000 data=$40 cycles=1313678
[WARN] [tk2000] kbd read addr=$C010 kbOut=$40 matrix=00 00 00 00 00 00 00 00 -> $00 cycles=1313682
[WARN] [tk2000] kbd write addr=$C000 data=$80 cycles=1313792
[WARN] [tk2000] kbd read addr=$C010 kbOut=$80 matrix=00 00 00 00 00 00 00 00 -> $00 cycles=1313796
[WARN] [tk2000] kbd write addr=$C000 data=$00 cycles=1313918
[WARN] [tk2000] kbd write addr=$C000 data=$01 cycles=1314038
[WARN] [tk2000] kbd read addr=$C010 kbOut=$01 matrix=00 00 00 00 00 00 00 00 -> $00 cycles=1314042
[WARN] [tk2000] kbd write addr=$C000 data=$02 cycles=1314152
[WARN] [tk2000] kbd read addr=$C010 kbOut=$02 matrix=00 00 00 00 00 00 00 00 -> $00 cycles=1314156
[WARN] [tk2000] kbd write addr=$C000 data=$04 cycles=1314266
[WARN] [tk2000] kbd read addr=$C010 kbOut=$04 matrix=00 00 00 00 00 00 00 00 -> $00 cycles=1314270
[WARN] [tk2000] kbd write addr=$C000 data=$08 cycles=1314380
[WARN] [tk2000] kbd read addr=$C010 kbOut=$08 matrix=00 00 00 00 00 00 00 00 -> $00 cycles=1314384
[WARN] [tk2000] kbd write addr=$C000 data=$10 cycles=1314494
[WARN] [tk2000] kbd read addr=$C010 kbOut=$10 matrix=00 00 00 00 00 00 00 00 -> $00 cycles=1314498
[WARN] [tk2000] kbd write addr=$C000 data=$20 cycles=1314608
[WARN] [tk2000] kbd read addr=$C010 kbOut=$20 matrix=00 00 00 00 00 00 00 00 -> $00 cycles=1314612
[WARN] [tk2000] kbd write addr=$C000 data=$40 cycles=1314722
[WARN] [tk2000] kbd read addr=$C010 kbOut=$40 matrix=00 00 00 00 00 00 00 00 -> $00 cycles=1314726
[WARN] [tk2000] kbd write addr=$C000 data=$80 cycles=1314836
[WARN] [tk2000] kbd read addr=$C010 kbOut=$80 matrix=00 00 00 00 00 00 00 00 -> $00 cycles=1314840
[WARN] [tk2000] kbd write addr=$C000 data=$00 cycles=1314962
[WARN] [tk2000] kbd write addr=$C000 data=$01 cycles=1315082
[WARN] [tk2000] kbd read addr=$C010 kbOut=$01 matrix=00 00 00 00 00 00 00 00 -> $00 cycles=1315086
[WARN] [tk2000] kbd write addr=$C000 data=$02 cycles=1315196
[WARN] [tk2000] kbd read addr=$C010 kbOut=$02 matrix=00 00 00 00 00 00 00 00 -> $00 cycles=1315200
[WARN] [tk2000] kbd write addr=$C000 data=$04 cycles=1315310
[WARN] [tk2000] kbd read addr=$C010 kbOut=$04 matrix=00 00 00 00 00 00 00 00 -> $00 cycles=1315314
[WARN] [tk2000] kbd write addr=$C000 data=$08 cycles=1315424
[WARN] [tk2000] kbd read addr=$C010 kbOut=$08 matrix=00 00 00 00 00 00 00 00 -> $00 cycles=1315428
[WARN] [tk2000] kbd write addr=$C000 data=$10 cycles=1315538
[WARN] [tk2000] kbd read addr=$C010 kbOut=$10 matrix=00 00 00 00 00 00 00 00 -> $00 cycles=1315542
[WARN] [tk2000] kbd write addr=$C000 data=$20 cycles=1315652
[WARN] [tk2000] kbd read addr=$C010 kbOut=$20 matrix=00 00 00 00 00 00 00 00 -> $00 cycles=1315656
[WARN] [tk2000] kbd write addr=$C000 data=$40 cycles=1315766
[WARN] [tk2000] kbd read addr=$C010 kbOut=$40 matrix=00 00 00 00 00 00 00 00 -> $00 cycles=1315770
[WARN] [tk2000] kbd write addr=$C000 data=$80 cycles=1315880
[WARN] [tk2000] kbd read addr=$C010 kbOut=$80 matrix=00 00 00 00 00 00 00 00 -> $00 cycles=1315884
[WARN] [tk2000] kbd write addr=$C000 data=$00 cycles=1316006
[WARN] [tk2000] kbd write addr=$C000 data=$01 cycles=1316126
[WARN] [tk2000] kbd read addr=$C010 kbOut=$01 matrix=00 00 00 00 00 00 00 00 -> $00 cycles=1316130
[WARN] [tk2000] kbd write addr=$C000 data=$02 cycles=1316240
[WARN] [tk2000] kbd read addr=$C010 kbOut=$02 matrix=00 00 00 00 00 00 00 00 -> $00 cycles=1316244
[WARN] [tk2000] kbd write addr=$C000 data=$04 cycles=1316354
[WARN] [tk2000] kbd read addr=$C010 kbOut=$04 matrix=00 00 00 00 00 00 00 00 -> $00 cycles=1316358
[WARN] [tk2000] kbd write addr=$C000 data=$08 cycles=1316468
[WARN] [tk2000] kbd read addr=$C010 kbOut=$08 matrix=00 00 00 00 00 00 00 00 -> $00 cycles=1316472
[WARN] [tk2000] kbd write addr=$C000 data=$10 cycles=1316582
[WARN] [tk2000] kbd read addr=$C010 kbOut=$10 matrix=00 00 00 00 00 00 00 00 -> $00 cycles=1316586
[WARN] [tk2000] kbd write addr=$C000 data=$20 cycles=1316696
[WARN] [tk2000] kbd read addr=$C010 kbOut=$20 matrix=00 00 00 00 00 00 00 00 -> $00 cycles=1316700
[WARN] [tk2000] kbd write addr=$C000 data=$40 cycles=1316810
[WARN] [tk2000] kbd read addr=$C010 kbOut=$40 matrix=00 00 00 00 00 00 00 00 -> $00 cycles=1316814
[WARN] [tk2000] kbd write addr=$C000 data=$80 cycles=1316924
[WARN] [tk2000] kbd read addr=$C010 kbOut=$80 matrix=00 00 00 00 00 00 00 00 -> $00 cycles=1316928
[WARN] [tk2000] kbd write addr=$C000 data=$00 cycles=1317050
[WARN] [tk2000] kbd write addr=$C000 data=$01 cycles=1317170
[WARN] [tk2000] kbd read addr=$C010 kbOut=$01 matrix=00 00 00 00 00 00 00 00 -> $00 cycles=1317174
[WARN] [tk2000] kbd write addr=$C000 data=$02 cycles=1317284
[WARN] [tk2000] kbd read addr=$C010 kbOut=$02 matrix=00 00 00 00 00 00 00 00 -> $00 cycles=1317288
[WARN] [tk2000] kbd write addr=$C000 data=$04 cycles=1317398
[WARN] [tk2000] kbd read addr=$C010 kbOut=$04 matrix=00 00 00 00 00 00 00 00 -> $00 cycles=1317402
[WARN] [tk2000] kbd write addr=$C000 data=$08 cycles=1317512
[WARN] [tk2000] kbd read addr=$C010 kbOut=$08 matrix=00 00 00 00 00 00 00 00 -> $00 cycles=1317516
[WARN] [tk2000] kbd write addr=$C000 data=$10 cycles=1317626
[WARN] [tk2000] kbd read addr=$C010 kbOut=$10 matrix=00 00 00 00 00 00 00 00 -> $00 cycles=1317630
[WARN] [tk2000] kbd write addr=$C000 data=$20 cycles=1317740
[WARN] [tk2000] kbd read addr=$C010 kbOut=$20 matrix=00 00 00 00 00 00 00 00 -> $00 cycles=1317744
[WARN] [tk2000] kbd write addr=$C000 data=$40 cycles=1317854
[WARN] [tk2000] kbd read addr=$C010 kbOut=$40 matrix=00 00 00 00 00 00 00 00 -> $00 cycles=1317858
[WARN] [tk2000] kbd write addr=$C000 data=$80 cycles=1317968
[WARN] [tk2000] kbd read addr=$C010 kbOut=$80 matrix=00 00 00 00 00 00 00 00 -> $00 cycles=1317972
[WARN] [tk2000] kbd write addr=$C000 data=$00 cycles=1318094
[WARN] [tk2000] kbd write addr=$C000 data=$01 cycles=1318214
[WARN] [tk2000] kbd read addr=$C010 kbOut=$01 matrix=00 00 00 00 00 00 00 00 -> $00 cycles=1318218
[WARN] [tk2000] kbd write addr=$C000 data=$02 cycles=1318328
[WARN] [tk2000] kbd read addr=$C010 kbOut=$02 matrix=00 00 00 00 00 00 00 00 -> $00 cycles=1318332
[WARN] [tk2000] kbd write addr=$C000 data=$04 cycles=1318442
[WARN] [tk2000] kbd read addr=$C010 kbOut=$04 matrix=00 00 00 00 00 00 00 00 -> $00 cycles=1318446
[WARN] [tk2000] kbd write addr=$C000 data=$08 cycles=1318556
[WARN] [tk2000] kbd read addr=$C010 kbOut=$08 matrix=00 00 00 00 00 00 00 00 -> $00 cycles=1318560
[WARN] [tk2000] kbd write addr=$C000 data=$10 cycles=1318670
[WARN] [tk2000] kbd read addr=$C010 kbOut=$10 matrix=00 00 00 00 00 00 00 00 -> $00 cycles=1318674
[WARN] [tk2000] kbd write addr=$C000 data=$20 cycles=1318784
[WARN] [tk2000] kbd read addr=$C010 kbOut=$20 matrix=00 00 00 00 00 00 00 00 -> $00 cycles=1318788
[WARN] [tk2000] kbd write addr=$C000 data=$40 cycles=1318898
[WARN] [tk2000] kbd read addr=$C010 kbOut=$40 matrix=00 00 00 00 00 00 00 00 -> $00 cycles=1318902
[WARN] [tk2000] kbd write addr=$C000 data=$80 cycles=1319012
[WARN] [tk2000] kbd read addr=$C010 kbOut=$80 matrix=00 00 00 00 00 00 00 00 -> $00 cycles=1319016
[WARN] [tk2000] kbd write addr=$C000 data=$00 cycles=1319138
[WARN] [tk2000] kbd write addr=$C000 data=$01 cycles=1319258
[WARN] [tk2000] kbd read addr=$C010 kbOut=$01 matrix=00 00 00 00 00 00 00 00 -> $00 cycles=1319262
[WARN] [tk2000] kbd write addr=$C000 data=$02 cycles=1319372
[WARN] [tk2000] kbd read addr=$C010 kbOut=$02 matrix=00 00 00 00 00 00 00 00 -> $00 cycles=1319376
[WARN] [tk2000] kbd write addr=$C000 data=$04 cycles=1319486
[WARN] [tk2000] kbd read addr=$C010 kbOut=$04 matrix=00 00 00 00 00 00 00 00 -> $00 cycles=1319490
[WARN] [tk2000] kbd write addr=$C000 data=$08 cycles=1319600
[WARN] [tk2000] kbd read addr=$C010 kbOut=$08 matrix=00 00 00 00 00 00 00 00 -> $00 cycles=1319604
[WARN] [tk2000] kbd write addr=$C000 data=$10 cycles=1319714
[WARN] [tk2000] kbd read addr=$C010 kbOut=$10 matrix=00 00 00 00 00 00 00 00 -> $00 cycles=1319718
[WARN] [tk2000] kbd write addr=$C000 data=$20 cycles=1319828
[WARN] [tk2000] kbd read addr=$C010 kbOut=$20 matrix=00 00 00 00 00 00 00 00 -> $00 cycles=1319832
[WARN] [tk2000] kbd write addr=$C000 data=$40 cycles=1319942
[WARN] [tk2000] kbd read addr=$C010 kbOut=$40 matrix=00 00 00 00 00 00 00 00 -> $00 cycles=1319946
[WARN] [tk2000] kbd write addr=$C000 data=$80 cycles=1320056
[WARN] [tk2000] kbd read addr=$C010 kbOut=$80 matrix=00 00 00 00 00 00 00 00 -> $00 cycles=1320060
[WARN] [tk2000] kbd write addr=$C000 data=$00 cycles=1320182
[WARN] [tk2000] kbd write addr=$C000 data=$01 cycles=1320302
[WARN] [tk2000] kbd read addr=$C010 kbOut=$01 matrix=00 00 00 00 00 00 00 00 -> $00 cycles=1320306
[WARN] [tk2000] kbd write addr=$C000 data=$02 cycles=1320416
[WARN] [tk2000] kbd read addr=$C010 kbOut=$02 matrix=00 00 00 00 00 00 00 00 -> $00 cycles=1320420
[WARN] [tk2000] kbd write addr=$C000 data=$04 cycles=1320530
[WARN] [tk2000] kbd read addr=$C010 kbOut=$04 matrix=00 00 00 00 00 00 00 00 -> $00 cycles=1320534
[WARN] [tk2000] kbd write addr=$C000 data=$08 cycles=1320644
[WARN] [tk2000] kbd read addr=$C010 kbOut=$08 matrix=00 00 00 00 00 00 00 00 -> $00 cycles=1320648
[WARN] [tk2000] kbd write addr=$C000 data=$10 cycles=1320758
[WARN] [tk2000] kbd read addr=$C010 kbOut=$10 matrix=00 00 00 00 00 00 00 00 -> $00 cycles=1320762
[WARN] [tk2000] kbd write addr=$C000 data=$20 cycles=1320872
[WARN] [tk2000] kbd read addr=$C010 kbOut=$20 matrix=00 00 00 00 00 00 00 00 -> $00 cycles=1320876
[WARN] [tk2000] kbd write addr=$C000 data=$40 cycles=1320986
[WARN] [tk2000] kbd read addr=$C010 kbOut=$40 matrix=00 00 00 00 00 00 00 00 -> $00 cycles=1320990
[WARN] [tk2000] kbd write addr=$C000 data=$80 cycles=1321100
[WARN] [tk2000] kbd read addr=$C010 kbOut=$80 matrix=00 00 00 00 00 00 00 00 -> $00 cycles=1321104
[WARN] [tk2000] kbd write addr=$C000 data=$00 cycles=1321226
[WARN] [tk2000] kbd write addr=$C000 data=$01 cycles=1321346
[WARN] [tk2000] kbd read addr=$C010 kbOut=$01 matrix=00 00 00 00 00 00 00 00 -> $00 cycles=1321350
[WARN] [tk2000] kbd write addr=$C000 data=$02 cycles=1321460
[WARN] [tk2000] kbd read addr=$C010 kbOut=$02 matrix=00 00 00 00 00 00 00 00 -> $00 cycles=1321464
[WARN] [tk2000] kbd write addr=$C000 data=$04 cycles=1321574
[WARN] [tk2000] kbd read addr=$C010 kbOut=$04 matrix=00 00 00 00 00 00 00 00 -> $00 cycles=1321578
[WARN] [tk2000] kbd write addr=$C000 data=$08 cycles=1321688
[WARN] [tk2000] kbd read addr=$C010 kbOut=$08 matrix=00 00 00 00 00 00 00 00 -> $00 cycles=1321692
[WARN] [tk2000] kbd write addr=$C000 data=$10 cycles=1321802
[WARN] [tk2000] kbd read addr=$C010 kbOut=$10 matrix=00 00 00 00 00 00 00 00 -> $00 cycles=1321806
[WARN] [tk2000] kbd write addr=$C000 data=$20 cycles=1321916
[WARN] [tk2000] kbd read addr=$C010 kbOut=$20 matrix=00 00 00 00 00 00 00 00 -> $00 cycles=1321920
[WARN] [tk2000] kbd write addr=$C000 data=$40 cycles=1322030
[WARN] [tk2000] kbd read addr=$C010 kbOut=$40 matrix=00 00 00 00 00 00 00 00 -> $00 cycles=1322034
[WARN] [tk2000] kbd write addr=$C000 data=$80 cycles=1322144
[WARN] [tk2000] kbd read addr=$C010 kbOut=$80 matrix=00 00 00 00 00 00 00 00 -> $00 cycles=1322148
[WARN] [tk2000] kbd write addr=$C000 data=$00 cycles=1322270
[WARN] [tk2000] kbd write addr=$C000 data=$01 cycles=1322390
[WARN] [tk2000] kbd read addr=$C010 kbOut=$01 matrix=00 00 00 00 00 00 00 00 -> $00 cycles=1322394
[WARN] [tk2000] kbd write addr=$C000 data=$02 cycles=1322504
[WARN] [tk2000] kbd read addr=$C010 kbOut=$02 matrix=00 00 00 00 00 00 00 00 -> $00 cycles=1322508
[WARN] [tk2000] kbd write addr=$C000 data=$04 cycles=1322618
[WARN] [tk2000] kbd read addr=$C010 kbOut=$04 matrix=00 00 00 00 00 00 00 00 -> $00 cycles=1322622
[WARN] [tk2000] kbd write addr=$C000 data=$08 cycles=1322732
[WARN] [tk2000] kbd read addr=$C010 kbOut=$08 matrix=00 00 00 00 00 00 00 00 -> $00 cycles=1322736
[WARN] [tk2000] kbd write addr=$C000 data=$10 cycles=1322846
[WARN] [tk2000] kbd read addr=$C010 kbOut=$10 matrix=00 00 00 00 00 00 00 00 -> $00 cycles=1322850
[WARN] [tk2000] kbd write addr=$C000 data=$20 cycles=1322960
[WARN] [tk2000] kbd read addr=$C010 kbOut=$20 matrix=00 00 00 00 00 00 00 00 -> $00 cycles=1322964
[WARN] [tk2000] kbd write addr=$C000 data=$40 cycles=1323074
[WARN] [tk2000] kbd read addr=$C010 kbOut=$40 matrix=00 00 00 00 00 00 00 00 -> $00 cycles=1323078
[WARN] [tk2000] kbd write addr=$C000 data=$80 cycles=1323188
[WARN] [tk2000] kbd read addr=$C010 kbOut=$80 matrix=00 00 00 00 00 00 00 00 -> $00 cycles=1323192
[WARN] [tk2000] kbd write addr=$C000 data=$00 cycles=1323314
[WARN] [tk2000] kbd write addr=$C000 data=$01 cycles=1323434
[WARN] [tk2000] kbd read addr=$C010 kbOut=$01 matrix=00 00 00 00 00 00 00 00 -> $00 cycles=1323438
[WARN] [tk2000] kbd write addr=$C000 data=$02 cycles=1323548
[WARN] [tk2000] kbd read addr=$C010 kbOut=$02 matrix=00 00 00 00 00 00 00 00 -> $00 cycles=1323552
[WARN] [tk2000] kbd write addr=$C000 data=$04 cycles=1323662
[WARN] [tk2000] kbd read addr=$C010 kbOut=$04 matrix=00 00 00 00 00 00 00 00 -> $00 cycles=1323666
[WARN] [tk2000] kbd write addr=$C000 data=$08 cycles=1323776
[WARN] [tk2000] kbd read addr=$C010 kbOut=$08 matrix=00 00 00 00 00 00 00 00 -> $00 cycles=1323780
[WARN] [tk2000] kbd write addr=$C000 data=$10 cycles=1323890
[WARN] [tk2000] kbd read addr=$C010 kbOut=$10 matrix=00 00 00 00 00 00 00 00 -> $00 cycles=1323894
[WARN] [tk2000] kbd write addr=$C000 data=$20 cycles=1324004
[WARN] [tk2000] kbd read addr=$C010 kbOut=$20 matrix=00 00 00 00 00 00 00 00 -> $00 cycles=1324008
[WARN] [tk2000] kbd write addr=$C000 data=$40 cycles=1324118
[WARN] [tk2000] kbd read addr=$C010 kbOut=$40 matrix=00 00 00 00 00 00 00 00 -> $00 cycles=1324122
[WARN] [tk2000] kbd write addr=$C000 data=$80 cycles=1324232
[WARN] [tk2000] kbd read addr=$C010 kbOut=$80 matrix=00 00 00 00 00 00 00 00 -> $00 cycles=1324236
[WARN] [tk2000] kbd write addr=$C000 data=$00 cycles=1324358
[WARN] [tk2000] kbd write addr=$C000 data=$01 cycles=1324478
[WARN] [tk2000] kbd read addr=$C010 kbOut=$01 matrix=00 00 00 00 00 00 00 00 -> $00 cycles=1324482
[WARN] [tk2000] kbd write addr=$C000 data=$02 cycles=1324592
[WARN] [tk2000] kbd read addr=$C010 kbOut=$02 matrix=00 00 00 00 00 00 00 00 -> $00 cycles=1324596
[WARN] [tk2000] kbd write addr=$C000 data=$04 cycles=1324706
[WARN] [tk2000] kbd read addr=$C010 kbOut=$04 matrix=00 00 00 00 00 00 00 00 -> $00 cycles=1324710
[WARN] [tk2000] kbd write addr=$C000 data=$08 cycles=1324820
[WARN] [tk2000] kbd read addr=$C010 kbOut=$08 matrix=00 00 00 00 00 00 00 00 -> $00 cycles=1324824
[WARN] [tk2000] kbd write addr=$C000 data=$10 cycles=1324934
[WARN] [tk2000] kbd read addr=$C010 kbOut=$10 matrix=00 00 00 00 00 00 00 00 -> $00 cycles=1324938
[WARN] [tk2000] kbd write addr=$C000 data=$20 cycles=1325048
[WARN] [tk2000] kbd read addr=$C010 kbOut=$20 matrix=00 00 00 00 00 00 00 00 -> $00 cycles=1325052
[WARN] [tk2000] kbd write addr=$C000 data=$40 cycles=1325162
[WARN] [tk2000] kbd read addr=$C010 kbOut=$40 matrix=00 00 00 00 00 00 00 00 -> $00 cycles=1325166
[WARN] [tk2000] kbd write addr=$C000 data=$80 cycles=1325276
[WARN] [tk2000] kbd read addr=$C010 kbOut=$80 matrix=00 00 00 00 00 00 00 00 -> $00 cycles=1325280
[WARN] [tk2000] kbd write addr=$C000 data=$00 cycles=1325402
[WARN] [tk2000] kbd write addr=$C000 data=$01 cycles=1325522
[WARN] [tk2000] kbd read addr=$C010 kbOut=$01 matrix=00 00 00 00 00 00 00 00 -> $00 cycles=1325526
[WARN] [tk2000] kbd write addr=$C000 data=$02 cycles=1325636
[WARN] [tk2000] kbd read addr=$C010 kbOut=$02 matrix=00 00 00 00 00 00 00 00 -> $00 cycles=1325640
[WARN] [tk2000] kbd write addr=$C000 data=$04 cycles=1325750
[WARN] [tk2000] kbd read addr=$C010 kbOut=$04 matrix=00 00 00 00 00 00 00 00 -> $00 cycles=1325754
[WARN] [tk2000] kbd write addr=$C000 data=$08 cycles=1325864
[WARN] [tk2000] kbd read addr=$C010 kbOut=$08 matrix=00 00 00 00 00 00 00 00 -> $00 cycles=1325868
[WARN] [tk2000] kbd write addr=$C000 data=$10 cycles=1325978
[WARN] [tk2000] kbd read addr=$C010 kbOut=$10 matrix=00 00 00 00 00 00 00 00 -> $00 cycles=1325982
[WARN] [tk2000] kbd write addr=$C000 data=$20 cycles=1326092
[WARN] [tk2000] kbd read addr=$C010 kbOut=$20 matrix=00 00 00 00 00 00 00 00 -> $00 cycles=1326096
[WARN] [tk2000] kbd write addr=$C000 data=$40 cycles=1326206
[WARN] [tk2000] kbd read addr=$C010 kbOut=$40 matrix=00 00 00 00 00 00 00 00 -> $00 cycles=1326210
[WARN] [tk2000] kbd write addr=$C000 data=$80 cycles=1326320
[WARN] [tk2000] kbd read addr=$C010 kbOut=$80 matrix=00 00 00 00 00 00 00 00 -> $00 cycles=1326324
[WARN] [tk2000] kbd write addr=$C000 data=$00 cycles=1326446
[WARN] [tk2000] kbd write addr=$C000 data=$01 cycles=1326566
[WARN] [tk2000] kbd read addr=$C010 kbOut=$01 matrix=00 00 00 00 00 00 00 00 -> $00 cycles=1326570
[WARN] [tk2000] kbd write addr=$C000 data=$02 cycles=1326680
[WARN] [tk2000] kbd read addr=$C010 kbOut=$02 matrix=00 00 00 00 00 00 00 00 -> $00 cycles=1326684
[WARN] [tk2000] kbd write addr=$C000 data=$04 cycles=1326794
[WARN] [tk2000] kbd read addr=$C010 kbOut=$04 matrix=00 00 00 00 00 00 00 00 -> $00 cycles=1326798
[WARN] [tk2000] kbd write addr=$C000 data=$08 cycles=1326908
[WARN] [tk2000] kbd read addr=$C010 kbOut=$08 matrix=00 00 00 00 00 00 00 00 -> $00 cycles=1326912
[WARN] [tk2000] kbd write addr=$C000 data=$10 cycles=1327022
[WARN] [tk2000] kbd read addr=$C010 kbOut=$10 matrix=00 00 00 00 00 00 00 00 -> $00 cycles=1327026
[WARN] [tk2000] kbd write addr=$C000 data=$20 cycles=1327136
[WARN] [tk2000] kbd read addr=$C010 kbOut=$20 matrix=00 00 00 00 00 00 00 00 -> $00 cycles=1327140
[WARN] [tk2000] kbd write addr=$C000 data=$40 cycles=1327250
[WARN] [tk2000] kbd read addr=$C010 kbOut=$40 matrix=00 00 00 00 00 00 00 00 -> $00 cycles=1327254
[WARN] [tk2000] kbd write addr=$C000 data=$80 cycles=1327364
[WARN] [tk2000] kbd read addr=$C010 kbOut=$80 matrix=00 00 00 00 00 00 00 00 -> $00 cycles=1327368
[WARN] [tk2000] kbd write addr=$C000 data=$00 cycles=1327490
[WARN] [tk2000] kbd write addr=$C000 data=$01 cycles=1327610
[WARN] [tk2000] kbd read addr=$C010 kbOut=$01 matrix=00 00 00 00 00 00 00 00 -> $00 cycles=1327614
[WARN] [tk2000] kbd write addr=$C000 data=$02 cycles=1327724
[WARN] [tk2000] kbd read addr=$C010 kbOut=$02 matrix=00 00 00 00 00 00 00 00 -> $00 cycles=1327728
[WARN] [tk2000] kbd write addr=$C000 data=$04 cycles=1327838
[WARN] [tk2000] kbd read addr=$C010 kbOut=$04 matrix=00 00 00 00 00 00 00 00 -> $00 cycles=1327842
[WARN] [tk2000] kbd write addr=$C000 data=$08 cycles=1327952
[WARN] [tk2000] kbd read addr=$C010 kbOut=$08 matrix=00 00 00 00 00 00 00 00 -> $00 cycles=1327956
[WARN] [tk2000] kbd write addr=$C000 data=$10 cycles=1328066
[WARN] [tk2000] kbd read addr=$C010 kbOut=$10 matrix=00 00 00 00 00 00 00 00 -> $00 cycles=1328070
[WARN] [tk2000] kbd write addr=$C000 data=$20 cycles=1328180
[WARN] [tk2000] kbd read addr=$C010 kbOut=$20 matrix=00 00 00 00 00 00 00 00 -> $00 cycles=1328184
[WARN] [tk2000] kbd write addr=$C000 data=$40 cycles=1328294
[WARN] [tk2000] kbd read addr=$C010 kbOut=$40 matrix=00 00 00 00 00 00 00 00 -> $00 cycles=1328298
[WARN] [tk2000] kbd write addr=$C000 data=$80 cycles=1328408
[WARN] [tk2000] kbd read addr=$C010 kbOut=$80 matrix=00 00 00 00 00 00 00 00 -> $00 cycles=1328412
[WARN] [tk2000] kbd write addr=$C000 data=$00 cycles=1328534
[WARN] [tk2000] kbd write addr=$C000 data=$01 cycles=1328654
[WARN] [tk2000] kbd read addr=$C010 kbOut=$01 matrix=00 00 00 00 00 00 00 00 -> $00 cycles=1328658
[WARN] [tk2000] kbd write addr=$C000 data=$02 cycles=1328768
[WARN] [tk2000] kbd read addr=$C010 kbOut=$02 matrix=00 00 00 00 00 00 00 00 -> $00 cycles=1328772
[WARN] [tk2000] kbd write addr=$C000 data=$04 cycles=1328882
[WARN] [tk2000] kbd read addr=$C010 kbOut=$04 matrix=00 00 00 00 00 00 00 00 -> $00 cycles=1328886
[WARN] [tk2000] kbd write addr=$C000 data=$08 cycles=1328996
[WARN] [tk2000] kbd read addr=$C010 kbOut=$08 matrix=00 00 00 00 00 00 00 00 -> $00 cycles=1329000
[WARN] [tk2000] kbd write addr=$C000 data=$10 cycles=1329110
[WARN] [tk2000] kbd read addr=$C010 kbOut=$10 matrix=00 00 00 00 00 00 00 00 -> $00 cycles=1329114
[WARN] [tk2000] kbd write addr=$C000 data=$20 cycles=1329224
[WARN] [tk2000] kbd read addr=$C010 kbOut=$20 matrix=00 00 00 00 00 00 00 00 -> $00 cycles=1329228
[WARN] [tk2000] kbd write addr=$C000 data=$40 cycles=1329338
[WARN] [tk2000] kbd read addr=$C010 kbOut=$40 matrix=00 00 00 00 00 00 00 00 -> $00 cycles=1329342
[WARN] [tk2000] kbd write addr=$C000 data=$80 cycles=1329452
[WARN] [tk2000] kbd read addr=$C010 kbOut=$80 matrix=00 00 00 00 00 00 00 00 -> $00 cycles=1329456
[WARN] [tk2000] kbd write addr=$C000 data=$00 cycles=1329578
[WARN] [tk2000] kbd write addr=$C000 data=$01 cycles=1329698
[WARN] [tk2000] kbd read addr=$C010 kbOut=$01 matrix=00 00 00 00 00 00 00 00 -> $00 cycles=1329702
[WARN] [tk2000] kbd write addr=$C000 data=$02 cycles=1329812
[WARN] [tk2000] kbd read addr=$C010 kbOut=$02 matrix=00 00 00 00 00 00 00 00 -> $00 cycles=1329816
[WARN] [tk2000] kbd write addr=$C000 data=$04 cycles=1329926
[WARN] [tk2000] kbd read addr=$C010 kbOut=$04 matrix=00 00 00 00 00 00 00 00 -> $00 cycles=1329930
[WARN] [tk2000] kbd write addr=$C000 data=$08 cycles=1330040
[WARN] [tk2000] kbd read addr=$C010 kbOut=$08 matrix=00 00 00 00 00 00 00 00 -> $00 cycles=1330044
[WARN] [tk2000] kbd write addr=$C000 data=$10 cycles=1330154
[WARN] [tk2000] kbd read addr=$C010 kbOut=$10 matrix=00 00 00 00 00 00 00 00 -> $00 cycles=1330158
[WARN] [tk2000] kbd write addr=$C000 data=$20 cycles=1330268
[WARN] [tk2000] kbd read addr=$C010 kbOut=$20 matrix=00 00 00 00 00 00 00 00 -> $00 cycles=1330272
[WARN] [tk2000] kbd write addr=$C000 data=$40 cycles=1330382
[WARN] [tk2000] kbd read addr=$C010 kbOut=$40 matrix=00 00 00 00 00 00 00 00 -> $00 cycles=1330386
[WARN] [tk2000] kbd write addr=$C000 data=$80 cycles=1330496
[WARN] [tk2000] kbd read addr=$C010 kbOut=$80 matrix=00 00 00 00 00 00 00 00 -> $00 cycles=1330500
[WARN] [tk2000] kbd write addr=$C000 data=$00 cycles=1330622
[WARN] [tk2000] kbd write addr=$C000 data=$01 cycles=1330742
[WARN] [tk2000] kbd read addr=$C010 kbOut=$01 matrix=00 00 00 00 00 00 00 00 -> $00 cycles=1330746
[WARN] [tk2000] kbd write addr=$C000 data=$02 cycles=1330856
[WARN] [tk2000] kbd read addr=$C010 kbOut=$02 matrix=00 00 00 00 00 00 00 00 -> $00 cycles=1330860
[WARN] [tk2000] kbd write addr=$C000 data=$04 cycles=1330970
[WARN] [tk2000] kbd read addr=$C010 kbOut=$04 matrix=00 00 00 00 00 00 00 00 -> $00 cycles=1330974
[WARN] [tk2000] kbd write addr=$C000 data=$08 cycles=1331084
[WARN] [tk2000] kbd read addr=$C010 kbOut=$08 matrix=00 00 00 00 00 00 00 00 -> $00 cycles=1331088
[WARN] [tk2000] kbd write addr=$C000 data=$10 cycles=1331198
[WARN] [tk2000] kbd read addr=$C010 kbOut=$10 matrix=00 00 00 00 00 00 00 00 -> $00 cycles=1331202
[WARN] [tk2000] kbd write addr=$C000 data=$20 cycles=1331312
[WARN] [tk2000] kbd read addr=$C010 kbOut=$20 matrix=00 00 00 00 00 00 00 00 -> $00 cycles=1331316
[WARN] [tk2000] kbd write addr=$C000 data=$40 cycles=1331426
[WARN] [tk2000] kbd read addr=$C010 kbOut=$40 matrix=00 00 00 00 00 00 00 00 -> $00 cycles=1331430
[WARN] [tk2000] kbd write addr=$C000 data=$80 cycles=1331540
[WARN] [tk2000] kbd read addr=$C010 kbOut=$80 matrix=00 00 00 00 00 00 00 00 -> $00 cycles=1331544
[WARN] [tk2000] kbd write addr=$C000 data=$00 cycles=1331666
[WARN] [tk2000] kbd write addr=$C000 data=$01 cycles=1331786
[WARN] [tk2000] kbd read addr=$C010 kbOut=$01 matrix=00 00 00 00 00 00 00 00 -> $00 cycles=1331790
[WARN] [tk2000] kbd write addr=$C000 data=$02 cycles=1331900
[WARN] [tk2000] kbd read addr=$C010 kbOut=$02 matrix=00 00 00 00 00 00 00 00 -> $00 cycles=1331904
[WARN] [tk2000] kbd write addr=$C000 data=$04 cycles=1332014
[WARN] [tk2000] kbd read addr=$C010 kbOut=$04 matrix=00 00 00 00 00 00 00 00 -> $00 cycles=1332018
[WARN] [tk2000] kbd write addr=$C000 data=$08 cycles=1332128
[WARN] [tk2000] kbd read addr=$C010 kbOut=$08 matrix=00 00 00 00 00 00 00 00 -> $00 cycles=1332132
[WARN] [tk2000] kbd write addr=$C000 data=$10 cycles=1332242
[WARN] [tk2000] kbd read addr=$C010 kbOut=$10 matrix=00 00 00 00 00 00 00 00 -> $00 cycles=1332246
[WARN] [tk2000] kbd write addr=$C000 data=$20 cycles=1332356
[WARN] [tk2000] kbd read addr=$C010 kbOut=$20 matrix=00 00 00 00 00 00 00 00 -> $00 cycles=1332360
[WARN] [tk2000] kbd write addr=$C000 data=$40 cycles=1332470
[WARN] [tk2000] kbd read addr=$C010 kbOut=$40 matrix=00 00 00 00 00 00 00 00 -> $00 cycles=1332474
[WARN] [tk2000] kbd write addr=$C000 data=$80 cycles=1332584
[WARN] [tk2000] kbd read addr=$C010 kbOut=$80 matrix=00 00 00 00 00 00 00 00 -> $00 cycles=1332588
[WARN] [tk2000] kbd write addr=$C000 data=$00 cycles=1332710
[WARN] [tk2000] kbd write addr=$C000 data=$01 cycles=1332830
[WARN] [tk2000] kbd read addr=$C010 kbOut=$01 matrix=00 00 00 00 00 00 00 00 -> $00 cycles=1332834
[WARN] [tk2000] kbd write addr=$C000 data=$02 cycles=1332944
[WARN] [tk2000] kbd read addr=$C010 kbOut=$02 matrix=00 00 00 00 00 00 00 00 -> $00 cycles=1332948
[WARN] [tk2000] kbd write addr=$C000 data=$04 cycles=1333058
[WARN] [tk2000] kbd read addr=$C010 kbOut=$04 matrix=00 00 00 00 00 00 00 00 -> $00 cycles=1333062
[WARN] [tk2000] kbd write addr=$C000 data=$08 cycles=1333172
[WARN] [tk2000] kbd read addr=$C010 kbOut=$08 matrix=00 00 00 00 00 00 00 00 -> $00 cycles=1333176
[WARN] [tk2000] kbd write addr=$C000 data=$10 cycles=1333286
[WARN] [tk2000] kbd read addr=$C010 kbOut=$10 matrix=00 00 00 00 00 00 00 00 -> $00 cycles=1333290
[WARN] [tk2000] kbd write addr=$C000 data=$20 cycles=1333400
[WARN] [tk2000] kbd read addr=$C010 kbOut=$20 matrix=00 00 00 00 00 00 00 00 -> $00 cycles=1333404
[WARN] [tk2000] kbd write addr=$C000 data=$40 cycles=1333514
[WARN] [tk2000] kbd read addr=$C010 kbOut=$40 matrix=00 00 00 00 00 00 00 00 -> $00 cycles=1333518
[WARN] [tk2000] kbd write addr=$C000 data=$80 cycles=1333628
[WARN] [tk2000] kbd read addr=$C010 kbOut=$80 matrix=00 00 00 00 00 00 00 00 -> $00 cycles=1333632
[WARN] [tk2000] kbd write addr=$C000 data=$00 cycles=1333754
[WARN] [tk2000] kbd write addr=$C000 data=$01 cycles=1333874
[WARN] [tk2000] kbd read addr=$C010 kbOut=$01 matrix=00 00 00 00 00 00 00 00 -> $00 cycles=1333878
[WARN] [tk2000] kbd write addr=$C000 data=$02 cycles=1333988
[WARN] [tk2000] kbd read addr=$C010 kbOut=$02 matrix=00 00 00 00 00 00 00 00 -> $00 cycles=1333992
[WARN] [tk2000] kbd write addr=$C000 data=$04 cycles=1334102
[WARN] [tk2000] kbd read addr=$C010 kbOut=$04 matrix=00 00 00 00 00 00 00 00 -> $00 cycles=1334106
[WARN] [tk2000] kbd write addr=$C000 data=$08 cycles=1334216
[WARN] [tk2000] kbd read addr=$C010 kbOut=$08 matrix=00 00 00 00 00 00 00 00 -> $00 cycles=1334220
[WARN] [tk2000] kbd write addr=$C000 data=$10 cycles=1334330
[WARN] [tk2000] kbd read addr=$C010 kbOut=$10 matrix=00 00 00 00 00 00 00 00 -> $00 cycles=1334334
[WARN] [tk2000] kbd write addr=$C000 data=$20 cycles=1334444
[WARN] [tk2000] kbd read addr=$C010 kbOut=$20 matrix=00 00 00 00 00 00 00 00 -> $00 cycles=1334448
[WARN] [tk2000] kbd write addr=$C000 data=$40 cycles=1334558
[WARN] [tk2000] kbd read addr=$C010 kbOut=$40 matrix=00 00 00 00 00 00 00 00 -> $00 cycles=1334562
[WARN] [tk2000] kbd write addr=$C000 data=$80 cycles=1334672
[WARN] [tk2000] kbd read addr=$C010 kbOut=$80 matrix=00 00 00 00 00 00 00 00 -> $00 cycles=1334676
[WARN] [tk2000] kbd write addr=$C000 data=$00 cycles=1334798
[WARN] [tk2000] kbd write addr=$C000 data=$01 cycles=1334918
[WARN] [tk2000] kbd read addr=$C010 kbOut=$01 matrix=00 00 00 00 00 00 00 00 -> $00 cycles=1334922
[WARN] [tk2000] kbd write addr=$C000 data=$02 cycles=1335032
[WARN] [tk2000] kbd read addr=$C010 kbOut=$02 matrix=00 00 00 00 00 00 00 00 -> $00 cycles=1335036
[WARN] [tk2000] kbd write addr=$C000 data=$04 cycles=1335146
[WARN] [tk2000] kbd read addr=$C010 kbOut=$04 matrix=00 00 00 00 00 00 00 00 -> $00 cycles=1335150
[WARN] [tk2000] kbd write addr=$C000 data=$08 cycles=1335260
[WARN] [tk2000] kbd read addr=$C010 kbOut=$08 matrix=00 00 00 00 00 00 00 00 -> $00 cycles=1335264
[WARN] [tk2000] kbd write addr=$C000 data=$10 cycles=1335374
[WARN] [tk2000] kbd read addr=$C010 kbOut=$10 matrix=00 00 00 00 00 00 00 00 -> $00 cycles=1335378
[WARN] [tk2000] kbd write addr=$C000 data=$20 cycles=1335488
[WARN] [tk2000] kbd read addr=$C010 kbOut=$20 matrix=00 00 00 00 00 00 00 00 -> $00 cycles=1335492
[WARN] [tk2000] kbd write addr=$C000 data=$40 cycles=1335602
[WARN] [tk2000] kbd read addr=$C010 kbOut=$40 matrix=00 00 00 00 00 00 00 00 -> $00 cycles=1335606
[WARN] [tk2000] kbd write addr=$C000 data=$80 cycles=1335716
[WARN] [tk2000] kbd read addr=$C010 kbOut=$80 matrix=00 00 00 00 00 00 00 00 -> $00 cycles=1335720
[WARN] [tk2000] kbd write addr=$C000 data=$00 cycles=1335842
[WARN] [tk2000] kbd write addr=$C000 data=$01 cycles=1335962
[WARN] [tk2000] kbd read addr=$C010 kbOut=$01 matrix=00 00 00 00 00 00 00 00 -> $00 cycles=1335966
[WARN] [tk2000] kbd write addr=$C000 data=$02 cycles=1336076
[WARN] [tk2000] kbd read addr=$C010 kbOut=$02 matrix=00 00 00 00 00 00 00 00 -> $00 cycles=1336080
[WARN] [tk2000] kbd write addr=$C000 data=$04 cycles=1336190
[WARN] [tk2000] kbd read addr=$C010 kbOut=$04 matrix=00 00 00 00 00 00 00 00 -> $00 cycles=1336194
[WARN] [tk2000] kbd write addr=$C000 data=$08 cycles=1336304
[WARN] [tk2000] kbd read addr=$C010 kbOut=$08 matrix=00 00 00 00 00 00 00 00 -> $00 cycles=1336308
[WARN] [tk2000] kbd write addr=$C000 data=$10 cycles=1336418
[WARN] [tk2000] kbd read addr=$C010 kbOut=$10 matrix=00 00 00 00 00 00 00 00 -> $00 cycles=1336422
[WARN] [tk2000] kbd write addr=$C000 data=$20 cycles=1336532
[WARN] [tk2000] kbd read addr=$C010 kbOut=$20 matrix=00 00 00 00 00 00 00 00 -> $00 cycles=1336536
[WARN] [tk2000] kbd write addr=$C000 data=$40 cycles=1336646
[WARN] [tk2000] kbd read addr=$C010 kbOut=$40 matrix=00 00 00 00 00 00 00 00 -> $00 cycles=1336650
[WARN] [tk2000] kbd write addr=$C000 data=$80 cycles=1336760
[WARN] [tk2000] kbd read addr=$C010 kbOut=$80 matrix=00 00 00 00 00 00 00 00 -> $00 cycles=1336764
[WARN] [tk2000] kbd write addr=$C000 data=$00 cycles=1336886
[WARN] [tk2000] kbd write addr=$C000 data=$01 cycles=1337006
[WARN] [tk2000] kbd read addr=$C010 kbOut=$01 matrix=00 00 00 00 00 00 00 00 -> $00 cycles=1337010
[WARN] [tk2000] kbd write addr=$C000 data=$02 cycles=1337120
[WARN] [tk2000] kbd read addr=$C010 kbOut=$02 matrix=00 00 00 00 00 00 00 00 -> $00 cycles=1337124
[WARN] [tk2000] kbd write addr=$C000 data=$04 cycles=1337234
[WARN] [tk2000] kbd read addr=$C010 kbOut=$04 matrix=00 00 00 00 00 00 00 00 -> $00 cycles=1337238
[WARN] [tk2000] kbd write addr=$C000 data=$08 cycles=1337348
[WARN] [tk2000] kbd read addr=$C010 kbOut=$08 matrix=00 00 00 00 00 00 00 00 -> $00 cycles=1337352
[WARN] [tk2000] kbd write addr=$C000 data=$10 cycles=1337462
[WARN] [tk2000] kbd read addr=$C010 kbOut=$10 matrix=00 00 00 00 00 00 00 00 -> $00 cycles=1337466
[WARN] [tk2000] kbd write addr=$C000 data=$20 cycles=1337576
[WARN] [tk2000] kbd read addr=$C010 kbOut=$20 matrix=00 00 00 00 00 00 00 00 -> $00 cycles=1337580
[WARN] [tk2000] kbd write addr=$C000 data=$40 cycles=1337690
[WARN] [tk2000] kbd read addr=$C010 kbOut=$40 matrix=00 00 00 00 00 00 00 00 -> $00 cycles=1337694
[WARN] [tk2000] kbd write addr=$C000 data=$80 cycles=1337804
[WARN] [tk2000] kbd read addr=$C010 kbOut=$80 matrix=00 00 00 00 00 00 00 00 -> $00 cycles=1337808
[WARN] [tk2000] kbd write addr=$C000 data=$00 cycles=1337930
[WARN] [tk2000] kbd write addr=$C000 data=$01 cycles=1338050
[WARN] [tk2000] kbd read addr=$C010 kbOut=$01 matrix=00 00 00 00 00 00 00 00 -> $00 cycles=1338054
[WARN] [tk2000] kbd write addr=$C000 data=$02 cycles=1338164
[WARN] [tk2000] kbd read addr=$C010 kbOut=$02 matrix=00 00 00 00 00 00 00 00 -> $00 cycles=1338168
[WARN] [tk2000] kbd write addr=$C000 data=$04 cycles=1338278
[WARN] [tk2000] kbd read addr=$C010 kbOut=$04 matrix=00 00 00 00 00 00 00 00 -> $00 cycles=1338282
[WARN] [tk2000] kbd write addr=$C000 data=$08 cycles=1338392
[WARN] [tk2000] kbd read addr=$C010 kbOut=$08 matrix=00 00 00 00 00 00 00 00 -> $00 cycles=1338396
[WARN] [tk2000] kbd write addr=$C000 data=$10 cycles=1338506
[WARN] [tk2000] kbd read addr=$C010 kbOut=$10 matrix=00 00 00 00 00 00 00 00 -> $00 cycles=1338510
[WARN] [tk2000] kbd write addr=$C000 data=$20 cycles=1338620
[WARN] [tk2000] kbd read addr=$C010 kbOut=$20 matrix=00 00 00 00 00 00 00 00 -> $00 cycles=1338624
[WARN] [tk2000] kbd write addr=$C000 data=$40 cycles=1338734
[WARN] [tk2000] kbd read addr=$C010 kbOut=$40 matrix=00 00 00 00 00 00 00 00 -> $00 cycles=1338738
[WARN] [tk2000] kbd write addr=$C000 data=$80 cycles=1338848
[WARN] [tk2000] kbd read addr=$C010 kbOut=$80 matrix=00 00 00 00 00 00 00 00 -> $00 cycles=1338852
[WARN] [tk2000] kbd write addr=$C000 data=$00 cycles=1338974
[WARN] [tk2000] kbd write addr=$C000 data=$01 cycles=1339094
[WARN] [tk2000] kbd read addr=$C010 kbOut=$01 matrix=00 00 00 00 00 00 00 00 -> $00 cycles=1339098
[WARN] [tk2000] kbd write addr=$C000 data=$02 cycles=1339208
[WARN] [tk2000] kbd read addr=$C010 kbOut=$02 matrix=00 00 00 00 00 00 00 00 -> $00 cycles=1339212
[WARN] [tk2000] kbd write addr=$C000 data=$04 cycles=1339322
[WARN] [tk2000] kbd read addr=$C010 kbOut=$04 matrix=00 00 00 00 00 00 00 00 -> $00 cycles=1339326
[WARN] [tk2000] kbd write addr=$C000 data=$08 cycles=1339436
[WARN] [tk2000] kbd read addr=$C010 kbOut=$08 matrix=00 00 00 00 00 00 00 00 -> $00 cycles=1339440
[WARN] [tk2000] kbd write addr=$C000 data=$10 cycles=1339550
[WARN] [tk2000] kbd read addr=$C010 kbOut=$10 matrix=00 00 00 00 00 00 00 00 -> $00 cycles=1339554
[WARN] [tk2000] kbd write addr=$C000 data=$20 cycles=1339664
[WARN] [tk2000] kbd read addr=$C010 kbOut=$20 matrix=00 00 00 00 00 00 00 00 -> $00 cycles=1339668
[WARN] [tk2000] kbd write addr=$C000 data=$40 cycles=1339778
[WARN] [tk2000] kbd read addr=$C010 kbOut=$40 matrix=00 00 00 00 00 00 00 00 -> $00 cycles=1339782
[WARN] [tk2000] kbd write addr=$C000 data=$80 cycles=1339892
[WARN] [tk2000] kbd read addr=$C010 kbOut=$80 matrix=00 00 00 00 00 00 00 00 -> $00 cycles=1339896
[WARN] [tk2000] kbd write addr=$C000 data=$00 cycles=1340018
[WARN] [tk2000] kbd write addr=$C000 data=$01 cycles=1340138
[WARN] [tk2000] kbd read addr=$C010 kbOut=$01 matrix=00 00 00 00 00 00 00 00 -> $00 cycles=1340142
[WARN] [tk2000] kbd write addr=$C000 data=$02 cycles=1340252
[WARN] [tk2000] kbd read addr=$C010 kbOut=$02 matrix=00 00 00 00 00 00 00 00 -> $00 cycles=1340256
[WARN] [tk2000] kbd write addr=$C000 data=$04 cycles=1340366
[WARN] [tk2000] kbd read addr=$C010 kbOut=$04 matrix=00 00 00 00 00 00 00 00 -> $00 cycles=1340370
[WARN] [tk2000] kbd write addr=$C000 data=$08 cycles=1340480
[WARN] [tk2000] kbd read addr=$C010 kbOut=$08 matrix=00 00 00 00 00 00 00 00 -> $00 cycles=1340484
[WARN] [tk2000] kbd write addr=$C000 data=$10 cycles=1340594
[WARN] [tk2000] kbd read addr=$C010 kbOut=$10 matrix=00 00 00 00 00 00 00 00 -> $00 cycles=1340598
[WARN] [tk2000] kbd write addr=$C000 data=$20 cycles=1340708
[WARN] [tk2000] kbd read addr=$C010 kbOut=$20 matrix=00 00 00 00 00 00 00 00 -> $00 cycles=1340712
[WARN] [tk2000] kbd write addr=$C000 data=$40 cycles=1340822
[WARN] [tk2000] kbd read addr=$C010 kbOut=$40 matrix=00 00 00 00 00 00 00 00 -> $00 cycles=1340826
[WARN] [tk2000] kbd write addr=$C000 data=$80 cycles=1340936
[WARN] [tk2000] kbd read addr=$C010 kbOut=$80 matrix=00 00 00 00 00 00 00 00 -> $00 cycles=1340940
[WARN] [tk2000] kbd write addr=$C000 data=$00 cycles=1341062
[WARN] [tk2000] kbd write addr=$C000 data=$01 cycles=1341182
[WARN] [tk2000] kbd read addr=$C010 kbOut=$01 matrix=00 00 00 00 00 00 00 00 -> $00 cycles=1341186
[WARN] [tk2000] kbd write addr=$C000 data=$02 cycles=1341296
[WARN] [tk2000] kbd read addr=$C010 kbOut=$02 matrix=00 00 00 00 00 00 00 00 -> $00 cycles=1341300
[WARN] [tk2000] kbd write addr=$C000 data=$04 cycles=1341410
[WARN] [tk2000] kbd read addr=$C010 kbOut=$04 matrix=00 00 00 00 00 00 00 00 -> $00 cycles=1341414
[WARN] [tk2000] kbd write addr=$C000 data=$08 cycles=1341524
[WARN] [tk2000] kbd read addr=$C010 kbOut=$08 matrix=00 00 00 00 00 00 00 00 -> $00 cycles=1341528
[WARN] [tk2000] kbd write addr=$C000 data=$10 cycles=1341638
[WARN] [tk2000] kbd read addr=$C010 kbOut=$10 matrix=00 00 00 00 00 00 00 00 -> $00 cycles=1341642
[WARN] [tk2000] kbd write addr=$C000 data=$20 cycles=1341752
[WARN] [tk2000] kbd read addr=$C010 kbOut=$20 matrix=00 00 00 00 00 00 00 00 -> $00 cycles=1341756
[WARN] [tk2000] kbd write addr=$C000 data=$40 cycles=1341866
[WARN] [tk2000] kbd read addr=$C010 kbOut=$40 matrix=00 00 00 00 00 00 00 00 -> $00 cycles=1341870
[WARN] [tk2000] kbd write addr=$C000 data=$80 cycles=1341980
[WARN] [tk2000] kbd read addr=$C010 kbOut=$80 matrix=00 00 00 00 00 00 00 00 -> $00 cycles=1341984
[WARN] [tk2000] kbd write addr=$C000 data=$00 cycles=1342106
[WARN] [tk2000] kbd write addr=$C000 data=$01 cycles=1342226
[WARN] [tk2000] kbd read addr=$C010 kbOut=$01 matrix=00 00 00 00 00 00 00 00 -> $00 cycles=1342230
[WARN] [tk2000] kbd write addr=$C000 data=$02 cycles=1342340
[WARN] [tk2000] kbd read addr=$C010 kbOut=$02 matrix=00 00 00 00 00 00 00 00 -> $00 cycles=1342344
[WARN] [tk2000] kbd write addr=$C000 data=$04 cycles=1342454
[WARN] [tk2000] kbd read addr=$C010 kbOut=$04 matrix=00 00 00 00 00 00 00 00 -> $00 cycles=1342458
[WARN] [tk2000] kbd write addr=$C000 data=$08 cycles=1342568
[WARN] [tk2000] kbd read addr=$C010 kbOut=$08 matrix=00 00 00 00 00 00 00 00 -> $00 cycles=1342572
[WARN] [tk2000] kbd write addr=$C000 data=$10 cycles=1342682
[WARN] [tk2000] kbd read addr=$C010 kbOut=$10 matrix=00 00 00 00 00 00 00 00 -> $00 cycles=1342686
[WARN] [tk2000] kbd write addr=$C000 data=$20 cycles=1342796
[WARN] [tk2000] kbd read addr=$C010 kbOut=$20 matrix=00 00 00 00 00 00 00 00 -> $00 cycles=1342800
[WARN] [tk2000] kbd write addr=$C000 data=$40 cycles=1342910
[WARN] [tk2000] kbd read addr=$C010 kbOut=$40 matrix=00 00 00 00 00 00 00 00 -> $00 cycles=1342914
[WARN] [tk2000] kbd write addr=$C000 data=$80 cycles=1343024
[WARN] [tk2000] kbd read addr=$C010 kbOut=$80 matrix=00 00 00 00 00 00 00 00 -> $00 cycles=1343028
[WARN] [tk2000] kbd write addr=$C000 data=$00 cycles=1343150
[WARN] [tk2000] kbd write addr=$C000 data=$01 cycles=1343270
[WARN] [tk2000] kbd read addr=$C010 kbOut=$01 matrix=00 00 00 00 00 00 00 00 -> $00 cycles=1343274
[WARN] [tk2000] kbd write addr=$C000 data=$02 cycles=1343384
[WARN] [tk2000] kbd read addr=$C010 kbOut=$02 matrix=00 00 00 00 00 00 00 00 -> $00 cycles=1343388
[WARN] [tk2000] kbd write addr=$C000 data=$04 cycles=1343498
[WARN] [tk2000] kbd read addr=$C010 kbOut=$04 matrix=00 00 00 00 00 00 00 00 -> $00 cycles=1343502
[WARN] [tk2000] kbd write addr=$C000 data=$08 cycles=1343612
[WARN] [tk2000] kbd read addr=$C010 kbOut=$08 matrix=00 00 00 00 00 00 00 00 -> $00 cycles=1343616
[WARN] [tk2000] kbd write addr=$C000 data=$10 cycles=1343726
[WARN] [tk2000] kbd read addr=$C010 kbOut=$10 matrix=00 00 00 00 00 00 00 00 -> $00 cycles=1343730
[WARN] [tk2000] kbd write addr=$C000 data=$20 cycles=1343840
[WARN] [tk2000] kbd read addr=$C010 kbOut=$20 matrix=00 00 00 00 00 00 00 00 -> $00 cycles=1343844
[WARN] [tk2000] kbd write addr=$C000 data=$40 cycles=1343954
[WARN] [tk2000] kbd read addr=$C010 kbOut=$40 matrix=00 00 00 00 00 00 00 00 -> $00 cycles=1343958
[WARN] [tk2000] kbd write addr=$C000 data=$80 cycles=1344068
[WARN] [tk2000] kbd read addr=$C010 kbOut=$80 matrix=00 00 00 00 00 00 00 00 -> $00 cycles=1344072
[WARN] [tk2000] kbd write addr=$C000 data=$00 cycles=1344194
[WARN] [tk2000] kbd write addr=$C000 data=$01 cycles=1344314
[WARN] [tk2000] kbd read addr=$C010 kbOut=$01 matrix=00 00 00 00 00 00 00 00 -> $00 cycles=1344318
[WARN] [tk2000] kbd write addr=$C000 data=$02 cycles=1344428
[WARN] [tk2000] kbd read addr=$C010 kbOut=$02 matrix=00 00 00 00 00 00 00 00 -> $00 cycles=1344432
[WARN] [tk2000] kbd write addr=$C000 data=$04 cycles=1344542
[WARN] [tk2000] kbd read addr=$C010 kbOut=$04 matrix=00 00 00 00 00 00 00 00 -> $00 cycles=1344546
[WARN] [tk2000] kbd write addr=$C000 data=$08 cycles=1344656
[WARN] [tk2000] kbd read addr=$C010 kbOut=$08 matrix=00 00 00 00 00 00 00 00 -> $00 cycles=1344660
[WARN] [tk2000] kbd write addr=$C000 data=$10 cycles=1344770
[WARN] [tk2000] kbd read addr=$C010 kbOut=$10 matrix=00 00 00 00 00 00 00 00 -> $00 cycles=1344774
[WARN] [tk2000] kbd write addr=$C000 data=$20 cycles=1344884
[WARN] [tk2000] kbd read addr=$C010 kbOut=$20 matrix=00 00 00 00 00 00 00 00 -> $00 cycles=1344888
[WARN] [tk2000] kbd write addr=$C000 data=$40 cycles=1344998
[WARN] [tk2000] kbd read addr=$C010 kbOut=$40 matrix=00 00 00 00 00 00 00 00 -> $00 cycles=1345002
[WARN] [tk2000] kbd write addr=$C000 data=$80 cycles=1345112
[WARN] [tk2000] kbd read addr=$C010 kbOut=$80 matrix=00 00 00 00 00 00 00 00 -> $00 cycles=1345116
[WARN] [tk2000] kbd write addr=$C000 data=$00 cycles=1345238
[WARN] [tk2000] kbd write addr=$C000 data=$01 cycles=1345358
[WARN] [tk2000] kbd read addr=$C010 kbOut=$01 matrix=00 00 00 00 00 00 00 00 -> $00 cycles=1345362
[WARN] [tk2000] kbd write addr=$C000 data=$02 cycles=1345472
[WARN] [tk2000] kbd read addr=$C010 kbOut=$02 matrix=00 00 00 00 00 00 00 00 -> $00 cycles=1345476
[WARN] [tk2000] kbd write addr=$C000 data=$04 cycles=1345586
[WARN] [tk2000] kbd read addr=$C010 kbOut=$04 matrix=00 00 00 00 00 00 00 00 -> $00 cycles=1345590
[WARN] [tk2000] kbd write addr=$C000 data=$08 cycles=1345700
[WARN] [tk2000] kbd read addr=$C010 kbOut=$08 matrix=00 00 00 00 00 00 00 00 -> $00 cycles=1345704
[WARN] [tk2000] kbd write addr=$C000 data=$10 cycles=1345814
[WARN] [tk2000] kbd read addr=$C010 kbOut=$10 matrix=00 00 00 00 00 00 00 00 -> $00 cycles=1345818
[WARN] [tk2000] kbd write addr=$C000 data=$20 cycles=1345928
[WARN] [tk2000] kbd read addr=$C010 kbOut=$20 matrix=00 00 00 00 00 00 00 00 -> $00 cycles=1345932
[WARN] [tk2000] kbd write addr=$C000 data=$40 cycles=1346042
[WARN] [tk2000] kbd read addr=$C010 kbOut=$40 matrix=00 00 00 00 00 00 00 00 -> $00 cycles=1346046
[WARN] [tk2000] kbd write addr=$C000 data=$80 cycles=1346156
[WARN] [tk2000] kbd read addr=$C010 kbOut=$80 matrix=00 00 00 00 00 00 00 00 -> $00 cycles=1346160
[WARN] [tk2000] kbd write addr=$C000 data=$00 cycles=1346282
[WARN] [tk2000] kbd write addr=$C000 data=$01 cycles=1346402
[WARN] [tk2000] kbd read addr=$C010 kbOut=$01 matrix=00 00 00 00 00 00 00 00 -> $00 cycles=1346406
[WARN] [tk2000] kbd write addr=$C000 data=$02 cycles=1346516
[WARN] [tk2000] kbd read addr=$C010 kbOut=$02 matrix=00 00 00 00 00 00 00 00 -> $00 cycles=1346520
[WARN] [tk2000] kbd write addr=$C000 data=$04 cycles=1346630
[WARN] [tk2000] kbd read addr=$C010 kbOut=$04 matrix=00 00 00 00 00 00 00 00 -> $00 cycles=1346634
[WARN] [tk2000] kbd write addr=$C000 data=$08 cycles=1346744
[WARN] [tk2000] kbd read addr=$C010 kbOut=$08 matrix=00 00 00 00 00 00 00 00 -> $00 cycles=1346748
[WARN] [tk2000] kbd write addr=$C000 data=$10 cycles=1346858
[WARN] [tk2000] kbd read addr=$C010 kbOut=$10 matrix=00 00 00 00 00 00 00 00 -> $00 cycles=1346862
[WARN] [tk2000] kbd write addr=$C000 data=$20 cycles=1346972
[WARN] [tk2000] kbd read addr=$C010 kbOut=$20 matrix=00 00 00 00 00 00 00 00 -> $00 cycles=1346976
[WARN] [tk2000] kbd write addr=$C000 data=$40 cycles=1347086
[WARN] [tk2000] kbd read addr=$C010 kbOut=$40 matrix=00 00 00 00 00 00 00 00 -> $00 cycles=1347090
[WARN] [tk2000] kbd write addr=$C000 data=$80 cycles=1347200
[WARN] [tk2000] kbd read addr=$C010 kbOut=$80 matrix=00 00 00 00 00 00 00 00 -> $00 cycles=1347204
[WARN] [tk2000] kbd write addr=$C000 data=$00 cycles=1347326
[WARN] [tk2000] kbd write addr=$C000 data=$01 cycles=1347446
[WARN] [tk2000] kbd read addr=$C010 kbOut=$01 matrix=00 00 00 00 00 00 00 00 -> $00 cycles=1347450
[WARN] [tk2000] kbd write addr=$C000 data=$02 cycles=1347560
[WARN] [tk2000] kbd read addr=$C010 kbOut=$02 matrix=00 00 00 00 00 00 00 00 -> $00 cycles=1347564
[WARN] [tk2000] kbd write addr=$C000 data=$04 cycles=1347674
[WARN] [tk2000] kbd read addr=$C010 kbOut=$04 matrix=00 00 00 00 00 00 00 00 -> $00 cycles=1347678
[WARN] [tk2000] kbd write addr=$C000 data=$08 cycles=1347788
[WARN] [tk2000] kbd read addr=$C010 kbOut=$08 matrix=00 00 00 00 00 00 00 00 -> $00 cycles=1347792
[WARN] [tk2000] kbd write addr=$C000 data=$10 cycles=1347902
[WARN] [tk2000] kbd read addr=$C010 kbOut=$10 matrix=00 00 00 00 00 00 00 00 -> $00 cycles=1347906
[WARN] [tk2000] kbd write addr=$C000 data=$20 cycles=1348016
[WARN] [tk2000] kbd read addr=$C010 kbOut=$20 matrix=00 00 00 00 00 00 00 00 -> $00 cycles=1348020
[WARN] [tk2000] kbd write addr=$C000 data=$40 cycles=1348130
[WARN] [tk2000] kbd read addr=$C010 kbOut=$40 matrix=00 00 00 00 00 00 00 00 -> $00 cycles=1348134
[WARN] [tk2000] kbd write addr=$C000 data=$80 cycles=1348244
[WARN] [tk2000] kbd read addr=$C010 kbOut=$80 matrix=00 00 00 00 00 00 00 00 -> $00 cycles=1348248
[WARN] [tk2000] kbd write addr=$C000 data=$00 cycles=1348370
[WARN] [tk2000] kbd write addr=$C000 data=$01 cycles=1348490
[WARN] [tk2000] kbd read addr=$C010 kbOut=$01 matrix=00 00 00 00 00 00 00 00 -> $00 cycles=1348494
[WARN] [tk2000] kbd write addr=$C000 data=$02 cycles=1348604
[WARN] [tk2000] kbd read addr=$C010 kbOut=$02 matrix=00 00 00 00 00 00 00 00 -> $00 cycles=1348608
[WARN] [tk2000] kbd write addr=$C000 data=$04 cycles=1348718
[WARN] [tk2000] kbd read addr=$C010 kbOut=$04 matrix=00 00 00 00 00 00 00 00 -> $00 cycles=1348722
[WARN] [tk2000] kbd write addr=$C000 data=$08 cycles=1348832
[WARN] [tk2000] kbd read addr=$C010 kbOut=$08 matrix=00 00 00 00 00 00 00 00 -> $00 cycles=1348836
[WARN] [tk2000] kbd write addr=$C000 data=$10 cycles=1348946
[WARN] [tk2000] kbd read addr=$C010 kbOut=$10 matrix=00 00 00 00 00 00 00 00 -> $00 cycles=1348950
[WARN] [tk2000] kbd write addr=$C000 data=$20 cycles=1349060
[WARN] [tk2000] kbd read addr=$C010 kbOut=$20 matrix=00 00 00 00 00 00 00 00 -> $00 cycles=1349064
[WARN] [tk2000] kbd write addr=$C000 data=$40 cycles=1349174
[WARN] [tk2000] kbd read addr=$C010 kbOut=$40 matrix=00 00 00 00 00 00 00 00 -> $00 cycles=1349178
[WARN] [tk2000] kbd write addr=$C000 data=$80 cycles=1349288
[WARN] [tk2000] kbd read addr=$C010 kbOut=$80 matrix=00 00 00 00 00 00 00 00 -> $00 cycles=1349292
[WARN] [tk2000] kbd write addr=$C000 data=$00 cycles=1349414
[WARN] [tk2000] kbd write addr=$C000 data=$01 cycles=1349534
[WARN] [tk2000] kbd read addr=$C010 kbOut=$01 matrix=00 00 00 00 00 00 00 00 -> $00 cycles=1349538
[WARN] [tk2000] kbd write addr=$C000 data=$02 cycles=1349648
[WARN] [tk2000] kbd read addr=$C010 kbOut=$02 matrix=00 00 00 00 00 00 00 00 -> $00 cycles=1349652
[WARN] [tk2000] kbd write addr=$C000 data=$04 cycles=1349762
[WARN] [tk2000] kbd read addr=$C010 kbOut=$04 matrix=00 00 00 00 00 00 00 00 -> $00 cycles=1349766
[WARN] [tk2000] kbd write addr=$C000 data=$08 cycles=1349876
[WARN] [tk2000] kbd read addr=$C010 kbOut=$08 matrix=00 00 00 00 00 00 00 00 -> $00 cycles=1349880
[WARN] [tk2000] kbd write addr=$C000 data=$10 cycles=1349990
[WARN] [tk2000] kbd read addr=$C010 kbOut=$10 matrix=00 00 00 00 00 00 00 00 -> $00 cycles=1349994
[WARN] [tk2000] kbd write addr=$C000 data=$20 cycles=1350104
[WARN] [tk2000] kbd read addr=$C010 kbOut=$20 matrix=00 00 00 00 00 00 00 00 -> $00 cycles=1350108
[WARN] [tk2000] kbd write addr=$C000 data=$40 cycles=1350218
[WARN] [tk2000] kbd read addr=$C010 kbOut=$40 matrix=00 00 00 00 00 00 00 00 -> $00 cycles=1350222
[WARN] [tk2000] kbd write addr=$C000 data=$80 cycles=1350332
[WARN] [tk2000] kbd read addr=$C010 kbOut=$80 matrix=00 00 00 00 00 00 00 00 -> $00 cycles=1350336
[WARN] [tk2000] kbd write addr=$C000 data=$00 cycles=1350458
[WARN] [tk2000] kbd write addr=$C000 data=$01 cycles=1350578
[WARN] [tk2000] kbd read addr=$C010 kbOut=$01 matrix=00 00 00 00 00 00 00 00 -> $00 cycles=1350582
[WARN] [tk2000] kbd write addr=$C000 data=$02 cycles=1350692
[WARN] [tk2000] kbd read addr=$C010 kbOut=$02 matrix=00 00 00 00 00 00 00 00 -> $00 cycles=1350696
[WARN] [tk2000] kbd write addr=$C000 data=$04 cycles=1350806
[WARN] [tk2000] kbd read addr=$C010 kbOut=$04 matrix=00 00 00 00 00 00 00 00 -> $00 cycles=1350810
[WARN] [tk2000] kbd write addr=$C000 data=$08 cycles=1350920
[WARN] [tk2000] kbd read addr=$C010 kbOut=$08 matrix=00 00 00 00 00 00 00 00 -> $00 cycles=1350924
[WARN] [tk2000] kbd write addr=$C000 data=$10 cycles=1351034
[WARN] [tk2000] kbd read addr=$C010 kbOut=$10 matrix=00 00 00 00 00 00 00 00 -> $00 cycles=1351038
[WARN] [tk2000] kbd write addr=$C000 data=$20 cycles=1351148
[WARN] [tk2000] kbd read addr=$C010 kbOut=$20 matrix=00 00 00 00 00 00 00 00 -> $00 cycles=1351152
[WARN] [tk2000] kbd write addr=$C000 data=$40 cycles=1351262
[WARN] [tk2000] kbd read addr=$C010 kbOut=$40 matrix=00 00 00 00 00 00 00 00 -> $00 cycles=1351266
[WARN] [tk2000] kbd write addr=$C000 data=$80 cycles=1351376
[WARN] [tk2000] kbd read addr=$C010 kbOut=$80 matrix=00 00 00 00 00 00 00 00 -> $00 cycles=1351380
[WARN] [tk2000] kbd write addr=$C000 data=$00 cycles=1351502
[WARN] [tk2000] kbd write addr=$C000 data=$01 cycles=1351622
[WARN] [tk2000] kbd read addr=$C010 kbOut=$01 matrix=00 00 00 00 00 00 00 00 -> $00 cycles=1351626
[WARN] [tk2000] kbd write addr=$C000 data=$02 cycles=1351736
[WARN] [tk2000] kbd read addr=$C010 kbOut=$02 matrix=00 00 00 00 00 00 00 00 -> $00 cycles=1351740
[WARN] [tk2000] kbd write addr=$C000 data=$04 cycles=1351850
[WARN] [tk2000] kbd read addr=$C010 kbOut=$04 matrix=00 00 00 00 00 00 00 00 -> $00 cycles=1351854
[WARN] [tk2000] kbd write addr=$C000 data=$08 cycles=1351964
[WARN] [tk2000] kbd read addr=$C010 kbOut=$08 matrix=00 00 00 00 00 00 00 00 -> $00 cycles=1351968
[WARN] [tk2000] kbd write addr=$C000 data=$10 cycles=1352078
[WARN] [tk2000] kbd read addr=$C010 kbOut=$10 matrix=00 00 00 00 00 00 00 00 -> $00 cycles=1352082
[WARN] [tk2000] kbd write addr=$C000 data=$20 cycles=1352192
[WARN] [tk2000] kbd read addr=$C010 kbOut=$20 matrix=00 00 00 00 00 00 00 00 -> $00 cycles=1352196
[WARN] [tk2000] kbd write addr=$C000 data=$40 cycles=1352306
[WARN] [tk2000] kbd read addr=$C010 kbOut=$40 matrix=00 00 00 00 00 00 00 00 -> $00 cycles=1352310
[WARN] [tk2000] kbd write addr=$C000 data=$80 cycles=1352420
[WARN] [tk2000] kbd read addr=$C010 kbOut=$80 matrix=00 00 00 00 00 00 00 00 -> $00 cycles=1352424
[WARN] [tk2000] kbd write addr=$C000 data=$00 cycles=1352546
[WARN] [tk2000] kbd write addr=$C000 data=$01 cycles=1352666
[WARN] [tk2000] kbd read addr=$C010 kbOut=$01 matrix=00 00 00 00 00 00 00 00 -> $00 cycles=1352670
[WARN] [tk2000] kbd write addr=$C000 data=$02 cycles=1352780
[WARN] [tk2000] kbd read addr=$C010 kbOut=$02 matrix=00 00 00 00 00 00 00 00 -> $00 cycles=1352784
[WARN] [tk2000] kbd write addr=$C000 data=$04 cycles=1352894
[WARN] [tk2000] kbd read addr=$C010 kbOut=$04 matrix=00 00 00 00 00 00 00 00 -> $00 cycles=1352898
[WARN] [tk2000] kbd write addr=$C000 data=$08 cycles=1353008
[WARN] [tk2000] kbd read addr=$C010 kbOut=$08 matrix=00 00 00 00 00 00 00 00 -> $00 cycles=1353012
[WARN] [tk2000] kbd write addr=$C000 data=$10 cycles=1353122
[WARN] [tk2000] kbd read addr=$C010 kbOut=$10 matrix=00 00 00 00 00 00 00 00 -> $00 cycles=1353126
[WARN] [tk2000] kbd write addr=$C000 data=$20 cycles=1353236
[WARN] [tk2000] kbd read addr=$C010 kbOut=$20 matrix=00 00 00 00 00 00 00 00 -> $00 cycles=1353240
[WARN] [tk2000] kbd write addr=$C000 data=$40 cycles=1353350
[WARN] [tk2000] kbd read addr=$C010 kbOut=$40 matrix=00 00 00 00 00 00 00 00 -> $00 cycles=1353354
[WARN] [tk2000] kbd write addr=$C000 data=$80 cycles=1353464
[WARN] [tk2000] kbd read addr=$C010 kbOut=$80 matrix=00 00 00 00 00 00 00 00 -> $00 cycles=1353468
[WARN] [tk2000] kbd write addr=$C000 data=$00 cycles=1353590
[WARN] [tk2000] kbd write addr=$C000 data=$01 cycles=1353710
[WARN] [tk2000] kbd read addr=$C010 kbOut=$01 matrix=00 00 00 00 00 00 00 00 -> $00 cycles=1353714
[WARN] [tk2000] kbd write addr=$C000 data=$02 cycles=1353824
[WARN] [tk2000] kbd read addr=$C010 kbOut=$02 matrix=00 00 00 00 00 00 00 00 -> $00 cycles=1353828
[WARN] [tk2000] kbd write addr=$C000 data=$04 cycles=1353938
[WARN] [tk2000] kbd read addr=$C010 kbOut=$04 matrix=00 00 00 00 00 00 00 00 -> $00 cycles=1353942
[WARN] [tk2000] kbd write addr=$C000 data=$08 cycles=1354052
[WARN] [tk2000] kbd read addr=$C010 kbOut=$08 matrix=00 00 00 00 00 00 00 00 -> $00 cycles=1354056
[WARN] [tk2000] kbd write addr=$C000 data=$10 cycles=1354166
[WARN] [tk2000] kbd read addr=$C010 kbOut=$10 matrix=00 00 00 00 00 00 00 00 -> $00 cycles=1354170
[WARN] [tk2000] kbd write addr=$C000 data=$20 cycles=1354280
[WARN] [tk2000] kbd read addr=$C010 kbOut=$20 matrix=00 00 00 00 00 00 00 00 -> $00 cycles=1354284
[WARN] [tk2000] kbd write addr=$C000 data=$40 cycles=1354394
[WARN] [tk2000] kbd read addr=$C010 kbOut=$40 matrix=00 00 00 00 00 00 00 00 -> $00 cycles=1354398
[WARN] [tk2000] kbd write addr=$C000 data=$80 cycles=1354508
[WARN] [tk2000] kbd read addr=$C010 kbOut=$80 matrix=00 00 00 00 00 00 00 00 -> $00 cycles=1354512
[WARN] [tk2000] kbd write addr=$C000 data=$00 cycles=1354634
[WARN] [tk2000] kbd write addr=$C000 data=$01 cycles=1354754
[WARN] [tk2000] kbd read addr=$C010 kbOut=$01 matrix=00 00 00 00 00 00 00 00 -> $00 cycles=1354758
[WARN] [tk2000] kbd write addr=$C000 data=$02 cycles=1354868
[WARN] [tk2000] kbd read addr=$C010 kbOut=$02 matrix=00 00 00 00 00 00 00 00 -> $00 cycles=1354872
[WARN] [tk2000] kbd write addr=$C000 data=$04 cycles=1354982
[WARN] [tk2000] kbd read addr=$C010 kbOut=$04 matrix=00 00 00 00 00 00 00 00 -> $00 cycles=1354986
[WARN] [tk2000] kbd write addr=$C000 data=$08 cycles=1355096
[WARN] [tk2000] kbd read addr=$C010 kbOut=$08 matrix=00 00 00 00 00 00 00 00 -> $00 cycles=1355100
[WARN] [tk2000] kbd write addr=$C000 data=$10 cycles=1355210
[WARN] [tk2000] kbd read addr=$C010 kbOut=$10 matrix=00 00 00 00 00 00 00 00 -> $00 cycles=1355214
[WARN] [tk2000] kbd write addr=$C000 data=$20 cycles=1355324
[WARN] [tk2000] kbd read addr=$C010 kbOut=$20 matrix=00 00 00 00 00 00 00 00 -> $00 cycles=1355328
[WARN] [tk2000] kbd write addr=$C000 data=$40 cycles=1355438
[WARN] [tk2000] kbd read addr=$C010 kbOut=$40 matrix=00 00 00 00 00 00 00 00 -> $00 cycles=1355442
[WARN] [tk2000] kbd write addr=$C000 data=$80 cycles=1355552
[WARN] [tk2000] kbd read addr=$C010 kbOut=$80 matrix=00 00 00 00 00 00 00 00 -> $00 cycles=1355556
[WARN] [tk2000] kbd write addr=$C000 data=$00 cycles=1355678
[WARN] [tk2000] kbd write addr=$C000 data=$01 cycles=1355798
[WARN] [tk2000] kbd read addr=$C010 kbOut=$01 matrix=00 00 00 00 00 00 00 00 -> $00 cycles=1355802
[WARN] [tk2000] kbd write addr=$C000 data=$02 cycles=1355912
[WARN] [tk2000] kbd read addr=$C010 kbOut=$02 matrix=00 00 00 00 00 00 00 00 -> $00 cycles=1355916
[WARN] [tk2000] kbd write addr=$C000 data=$04 cycles=1356026
[WARN] [tk2000] kbd read addr=$C010 kbOut=$04 matrix=00 00 00 00 00 00 00 00 -> $00 cycles=1356030
[WARN] [tk2000] kbd write addr=$C000 data=$08 cycles=1356140
[WARN] [tk2000] kbd read addr=$C010 kbOut=$08 matrix=00 00 00 00 00 00 00 00 -> $00 cycles=1356144
[WARN] [tk2000] kbd write addr=$C000 data=$10 cycles=1356254
[WARN] [tk2000] kbd read addr=$C010 kbOut=$10 matrix=00 00 00 00 00 00 00 00 -> $00 cycles=1356258
[WARN] [tk2000] kbd write addr=$C000 data=$20 cycles=1356368
[WARN] [tk2000] kbd read addr=$C010 kbOut=$20 matrix=00 00 00 00 00 00 00 00 -> $00 cycles=1356372
[WARN] [tk2000] kbd write addr=$C000 data=$40 cycles=1356482
[WARN] [tk2000] kbd read addr=$C010 kbOut=$40 matrix=00 00 00 00 00 00 00 00 -> $00 cycles=1356486
[WARN] [tk2000] kbd write addr=$C000 data=$80 cycles=1356596
[WARN] [tk2000] kbd read addr=$C010 kbOut=$80 matrix=00 00 00 00 00 00 00 00 -> $00 cycles=1356600
[WARN] [tk2000] kbd write addr=$C000 data=$00 cycles=1356722
[WARN] [tk2000] kbd write addr=$C000 data=$01 cycles=1356842
[WARN] [tk2000] kbd read addr=$C010 kbOut=$01 matrix=00 00 00 00 00 00 00 00 -> $00 cycles=1356846
[WARN] [tk2000] kbd write addr=$C000 data=$02 cycles=1356956
[WARN] [tk2000] kbd read addr=$C010 kbOut=$02 matrix=00 00 00 00 00 00 00 00 -> $00 cycles=1356960
[WARN] [tk2000] kbd write addr=$C000 data=$04 cycles=1357070
[WARN] [tk2000] kbd read addr=$C010 kbOut=$04 matrix=00 00 00 00 00 00 00 00 -> $00 cycles=1357074
[WARN] [tk2000] kbd write addr=$C000 data=$08 cycles=1357184
[WARN] [tk2000] kbd read addr=$C010 kbOut=$08 matrix=00 00 00 00 00 00 00 00 -> $00 cycles=1357188
[WARN] [tk2000] kbd write addr=$C000 data=$10 cycles=1357298
[WARN] [tk2000] kbd read addr=$C010 kbOut=$10 matrix=00 00 00 00 00 00 00 00 -> $00 cycles=1357302
[WARN] [tk2000] kbd write addr=$C000 data=$20 cycles=1357412
[WARN] [tk2000] kbd read addr=$C010 kbOut=$20 matrix=00 00 00 00 00 00 00 00 -> $00 cycles=1357416
[WARN] [tk2000] kbd write addr=$C000 data=$40 cycles=1357526
[WARN] [tk2000] kbd read addr=$C010 kbOut=$40 matrix=00 00 00 00 00 00 00 00 -> $00 cycles=1357530
[WARN] [tk2000] kbd write addr=$C000 data=$80 cycles=1357640
[WARN] [tk2000] kbd read addr=$C010 kbOut=$80 matrix=00 00 00 00 00 00 00 00 -> $00 cycles=1357644
[WARN] [tk2000] kbd write addr=$C000 data=$00 cycles=1357766
[WARN] [tk2000] kbd write addr=$C000 data=$01 cycles=1357886
[WARN] [tk2000] kbd read addr=$C010 kbOut=$01 matrix=00 00 00 00 00 00 00 00 -> $00 cycles=1357890
[WARN] [tk2000] kbd write addr=$C000 data=$02 cycles=1358000
[WARN] [tk2000] kbd read addr=$C010 kbOut=$02 matrix=00 00 00 00 00 00 00 00 -> $00 cycles=1358004
[WARN] [tk2000] kbd write addr=$C000 data=$04 cycles=1358114
[WARN] [tk2000] kbd read addr=$C010 kbOut=$04 matrix=00 00 00 00 00 00 00 00 -> $00 cycles=1358118
[WARN] [tk2000] kbd write addr=$C000 data=$08 cycles=1358228
[WARN] [tk2000] kbd read addr=$C010 kbOut=$08 matrix=00 00 00 00 00 00 00 00 -> $00 cycles=1358232
[WARN] [tk2000] kbd write addr=$C000 data=$10 cycles=1358342
[WARN] [tk2000] kbd read addr=$C010 kbOut=$10 matrix=00 00 00 00 00 00 00 00 -> $00 cycles=1358346
[WARN] [tk2000] kbd write addr=$C000 data=$20 cycles=1358456
[WARN] [tk2000] kbd read addr=$C010 kbOut=$20 matrix=00 00 00 00 00 00 00 00 -> $00 cycles=1358460
[WARN] [tk2000] kbd write addr=$C000 data=$40 cycles=1358570
[WARN] [tk2000] kbd read addr=$C010 kbOut=$40 matrix=00 00 00 00 00 00 00 00 -> $00 cycles=1358574
[WARN] [tk2000] kbd write addr=$C000 data=$80 cycles=1358684
[WARN] [tk2000] kbd read addr=$C010 kbOut=$80 matrix=00 00 00 00 00 00 00 00 -> $00 cycles=1358688
[WARN] [tk2000] kbd write addr=$C000 data=$00 cycles=1358810
[WARN] [tk2000] kbd write addr=$C000 data=$01 cycles=1358930
[WARN] [tk2000] kbd read addr=$C010 kbOut=$01 matrix=00 00 00 00 00 00 00 00 -> $00 cycles=1358934
[WARN] [tk2000] kbd write addr=$C000 data=$02 cycles=1359044
[WARN] [tk2000] kbd read addr=$C010 kbOut=$02 matrix=00 00 00 00 00 00 00 00 -> $00 cycles=1359048
[WARN] [tk2000] kbd write addr=$C000 data=$04 cycles=1359158
[WARN] [tk2000] kbd read addr=$C010 kbOut=$04 matrix=00 00 00 00 00 00 00 00 -> $00 cycles=1359162
[WARN] [tk2000] kbd write addr=$C000 data=$08 cycles=1359272
[WARN] [tk2000] kbd read addr=$C010 kbOut=$08 matrix=00 00 00 00 00 00 00 00 -> $00 cycles=1359276
[WARN] [tk2000] kbd write addr=$C000 data=$10 cycles=1359386
[WARN] [tk2000] kbd read addr=$C010 kbOut=$10 matrix=00 00 00 00 00 00 00 00 -> $00 cycles=1359390
[WARN] [tk2000] kbd write addr=$C000 data=$20 cycles=1359500
[WARN] [tk2000] kbd read addr=$C010 kbOut=$20 matrix=00 00 00 00 00 00 00 00 -> $00 cycles=1359504
[WARN] [tk2000] kbd write addr=$C000 data=$40 cycles=1359614
[WARN] [tk2000] kbd read addr=$C010 kbOut=$40 matrix=00 00 00 00 00 00 00 00 -> $00 cycles=1359618
[WARN] [tk2000] kbd write addr=$C000 data=$80 cycles=1359728
[WARN] [tk2000] kbd read addr=$C010 kbOut=$80 matrix=00 00 00 00 00 00 00 00 -> $00 cycles=1359732
[WARN] [tk2000] kbd write addr=$C000 data=$00 cycles=1359854
[WARN] [tk2000] kbd write addr=$C000 data=$01 cycles=1359974
[WARN] [tk2000] kbd read addr=$C010 kbOut=$01 matrix=00 00 00 00 00 00 00 00 -> $00 cycles=1359978
[WARN] [tk2000] kbd write addr=$C000 data=$02 cycles=1360088
[WARN] [tk2000] kbd read addr=$C010 kbOut=$02 matrix=00 00 00 00 00 00 00 00 -> $00 cycles=1360092
[WARN] [tk2000] kbd write addr=$C000 data=$04 cycles=1360202
[WARN] [tk2000] kbd read addr=$C010 kbOut=$04 matrix=00 00 00 00 00 00 00 00 -> $00 cycles=1360206
[WARN] [tk2000] kbd write addr=$C000 data=$08 cycles=1360316
[WARN] [tk2000] kbd read addr=$C010 kbOut=$08 matrix=00 00 00 00 00 00 00 00 -> $00 cycles=1360320
[WARN] [tk2000] kbd write addr=$C000 data=$10 cycles=1360430
[WARN] [tk2000] kbd read addr=$C010 kbOut=$10 matrix=00 00 00 00 00 00 00 00 -> $00 cycles=1360434
[WARN] [tk2000] kbd write addr=$C000 data=$20 cycles=1360544
[WARN] [tk2000] kbd read addr=$C010 kbOut=$20 matrix=00 00 00 00 00 00 00 00 -> $00 cycles=1360548
[WARN] [tk2000] kbd write addr=$C000 data=$40 cycles=1360658
[WARN] [tk2000] kbd read addr=$C010 kbOut=$40 matrix=00 00 00 00 00 00 00 00 -> $00 cycles=1360662
[WARN] [tk2000] kbd write addr=$C000 data=$80 cycles=1360772
[WARN] [tk2000] kbd read addr=$C010 kbOut=$80 matrix=00 00 00 00 00 00 00 00 -> $00 cycles=1360776
[WARN] [tk2000] kbd write addr=$C000 data=$00 cycles=1360898
[WARN] [tk2000] kbd write addr=$C000 data=$01 cycles=1361018
[WARN] [tk2000] kbd read addr=$C010 kbOut=$01 matrix=00 00 00 00 00 00 00 00 -> $00 cycles=1361022
[WARN] [tk2000] kbd write addr=$C000 data=$02 cycles=1361132
[WARN] [tk2000] kbd read addr=$C010 kbOut=$02 matrix=00 00 00 00 00 00 00 00 -> $00 cycles=1361136
[WARN] [tk2000] kbd write addr=$C000 data=$04 cycles=1361246
[WARN] [tk2000] kbd read addr=$C010 kbOut=$04 matrix=00 00 00 00 00 00 00 00 -> $00 cycles=1361250
[WARN] [tk2000] kbd write addr=$C000 data=$08 cycles=1361360
[WARN] [tk2000] kbd read addr=$C010 kbOut=$08 matrix=00 00 00 00 00 00 00 00 -> $00 cycles=1361364
[WARN] [tk2000] kbd write addr=$C000 data=$10 cycles=1361474
[WARN] [tk2000] kbd read addr=$C010 kbOut=$10 matrix=00 00 00 00 00 00 00 00 -> $00 cycles=1361478
[WARN] [tk2000] kbd write addr=$C000 data=$20 cycles=1361588
[WARN] [tk2000] kbd read addr=$C010 kbOut=$20 matrix=00 00 00 00 00 00 00 00 -> $00 cycles=1361592
[WARN] [tk2000] kbd write addr=$C000 data=$40 cycles=1361702
[WARN] [tk2000] kbd read addr=$C010 kbOut=$40 matrix=00 00 00 00 00 00 00 00 -> $00 cycles=1361706
[WARN] [tk2000] kbd write addr=$C000 data=$80 cycles=1361816
[WARN] [tk2000] kbd read addr=$C010 kbOut=$80 matrix=00 00 00 00 00 00 00 00 -> $00 cycles=1361820
[WARN] [tk2000] kbd write addr=$C000 data=$00 cycles=1361942
[WARN] [tk2000] kbd write addr=$C000 data=$01 cycles=1362062
[WARN] [tk2000] kbd read addr=$C010 kbOut=$01 matrix=00 00 00 00 00 00 00 00 -> $00 cycles=1362066
[WARN] [tk2000] kbd write addr=$C000 data=$02 cycles=1362176
[WARN] [tk2000] kbd read addr=$C010 kbOut=$02 matrix=00 00 00 00 00 00 00 00 -> $00 cycles=1362180
[WARN] [tk2000] kbd write addr=$C000 data=$04 cycles=1362290
[WARN] [tk2000] kbd read addr=$C010 kbOut=$04 matrix=00 00 00 00 00 00 00 00 -> $00 cycles=1362294
[WARN] [tk2000] kbd write addr=$C000 data=$08 cycles=1362404
[WARN] [tk2000] kbd read addr=$C010 kbOut=$08 matrix=00 00 00 00 00 00 00 00 -> $00 cycles=1362408
[WARN] [tk2000] kbd write addr=$C000 data=$10 cycles=1362518
[WARN] [tk2000] kbd read addr=$C010 kbOut=$10 matrix=00 00 00 00 00 00 00 00 -> $00 cycles=1362522
[WARN] [tk2000] kbd write addr=$C000 data=$20 cycles=1362632
[WARN] [tk2000] kbd read addr=$C010 kbOut=$20 matrix=00 00 00 00 00 00 00 00 -> $00 cycles=1362636
[WARN] [tk2000] kbd write addr=$C000 data=$40 cycles=1362746
[WARN] [tk2000] kbd read addr=$C010 kbOut=$40 matrix=00 00 00 00 00 00 00 00 -> $00 cycles=1362750
[WARN] [tk2000] kbd write addr=$C000 data=$80 cycles=1362860
[WARN] [tk2000] kbd read addr=$C010 kbOut=$80 matrix=00 00 00 00 00 00 00 00 -> $00 cycles=1362864
[WARN] [tk2000] kbd write addr=$C000 data=$00 cycles=1362986
[WARN] [tk2000] kbd write addr=$C000 data=$01 cycles=1363106
[WARN] [tk2000] kbd read addr=$C010 kbOut=$01 matrix=00 00 00 00 00 00 00 00 -> $00 cycles=1363110
[WARN] [tk2000] kbd write addr=$C000 data=$02 cycles=1363220
[WARN] [tk2000] kbd read addr=$C010 kbOut=$02 matrix=00 00 00 00 00 00 00 00 -> $00 cycles=1363224
[WARN] [tk2000] kbd write addr=$C000 data=$04 cycles=1363334
[WARN] [tk2000] kbd read addr=$C010 kbOut=$04 matrix=00 00 00 00 00 00 00 00 -> $00 cycles=1363338
[WARN] [tk2000] kbd write addr=$C000 data=$08 cycles=1363448
[WARN] [tk2000] kbd read addr=$C010 kbOut=$08 matrix=00 00 00 00 00 00 00 00 -> $00 cycles=1363452
[WARN] [tk2000] kbd write addr=$C000 data=$10 cycles=1363562
[WARN] [tk2000] kbd read addr=$C010 kbOut=$10 matrix=00 00 00 00 00 00 00 00 -> $00 cycles=1363566
[WARN] [tk2000] kbd write addr=$C000 data=$20 cycles=1363676
[WARN] [tk2000] kbd read addr=$C010 kbOut=$20 matrix=00 00 00 00 00 00 00 00 -> $00 cycles=1363680
[WARN] [tk2000] kbd write addr=$C000 data=$40 cycles=1363790
[WARN] [tk2000] kbd read addr=$C010 kbOut=$40 matrix=00 00 00 00 00 00 00 00 -> $00 cycles=1363794
[WARN] [tk2000] kbd write addr=$C000 data=$80 cycles=1363904
[WARN] [tk2000] kbd read addr=$C010 kbOut=$80 matrix=00 00 00 00 00 00 00 00 -> $00 cycles=1363908
[WARN] [tk2000] kbd write addr=$C000 data=$00 cycles=1364030
[WARN] [tk2000] kbd write addr=$C000 data=$01 cycles=1364150
[WARN] [tk2000] kbd read addr=$C010 kbOut=$01 matrix=00 00 00 00 00 00 00 00 -> $00 cycles=1364154
[WARN] [tk2000] kbd write addr=$C000 data=$02 cycles=1364264
[WARN] [tk2000] kbd read addr=$C010 kbOut=$02 matrix=00 00 00 00 00 00 00 00 -> $00 cycles=1364268
[WARN] [tk2000] kbd write addr=$C000 data=$04 cycles=1364378
[WARN] [tk2000] kbd read addr=$C010 kbOut=$04 matrix=00 00 00 00 00 00 00 00 -> $00 cycles=1364382
[WARN] [tk2000] kbd write addr=$C000 data=$08 cycles=1364492
[WARN] [tk2000] kbd read addr=$C010 kbOut=$08 matrix=00 00 00 00 00 00 00 00 -> $00 cycles=1364496
[WARN] [tk2000] kbd write addr=$C000 data=$10 cycles=1364606
[WARN] [tk2000] kbd read addr=$C010 kbOut=$10 matrix=00 00 00 00 00 00 00 00 -> $00 cycles=1364610
[WARN] [tk2000] kbd write addr=$C000 data=$20 cycles=1364720
[WARN] [tk2000] kbd read addr=$C010 kbOut=$20 matrix=00 00 00 00 00 00 00 00 -> $00 cycles=1364724
[WARN] [tk2000] kbd write addr=$C000 data=$40 cycles=1364834
[WARN] [tk2000] kbd read addr=$C010 kbOut=$40 matrix=00 00 00 00 00 00 00 00 -> $00 cycles=1364838
[WARN] [tk2000] kbd write addr=$C000 data=$80 cycles=1364948
[WARN] [tk2000] kbd read addr=$C010 kbOut=$80 matrix=00 00 00 00 00 00 00 00 -> $00 cycles=1364952
[WARN] [tk2000] kbd write addr=$C000 data=$00 cycles=1365074
[WARN] [tk2000] kbd write addr=$C000 data=$01 cycles=1365194
[WARN] [tk2000] kbd read addr=$C010 kbOut=$01 matrix=00 00 00 00 00 00 00 00 -> $00 cycles=1365198
[WARN] [tk2000] kbd write addr=$C000 data=$02 cycles=1365308
[WARN] [tk2000] kbd read addr=$C010 kbOut=$02 matrix=00 00 00 00 00 00 00 00 -> $00 cycles=1365312
[WARN] [tk2000] kbd write addr=$C000 data=$04 cycles=1365422
[WARN] [tk2000] kbd read addr=$C010 kbOut=$04 matrix=00 00 00 00 00 00 00 00 -> $00 cycles=1365426
[WARN] [tk2000] kbd write addr=$C000 data=$08 cycles=1365536
[WARN] [tk2000] kbd read addr=$C010 kbOut=$08 matrix=00 00 00 00 00 00 00 00 -> $00 cycles=1365540
[WARN] [tk2000] kbd write addr=$C000 data=$10 cycles=1365650
[WARN] [tk2000] kbd read addr=$C010 kbOut=$10 matrix=00 00 00 00 00 00 00 00 -> $00 cycles=1365654
[WARN] [tk2000] kbd write addr=$C000 data=$20 cycles=1365764
[WARN] [tk2000] kbd read addr=$C010 kbOut=$20 matrix=00 00 00 00 00 00 00 00 -> $00 cycles=1365768
[WARN] [tk2000] kbd write addr=$C000 data=$40 cycles=1365878
[WARN] [tk2000] kbd read addr=$C010 kbOut=$40 matrix=00 00 00 00 00 00 00 00 -> $00 cycles=1365882
[WARN] [tk2000] kbd write addr=$C000 data=$80 cycles=1365992
[WARN] [tk2000] kbd read addr=$C010 kbOut=$80 matrix=00 00 00 00 00 00 00 00 -> $00 cycles=1365996
[WARN] [tk2000] kbd write addr=$C000 data=$00 cycles=1366118
[WARN] [tk2000] kbd write addr=$C000 data=$01 cycles=1366238
[WARN] [tk2000] kbd read addr=$C010 kbOut=$01 matrix=00 00 00 00 00 00 00 00 -> $00 cycles=1366242
[WARN] [tk2000] kbd write addr=$C000 data=$02 cycles=1366352
[WARN] [tk2000] kbd read addr=$C010 kbOut=$02 matrix=00 00 00 00 00 00 00 00 -> $00 cycles=1366356
[WARN] [tk2000] kbd write addr=$C000 data=$04 cycles=1366466
[WARN] [tk2000] kbd read addr=$C010 kbOut=$04 matrix=00 00 00 00 00 00 00 00 -> $00 cycles=1366470
[WARN] [tk2000] kbd write addr=$C000 data=$08 cycles=1366580
[WARN] [tk2000] kbd read addr=$C010 kbOut=$08 matrix=00 00 00 00 00 00 00 00 -> $00 cycles=1366584
[WARN] [tk2000] kbd write addr=$C000 data=$10 cycles=1366694
[WARN] [tk2000] kbd read addr=$C010 kbOut=$10 matrix=00 00 00 00 00 00 00 00 -> $00 cycles=1366698
[WARN] [tk2000] kbd write addr=$C000 data=$20 cycles=1366808
[WARN] [tk2000] kbd read addr=$C010 kbOut=$20 matrix=00 00 00 00 00 00 00 00 -> $00 cycles=1366812
[WARN] [tk2000] kbd write addr=$C000 data=$40 cycles=1366922
[WARN] [tk2000] kbd read addr=$C010 kbOut=$40 matrix=00 00 00 00 00 00 00 00 -> $00 cycles=1366926
[WARN] [tk2000] kbd write addr=$C000 data=$80 cycles=1367036
[WARN] [tk2000] kbd read addr=$C010 kbOut=$80 matrix=00 00 00 00 00 00 00 00 -> $00 cycles=1367040
[WARN] [tk2000] kbd write addr=$C000 data=$00 cycles=1367162
[WARN] [tk2000] kbd write addr=$C000 data=$01 cycles=1367282
[WARN] [tk2000] kbd read addr=$C010 kbOut=$01 matrix=00 00 00 00 00 00 00 00 -> $00 cycles=1367286
[WARN] [tk2000] kbd write addr=$C000 data=$02 cycles=1367396
[WARN] [tk2000] kbd read addr=$C010 kbOut=$02 matrix=00 00 00 00 00 00 00 00 -> $00 cycles=1367400
[WARN] [tk2000] kbd write addr=$C000 data=$04 cycles=1367510
[WARN] [tk2000] kbd read addr=$C010 kbOut=$04 matrix=00 00 00 00 00 00 00 00 -> $00 cycles=1367514
[WARN] [tk2000] kbd write addr=$C000 data=$08 cycles=1367624
[WARN] [tk2000] kbd read addr=$C010 kbOut=$08 matrix=00 00 00 00 00 00 00 00 -> $00 cycles=1367628
[WARN] [tk2000] kbd write addr=$C000 data=$10 cycles=1367738
[WARN] [tk2000] kbd read addr=$C010 kbOut=$10 matrix=00 00 00 00 00 00 00 00 -> $00 cycles=1367742
[WARN] [tk2000] kbd write addr=$C000 data=$20 cycles=1367852
[WARN] [tk2000] kbd read addr=$C010 kbOut=$20 matrix=00 00 00 00 00 00 00 00 -> $00 cycles=1367856
[WARN] [tk2000] kbd write addr=$C000 data=$40 cycles=1367966
[WARN] [tk2000] kbd read addr=$C010 kbOut=$40 matrix=00 00 00 00 00 00 00 00 -> $00 cycles=1367970
[WARN] [tk2000] kbd write addr=$C000 data=$80 cycles=1368080
[WARN] [tk2000] kbd read addr=$C010 kbOut=$80 matrix=00 00 00 00 00 00 00 00 -> $00 cycles=1368084
[WARN] [tk2000] kbd write addr=$C000 data=$00 cycles=1368206
[WARN] [tk2000] kbd write addr=$C000 data=$01 cycles=1368326
[WARN] [tk2000] kbd read addr=$C010 kbOut=$01 matrix=00 00 00 00 00 00 00 00 -> $00 cycles=1368330
[WARN] [tk2000] kbd write addr=$C000 data=$02 cycles=1368440
[WARN] [tk2000] kbd read addr=$C010 kbOut=$02 matrix=00 00 00 00 00 00 00 00 -> $00 cycles=1368444
[WARN] [tk2000] kbd write addr=$C000 data=$04 cycles=1368554
[WARN] [tk2000] kbd read addr=$C010 kbOut=$04 matrix=00 00 00 00 00 00 00 00 -> $00 cycles=1368558
[WARN] [tk2000] kbd write addr=$C000 data=$08 cycles=1368668
[WARN] [tk2000] kbd read addr=$C010 kbOut=$08 matrix=00 00 00 00 00 00 00 00 -> $00 cycles=1368672
[WARN] [tk2000] kbd write addr=$C000 data=$10 cycles=1368782
[WARN] [tk2000] kbd read addr=$C010 kbOut=$10 matrix=00 00 00 00 00 00 00 00 -> $00 cycles=1368786
[WARN] [tk2000] kbd write addr=$C000 data=$20 cycles=1368896
[WARN] [tk2000] kbd read addr=$C010 kbOut=$20 matrix=00 00 00 00 00 00 00 00 -> $00 cycles=1368900
[WARN] [tk2000] kbd write addr=$C000 data=$40 cycles=1369010
[WARN] [tk2000] kbd read addr=$C010 kbOut=$40 matrix=00 00 00 00 00 00 00 00 -> $00 cycles=1369014
[WARN] [tk2000] kbd write addr=$C000 data=$80 cycles=1369124
[WARN] [tk2000] kbd read addr=$C010 kbOut=$80 matrix=00 00 00 00 00 00 00 00 -> $00 cycles=1369128
[WARN] [tk2000] kbd write addr=$C000 data=$00 cycles=1369250
[WARN] [tk2000] kbd write addr=$C000 data=$01 cycles=1369370
[WARN] [tk2000] kbd read addr=$C010 kbOut=$01 matrix=00 00 00 00 00 00 00 00 -> $00 cycles=1369374
[WARN] [tk2000] kbd write addr=$C000 data=$02 cycles=1369484
[WARN] [tk2000] kbd read addr=$C010 kbOut=$02 matrix=00 00 00 00 00 00 00 00 -> $00 cycles=1369488
[WARN] [tk2000] kbd write addr=$C000 data=$04 cycles=1369598
[WARN] [tk2000] kbd read addr=$C010 kbOut=$04 matrix=00 00 00 00 00 00 00 00 -> $00 cycles=1369602
[WARN] [tk2000] kbd write addr=$C000 data=$08 cycles=1369712
[WARN] [tk2000] kbd read addr=$C010 kbOut=$08 matrix=00 00 00 00 00 00 00 00 -> $00 cycles=1369716
[WARN] [tk2000] kbd write addr=$C000 data=$10 cycles=1369826
[WARN] [tk2000] kbd read addr=$C010 kbOut=$10 matrix=00 00 00 00 00 00 00 00 -> $00 cycles=1369830
[WARN] [tk2000] kbd write addr=$C000 data=$20 cycles=1369940
[WARN] [tk2000] kbd read addr=$C010 kbOut=$20 matrix=00 00 00 00 00 00 00 00 -> $00 cycles=1369944
[WARN] [tk2000] kbd write addr=$C000 data=$40 cycles=1370054
[WARN] [tk2000] kbd read addr=$C010 kbOut=$40 matrix=00 00 00 00 00 00 00 00 -> $00 cycles=1370058
[WARN] [tk2000] kbd write addr=$C000 data=$80 cycles=1370168
[WARN] [tk2000] kbd read addr=$C010 kbOut=$80 matrix=00 00 00 00 00 00 00 00 -> $00 cycles=1370172
[WARN] [tk2000] kbd write addr=$C000 data=$00 cycles=1370294
[WARN] [tk2000] kbd write addr=$C000 data=$01 cycles=1370414
[WARN] [tk2000] kbd read addr=$C010 kbOut=$01 matrix=00 00 00 00 00 00 00 00 -> $00 cycles=1370418
[WARN] [tk2000] kbd write addr=$C000 data=$02 cycles=1370528
[WARN] [tk2000] kbd read addr=$C010 kbOut=$02 matrix=00 00 00 00 00 00 00 00 -> $00 cycles=1370532
[WARN] [tk2000] kbd write addr=$C000 data=$04 cycles=1370642
[WARN] [tk2000] kbd read addr=$C010 kbOut=$04 matrix=00 00 00 00 00 00 00 00 -> $00 cycles=1370646
[WARN] [tk2000] kbd write addr=$C000 data=$08 cycles=1370756
[WARN] [tk2000] kbd read addr=$C010 kbOut=$08 matrix=00 00 00 00 00 00 00 00 -> $00 cycles=1370760
[WARN] [tk2000] kbd write addr=$C000 data=$10 cycles=1370870
[WARN] [tk2000] kbd read addr=$C010 kbOut=$10 matrix=00 00 00 00 00 00 00 00 -> $00 cycles=1370874
[WARN] [tk2000] kbd write addr=$C000 data=$20 cycles=1370984
[WARN] [tk2000] kbd read addr=$C010 kbOut=$20 matrix=00 00 00 00 00 00 00 00 -> $00 cycles=1370988
[WARN] [tk2000] kbd write addr=$C000 data=$40 cycles=1371098
[WARN] [tk2000] kbd read addr=$C010 kbOut=$40 matrix=00 00 00 00 00 00 00 00 -> $00 cycles=1371102
[WARN] [tk2000] kbd write addr=$C000 data=$80 cycles=1371212
[WARN] [tk2000] kbd read addr=$C010 kbOut=$80 matrix=00 00 00 00 00 00 00 00 -> $00 cycles=1371216
[WARN] [tk2000] kbd write addr=$C000 data=$00 cycles=1371338
[WARN] [tk2000] kbd write addr=$C000 data=$01 cycles=1371458
[WARN] [tk2000] kbd read addr=$C010 kbOut=$01 matrix=00 00 00 00 00 00 00 00 -> $00 cycles=1371462
[WARN] [tk2000] kbd write addr=$C000 data=$02 cycles=1371572
[WARN] [tk2000] kbd read addr=$C010 kbOut=$02 matrix=00 00 00 00 00 00 00 00 -> $00 cycles=1371576
[WARN] [tk2000] kbd write addr=$C000 data=$04 cycles=1371686
[WARN] [tk2000] kbd read addr=$C010 kbOut=$04 matrix=00 00 00 00 00 00 00 00 -> $00 cycles=1371690
[WARN] [tk2000] kbd write addr=$C000 data=$08 cycles=1371800
[WARN] [tk2000] kbd read addr=$C010 kbOut=$08 matrix=00 00 00 00 00 00 00 00 -> $00 cycles=1371804
[WARN] [tk2000] kbd write addr=$C000 data=$10 cycles=1371914
[WARN] [tk2000] kbd read addr=$C010 kbOut=$10 matrix=00 00 00 00 00 00 00 00 -> $00 cycles=1371918
[WARN] [tk2000] kbd write addr=$C000 data=$20 cycles=1372028
[WARN] [tk2000] kbd read addr=$C010 kbOut=$20 matrix=00 00 00 00 00 00 00 00 -> $00 cycles=1372032
[WARN] [tk2000] kbd write addr=$C000 data=$40 cycles=1372142
[WARN] [tk2000] kbd read addr=$C010 kbOut=$40 matrix=00 00 00 00 00 00 00 00 -> $00 cycles=1372146
[WARN] [tk2000] kbd write addr=$C000 data=$80 cycles=1372256
[WARN] [tk2000] kbd read addr=$C010 kbOut=$80 matrix=00 00 00 00 00 00 00 00 -> $00 cycles=1372260
[WARN] [tk2000] kbd write addr=$C000 data=$00 cycles=1372382
[WARN] [tk2000] kbd write addr=$C000 data=$01 cycles=1372502
[WARN] [tk2000] kbd read addr=$C010 kbOut=$01 matrix=00 00 00 00 00 00 00 00 -> $00 cycles=1372506
[WARN] [tk2000] kbd write addr=$C000 data=$02 cycles=1372616
[WARN] [tk2000] kbd read addr=$C010 kbOut=$02 matrix=00 00 00 00 00 00 00 00 -> $00 cycles=1372620
[WARN] [tk2000] kbd write addr=$C000 data=$04 cycles=1372730
[WARN] [tk2000] kbd read addr=$C010 kbOut=$04 matrix=00 00 00 00 00 00 00 00 -> $00 cycles=1372734
[WARN] [tk2000] kbd write addr=$C000 data=$08 cycles=1372844
[WARN] [tk2000] kbd read addr=$C010 kbOut=$08 matrix=00 00 00 00 00 00 00 00 -> $00 cycles=1372848
[WARN] [tk2000] kbd write addr=$C000 data=$10 cycles=1372958
[WARN] [tk2000] kbd read addr=$C010 kbOut=$10 matrix=00 00 00 00 00 00 00 00 -> $00 cycles=1372962
[WARN] [tk2000] kbd write addr=$C000 data=$20 cycles=1373072
[WARN] [tk2000] kbd read addr=$C010 kbOut=$20 matrix=00 00 00 00 00 00 00 00 -> $00 cycles=1373076
[WARN] [tk2000] kbd write addr=$C000 data=$40 cycles=1373186
[WARN] [tk2000] kbd read addr=$C010 kbOut=$40 matrix=00 00 00 00 00 00 00 00 -> $00 cycles=1373190
[WARN] [tk2000] kbd write addr=$C000 data=$80 cycles=1373300
[WARN] [tk2000] kbd read addr=$C010 kbOut=$80 matrix=00 00 00 00 00 00 00 00 -> $00 cycles=1373304
[WARN] [tk2000] kbd write addr=$C000 data=$00 cycles=1373426
[WARN] [tk2000] kbd write addr=$C000 data=$01 cycles=1373546
[WARN] [tk2000] kbd read addr=$C010 kbOut=$01 matrix=00 00 00 00 00 00 00 00 -> $00 cycles=1373550
[WARN] [tk2000] kbd write addr=$C000 data=$02 cycles=1373660
[WARN] [tk2000] kbd read addr=$C010 kbOut=$02 matrix=00 00 00 00 00 00 00 00 -> $00 cycles=1373664
[WARN] [tk2000] kbd write addr=$C000 data=$04 cycles=1373774
[WARN] [tk2000] kbd read addr=$C010 kbOut=$04 matrix=00 00 00 00 00 00 00 00 -> $00 cycles=1373778
[WARN] [tk2000] kbd write addr=$C000 data=$08 cycles=1373888
[WARN] [tk2000] kbd read addr=$C010 kbOut=$08 matrix=00 00 00 00 00 00 00 00 -> $00 cycles=1373892
[WARN] [tk2000] kbd write addr=$C000 data=$10 cycles=1374002
[WARN] [tk2000] kbd read addr=$C010 kbOut=$10 matrix=00 00 00 00 00 00 00 00 -> $00 cycles=1374006
[WARN] [tk2000] kbd write addr=$C000 data=$20 cycles=1374116
[WARN] [tk2000] kbd read addr=$C010 kbOut=$20 matrix=00 00 00 00 00 00 00 00 -> $00 cycles=1374120
[WARN] [tk2000] kbd write addr=$C000 data=$40 cycles=1374230
[WARN] [tk2000] kbd read addr=$C010 kbOut=$40 matrix=00 00 00 00 00 00 00 00 -> $00 cycles=1374234
[WARN] [tk2000] kbd write addr=$C000 data=$80 cycles=1374344
[WARN] [tk2000] kbd read addr=$C010 kbOut=$80 matrix=00 00 00 00 00 00 00 00 -> $00 cycles=1374348
[WARN] [tk2000] kbd write addr=$C000 data=$00 cycles=1374470
[WARN] [tk2000] kbd write addr=$C000 data=$01 cycles=1374590
[WARN] [tk2000] kbd read addr=$C010 kbOut=$01 matrix=00 00 00 00 00 00 00 00 -> $00 cycles=1374594
[WARN] [tk2000] kbd write addr=$C000 data=$02 cycles=1374704
[WARN] [tk2000] kbd read addr=$C010 kbOut=$02 matrix=00 00 00 00 00 00 00 00 -> $00 cycles=1374708
[WARN] [tk2000] kbd write addr=$C000 data=$04 cycles=1374818
[WARN] [tk2000] kbd read addr=$C010 kbOut=$04 matrix=00 00 00 00 00 00 00 00 -> $00 cycles=1374822
[WARN] [tk2000] kbd write addr=$C000 data=$08 cycles=1374932
[WARN] [tk2000] kbd read addr=$C010 kbOut=$08 matrix=00 00 00 00 00 00 00 00 -> $00 cycles=1374936
[WARN] [tk2000] kbd write addr=$C000 data=$10 cycles=1375046
[WARN] [tk2000] kbd read addr=$C010 kbOut=$10 matrix=00 00 00 00 00 00 00 00 -> $00 cycles=1375050
[WARN] [tk2000] kbd write addr=$C000 data=$20 cycles=1375160
[WARN] [tk2000] kbd read addr=$C010 kbOut=$20 matrix=00 00 00 00 00 00 00 00 -> $00 cycles=1375164
[WARN] [tk2000] kbd write addr=$C000 data=$40 cycles=1375274
[WARN] [tk2000] kbd read addr=$C010 kbOut=$40 matrix=00 00 00 00 00 00 00 00 -> $00 cycles=1375278
[WARN] [tk2000] kbd write addr=$C000 data=$80 cycles=1375388
[WARN] [tk2000] kbd read addr=$C010 kbOut=$80 matrix=00 00 00 00 00 00 00 00 -> $00 cycles=1375392
[WARN] [tk2000] kbd write addr=$C000 data=$00 cycles=1375514
[WARN] [tk2000] kbd write addr=$C000 data=$01 cycles=1375634
[WARN] [tk2000] kbd read addr=$C010 kbOut=$01 matrix=00 00 00 00 00 00 00 00 -> $00 cycles=1375638
[WARN] [tk2000] kbd write addr=$C000 data=$02 cycles=1375748
[WARN] [tk2000] kbd read addr=$C010 kbOut=$02 matrix=00 00 00 00 00 00 00 00 -> $00 cycles=1375752
[WARN] [tk2000] kbd write addr=$C000 data=$04 cycles=1375862
[WARN] [tk2000] kbd read addr=$C010 kbOut=$04 matrix=00 00 00 00 00 00 00 00 -> $00 cycles=1375866
[WARN] [tk2000] kbd write addr=$C000 data=$08 cycles=1375976
[WARN] [tk2000] kbd read addr=$C010 kbOut=$08 matrix=00 00 00 00 00 00 00 00 -> $00 cycles=1375980
[WARN] [tk2000] kbd write addr=$C000 data=$10 cycles=1376090
[WARN] [tk2000] kbd read addr=$C010 kbOut=$10 matrix=00 00 00 00 00 00 00 00 -> $00 cycles=1376094
[WARN] [tk2000] kbd write addr=$C000 data=$20 cycles=1376204
[WARN] [tk2000] kbd read addr=$C010 kbOut=$20 matrix=00 00 00 00 00 00 00 00 -> $00 cycles=1376208
[WARN] [tk2000] kbd write addr=$C000 data=$40 cycles=1376318
[WARN] [tk2000] kbd read addr=$C010 kbOut=$40 matrix=00 00 00 00 00 00 00 00 -> $00 cycles=1376322
[WARN] [tk2000] kbd write addr=$C000 data=$80 cycles=1376432
[WARN] [tk2000] kbd read addr=$C010 kbOut=$80 matrix=00 00 00 00 00 00 00 00 -> $00 cycles=1376436
[WARN] [tk2000] kbd write addr=$C000 data=$00 cycles=1376558
[WARN] [tk2000] kbd write addr=$C000 data=$01 cycles=1376678
[WARN] [tk2000] kbd read addr=$C010 kbOut=$01 matrix=00 00 00 00 00 00 00 00 -> $00 cycles=1376682
[WARN] [tk2000] kbd write addr=$C000 data=$02 cycles=1376792
[WARN] [tk2000] kbd read addr=$C010 kbOut=$02 matrix=00 00 00 00 00 00 00 00 -> $00 cycles=1376796
[WARN] [tk2000] kbd write addr=$C000 data=$04 cycles=1376906
[WARN] [tk2000] kbd read addr=$C010 kbOut=$04 matrix=00 00 00 00 00 00 00 00 -> $00 cycles=1376910
[WARN] [tk2000] kbd write addr=$C000 data=$08 cycles=1377020
[WARN] [tk2000] kbd read addr=$C010 kbOut=$08 matrix=00 00 00 00 00 00 00 00 -> $00 cycles=1377024
[WARN] [tk2000] kbd write addr=$C000 data=$10 cycles=1377134
[WARN] [tk2000] kbd read addr=$C010 kbOut=$10 matrix=00 00 00 00 00 00 00 00 -> $00 cycles=1377138
[WARN] [tk2000] kbd write addr=$C000 data=$20 cycles=1377248
[WARN] [tk2000] kbd read addr=$C010 kbOut=$20 matrix=00 00 00 00 00 00 00 00 -> $00 cycles=1377252
[WARN] [tk2000] kbd write addr=$C000 data=$40 cycles=1377362
[WARN] [tk2000] kbd read addr=$C010 kbOut=$40 matrix=00 00 00 00 00 00 00 00 -> $00 cycles=1377366
[WARN] [tk2000] kbd write addr=$C000 data=$80 cycles=1377476
[WARN] [tk2000] kbd read addr=$C010 kbOut=$80 matrix=00 00 00 00 00 00 00 00 -> $00 cycles=1377480
[WARN] [tk2000] kbd write addr=$C000 data=$00 cycles=1377602
[WARN] [tk2000] kbd write addr=$C000 data=$01 cycles=1377722
[WARN] [tk2000] kbd read addr=$C010 kbOut=$01 matrix=00 00 00 00 00 00 00 00 -> $00 cycles=1377726
[WARN] [tk2000] kbd write addr=$C000 data=$02 cycles=1377836
[WARN] [tk2000] kbd read addr=$C010 kbOut=$02 matrix=00 00 00 00 00 00 00 00 -> $00 cycles=1377840
[WARN] [tk2000] kbd write addr=$C000 data=$04 cycles=1377950
[WARN] [tk2000] kbd read addr=$C010 kbOut=$04 matrix=00 00 00 00 00 00 00 00 -> $00 cycles=1377954
[WARN] [tk2000] kbd write addr=$C000 data=$08 cycles=1378064
[WARN] [tk2000] kbd read addr=$C010 kbOut=$08 matrix=00 00 00 00 00 00 00 00 -> $00 cycles=1378068
[WARN] [tk2000] kbd write addr=$C000 data=$10 cycles=1378178
[WARN] [tk2000] kbd read addr=$C010 kbOut=$10 matrix=00 00 00 00 00 00 00 00 -> $00 cycles=1378182
[WARN] [tk2000] kbd write addr=$C000 data=$20 cycles=1378292
[WARN] [tk2000] kbd read addr=$C010 kbOut=$20 matrix=00 00 00 00 00 00 00 00 -> $00 cycles=1378296
[WARN] [tk2000] kbd write addr=$C000 data=$40 cycles=1378406
[WARN] [tk2000] kbd read addr=$C010 kbOut=$40 matrix=00 00 00 00 00 00 00 00 -> $00 cycles=1378410
[WARN] [tk2000] kbd write addr=$C000 data=$80 cycles=1378520
[WARN] [tk2000] kbd read addr=$C010 kbOut=$80 matrix=00 00 00 00 00 00 00 00 -> $00 cycles=1378524
[WARN] [tk2000] kbd write addr=$C000 data=$00 cycles=1378646
[WARN] [tk2000] kbd write addr=$C000 data=$01 cycles=1378766
[WARN] [tk2000] kbd read addr=$C010 kbOut=$01 matrix=00 00 00 00 00 00 00 00 -> $00 cycles=1378770
[WARN] [tk2000] kbd write addr=$C000 data=$02 cycles=1378880
[WARN] [tk2000] kbd read addr=$C010 kbOut=$02 matrix=00 00 00 00 00 00 00 00 -> $00 cycles=1378884
[WARN] [tk2000] kbd write addr=$C000 data=$04 cycles=1378994
[WARN] [tk2000] kbd read addr=$C010 kbOut=$04 matrix=00 00 00 00 00 00 00 00 -> $00 cycles=1378998
[WARN] [tk2000] kbd write addr=$C000 data=$08 cycles=1379108
[WARN] [tk2000] kbd read addr=$C010 kbOut=$08 matrix=00 00 00 00 00 00 00 00 -> $00 cycles=1379112
[WARN] [tk2000] kbd write addr=$C000 data=$10 cycles=1379222
[WARN] [tk2000] kbd read addr=$C010 kbOut=$10 matrix=00 00 00 00 00 00 00 00 -> $00 cycles=1379226
[WARN] [tk2000] kbd write addr=$C000 data=$20 cycles=1379336
[WARN] [tk2000] kbd read addr=$C010 kbOut=$20 matrix=00 00 00 00 00 00 00 00 -> $00 cycles=1379340
[WARN] [tk2000] kbd write addr=$C000 data=$40 cycles=1379450
[WARN] [tk2000] kbd read addr=$C010 kbOut=$40 matrix=00 00 00 00 00 00 00 00 -> $00 cycles=1379454
[WARN] [tk2000] kbd write addr=$C000 data=$80 cycles=1379564
[WARN] [tk2000] kbd read addr=$C010 kbOut=$80 matrix=00 00 00 00 00 00 00 00 -> $00 cycles=1379568
[WARN] [tk2000] kbd write addr=$C000 data=$00 cycles=1379690
[WARN] [tk2000] kbd write addr=$C000 data=$01 cycles=1379810
[WARN] [tk2000] kbd read addr=$C010 kbOut=$01 matrix=00 00 00 00 00 00 00 00 -> $00 cycles=1379814
[WARN] [tk2000] kbd write addr=$C000 data=$02 cycles=1379924
[WARN] [tk2000] kbd read addr=$C010 kbOut=$02 matrix=00 00 00 00 00 00 00 00 -> $00 cycles=1379928
[WARN] [tk2000] kbd write addr=$C000 data=$04 cycles=1380038
[WARN] [tk2000] kbd read addr=$C010 kbOut=$04 matrix=00 00 00 00 00 00 00 00 -> $00 cycles=1380042
[WARN] [tk2000] kbd write addr=$C000 data=$08 cycles=1380152
[WARN] [tk2000] kbd read addr=$C010 kbOut=$08 matrix=00 00 00 00 00 00 00 00 -> $00 cycles=1380156
[WARN] [tk2000] kbd write addr=$C000 data=$10 cycles=1380266
[WARN] [tk2000] kbd read addr=$C010 kbOut=$10 matrix=00 00 00 00 00 00 00 00 -> $00 cycles=1380270
[WARN] [tk2000] kbd write addr=$C000 data=$20 cycles=1380380
[WARN] [tk2000] kbd read addr=$C010 kbOut=$20 matrix=00 00 00 00 00 00 00 00 -> $00 cycles=1380384
[WARN] [tk2000] kbd write addr=$C000 data=$40 cycles=1380494
[WARN] [tk2000] kbd read addr=$C010 kbOut=$40 matrix=00 00 00 00 00 00 00 00 -> $00 cycles=1380498
[WARN] [tk2000] kbd write addr=$C000 data=$80 cycles=1380608
[WARN] [tk2000] kbd read addr=$C010 kbOut=$80 matrix=00 00 00 00 00 00 00 00 -> $00 cycles=1380612
[WARN] [tk2000] kbd write addr=$C000 data=$00 cycles=1380734
[WARN] [tk2000] kbd write addr=$C000 data=$01 cycles=1380854
[WARN] [tk2000] kbd read addr=$C010 kbOut=$01 matrix=00 00 00 00 00 00 00 00 -> $00 cycles=1380858
[WARN] [tk2000] kbd write addr=$C000 data=$02 cycles=1380968
[WARN] [tk2000] kbd read addr=$C010 kbOut=$02 matrix=00 00 00 00 00 00 00 00 -> $00 cycles=1380972
[WARN] [tk2000] kbd write addr=$C000 data=$04 cycles=1381082
[WARN] [tk2000] kbd read addr=$C010 kbOut=$04 matrix=00 00 00 00 00 00 00 00 -> $00 cycles=1381086
[WARN] [tk2000] kbd write addr=$C000 data=$08 cycles=1381196
[WARN] [tk2000] kbd read addr=$C010 kbOut=$08 matrix=00 00 00 00 00 00 00 00 -> $00 cycles=1381200
[WARN] [tk2000] kbd write addr=$C000 data=$10 cycles=1381310
[WARN] [tk2000] kbd read addr=$C010 kbOut=$10 matrix=00 00 00 00 00 00 00 00 -> $00 cycles=1381314
[WARN] [tk2000] kbd write addr=$C000 data=$20 cycles=1381424
[WARN] [tk2000] kbd read addr=$C010 kbOut=$20 matrix=00 00 00 00 00 00 00 00 -> $00 cycles=1381428
[WARN] [tk2000] kbd write addr=$C000 data=$40 cycles=1381538
[WARN] [tk2000] kbd read addr=$C010 kbOut=$40 matrix=00 00 00 00 00 00 00 00 -> $00 cycles=1381542
[WARN] [tk2000] kbd write addr=$C000 data=$80 cycles=1381652
[WARN] [tk2000] kbd read addr=$C010 kbOut=$80 matrix=00 00 00 00 00 00 00 00 -> $00 cycles=1381656
[WARN] [tk2000] kbd write addr=$C000 data=$00 cycles=1381778
[WARN] [tk2000] kbd write addr=$C000 data=$01 cycles=1381898
[WARN] [tk2000] kbd read addr=$C010 kbOut=$01 matrix=00 00 00 00 00 00 00 00 -> $00 cycles=1381902
[WARN] [tk2000] kbd write addr=$C000 data=$02 cycles=1382012
[WARN] [tk2000] kbd read addr=$C010 kbOut=$02 matrix=00 00 00 00 00 00 00 00 -> $00 cycles=1382016
[WARN] [tk2000] kbd write addr=$C000 data=$04 cycles=1382126
[WARN] [tk2000] kbd read addr=$C010 kbOut=$04 matrix=00 00 00 00 00 00 00 00 -> $00 cycles=1382130
[WARN] [tk2000] kbd write addr=$C000 data=$08 cycles=1382240
[WARN] [tk2000] kbd read addr=$C010 kbOut=$08 matrix=00 00 00 00 00 00 00 00 -> $00 cycles=1382244
[WARN] [tk2000] kbd write addr=$C000 data=$10 cycles=1382354
[WARN] [tk2000] kbd read addr=$C010 kbOut=$10 matrix=00 00 00 00 00 00 00 00 -> $00 cycles=1382358
[WARN] [tk2000] kbd write addr=$C000 data=$20 cycles=1382468
[WARN] [tk2000] kbd read addr=$C010 kbOut=$20 matrix=00 00 00 00 00 00 00 00 -> $00 cycles=1382472
[WARN] [tk2000] kbd write addr=$C000 data=$40 cycles=1382582
[WARN] [tk2000] kbd read addr=$C010 kbOut=$40 matrix=00 00 00 00 00 00 00 00 -> $00 cycles=1382586
[WARN] [tk2000] kbd write addr=$C000 data=$80 cycles=1382696
[WARN] [tk2000] kbd read addr=$C010 kbOut=$80 matrix=00 00 00 00 00 00 00 00 -> $00 cycles=1382700
[WARN] [tk2000] kbd write addr=$C000 data=$00 cycles=1382822
[WARN] [tk2000] kbd write addr=$C000 data=$01 cycles=1382942
[WARN] [tk2000] kbd read addr=$C010 kbOut=$01 matrix=00 00 00 00 00 00 00 00 -> $00 cycles=1382946
[WARN] [tk2000] kbd write addr=$C000 data=$02 cycles=1383056
[WARN] [tk2000] kbd read addr=$C010 kbOut=$02 matrix=00 00 00 00 00 00 00 00 -> $00 cycles=1383060
[WARN] [tk2000] kbd write addr=$C000 data=$04 cycles=1383170
[WARN] [tk2000] kbd read addr=$C010 kbOut=$04 matrix=00 00 00 00 00 00 00 00 -> $00 cycles=1383174
[WARN] [tk2000] kbd write addr=$C000 data=$08 cycles=1383284
[WARN] [tk2000] kbd read addr=$C010 kbOut=$08 matrix=00 00 00 00 00 00 00 00 -> $00 cycles=1383288
[WARN] [tk2000] kbd write addr=$C000 data=$10 cycles=1383398
[WARN] [tk2000] kbd read addr=$C010 kbOut=$10 matrix=00 00 00 00 00 00 00 00 -> $00 cycles=1383402
[WARN] [tk2000] kbd write addr=$C000 data=$20 cycles=1383512
[WARN] [tk2000] kbd read addr=$C010 kbOut=$20 matrix=00 00 00 00 00 00 00 00 -> $00 cycles=1383516
[WARN] [tk2000] kbd write addr=$C000 data=$40 cycles=1383626
[WARN] [tk2000] kbd read addr=$C010 kbOut=$40 matrix=00 00 00 00 00 00 00 00 -> $00 cycles=1383630
[WARN] [tk2000] kbd write addr=$C000 data=$80 cycles=1383740
[WARN] [tk2000] kbd read addr=$C010 kbOut=$80 matrix=00 00 00 00 00 00 00 00 -> $00 cycles=1383744
[WARN] [tk2000] kbd write addr=$C000 data=$00 cycles=1383866
[WARN] [tk2000] kbd write addr=$C000 data=$01 cycles=1383986
[WARN] [tk2000] kbd read addr=$C010 kbOut=$01 matrix=00 00 00 00 00 00 00 00 -> $00 cycles=1383990
[WARN] [tk2000] kbd write addr=$C000 data=$02 cycles=1384100
[WARN] [tk2000] kbd read addr=$C010 kbOut=$02 matrix=00 00 00 00 00 00 00 00 -> $00 cycles=1384104
[WARN] [tk2000] kbd write addr=$C000 data=$04 cycles=1384214
[WARN] [tk2000] kbd read addr=$C010 kbOut=$04 matrix=00 00 00 00 00 00 00 00 -> $00 cycles=1384218
[WARN] [tk2000] kbd write addr=$C000 data=$08 cycles=1384328
[WARN] [tk2000] kbd read addr=$C010 kbOut=$08 matrix=00 00 00 00 00 00 00 00 -> $00 cycles=1384332
[WARN] [tk2000] kbd write addr=$C000 data=$10 cycles=1384442
[WARN] [tk2000] kbd read addr=$C010 kbOut=$10 matrix=00 00 00 00 00 00 00 00 -> $00 cycles=1384446
[WARN] [tk2000] kbd write addr=$C000 data=$20 cycles=1384556
[WARN] [tk2000] kbd read addr=$C010 kbOut=$20 matrix=00 00 00 00 00 00 00 00 -> $00 cycles=1384560
[WARN] [tk2000] kbd write addr=$C000 data=$40 cycles=1384670
[WARN] [tk2000] kbd read addr=$C010 kbOut=$40 matrix=00 00 00 00 00 00 00 00 -> $00 cycles=1384674
[WARN] [tk2000] kbd write addr=$C000 data=$80 cycles=1384784
[WARN] [tk2000] kbd read addr=$C010 kbOut=$80 matrix=00 00 00 00 00 00 00 00 -> $00 cycles=1384788
[WARN] [tk2000] kbd write addr=$C000 data=$00 cycles=1384910
[WARN] [tk2000] kbd write addr=$C000 data=$01 cycles=1385030
[WARN] [tk2000] kbd read addr=$C010 kbOut=$01 matrix=00 00 00 00 00 00 00 00 -> $00 cycles=1385034
[WARN] [tk2000] kbd write addr=$C000 data=$02 cycles=1385144
[WARN] [tk2000] kbd read addr=$C010 kbOut=$02 matrix=00 00 00 00 00 00 00 00 -> $00 cycles=1385148
[WARN] [tk2000] kbd write addr=$C000 data=$04 cycles=1385258
[WARN] [tk2000] kbd read addr=$C010 kbOut=$04 matrix=00 00 00 00 00 00 00 00 -> $00 cycles=1385262
[WARN] [tk2000] kbd write addr=$C000 data=$08 cycles=1385372
[WARN] [tk2000] kbd read addr=$C010 kbOut=$08 matrix=00 00 00 00 00 00 00 00 -> $00 cycles=1385376
[WARN] [tk2000] kbd write addr=$C000 data=$10 cycles=1385486
[WARN] [tk2000] kbd read addr=$C010 kbOut=$10 matrix=00 00 00 00 00 00 00 00 -> $00 cycles=1385490
[WARN] [tk2000] kbd write addr=$C000 data=$20 cycles=1385600
[WARN] [tk2000] kbd read addr=$C010 kbOut=$20 matrix=00 00 00 00 00 00 00 00 -> $00 cycles=1385604
[WARN] [tk2000] kbd write addr=$C000 data=$40 cycles=1385714
[WARN] [tk2000] kbd read addr=$C010 kbOut=$40 matrix=00 00 00 00 00 00 00 00 -> $00 cycles=1385718
[WARN] [tk2000] kbd write addr=$C000 data=$80 cycles=1385828
[WARN] [tk2000] kbd read addr=$C010 kbOut=$80 matrix=00 00 00 00 00 00 00 00 -> $00 cycles=1385832
[WARN] [tk2000] kbd write addr=$C000 data=$00 cycles=1385954
[WARN] [tk2000] kbd write addr=$C000 data=$01 cycles=1386074
[WARN] [tk2000] kbd read addr=$C010 kbOut=$01 matrix=00 00 00 00 00 00 00 00 -> $00 cycles=1386078
[WARN] [tk2000] kbd write addr=$C000 data=$02 cycles=1386188
[WARN] [tk2000] kbd read addr=$C010 kbOut=$02 matrix=00 00 00 00 00 00 00 00 -> $00 cycles=1386192
[WARN] [tk2000] kbd write addr=$C000 data=$04 cycles=1386302
[WARN] [tk2000] kbd read addr=$C010 kbOut=$04 matrix=00 00 00 00 00 00 00 00 -> $00 cycles=1386306
[WARN] [tk2000] kbd write addr=$C000 data=$08 cycles=1386416
[WARN] [tk2000] kbd read addr=$C010 kbOut=$08 matrix=00 00 00 00 00 00 00 00 -> $00 cycles=1386420
[WARN] [tk2000] kbd write addr=$C000 data=$10 cycles=1386530
[WARN] [tk2000] kbd read addr=$C010 kbOut=$10 matrix=00 00 00 00 00 00 00 00 -> $00 cycles=1386534
[WARN] [tk2000] kbd write addr=$C000 data=$20 cycles=1386644
[WARN] [tk2000] kbd read addr=$C010 kbOut=$20 matrix=00 00 00 00 00 00 00 00 -> $00 cycles=1386648
[WARN] [tk2000] kbd write addr=$C000 data=$40 cycles=1386758
[WARN] [tk2000] kbd read addr=$C010 kbOut=$40 matrix=00 00 00 00 00 00 00 00 -> $00 cycles=1386762
[WARN] [tk2000] kbd write addr=$C000 data=$80 cycles=1386872
[WARN] [tk2000] kbd read addr=$C010 kbOut=$80 matrix=00 00 00 00 00 00 00 00 -> $00 cycles=1386876
[WARN] [tk2000] kbd write addr=$C000 data=$00 cycles=1386998
[WARN] [tk2000] kbd write addr=$C000 data=$01 cycles=1387118
[WARN] [tk2000] kbd read addr=$C010 kbOut=$01 matrix=00 00 00 00 00 00 00 00 -> $00 cycles=1387122
[WARN] [tk2000] kbd write addr=$C000 data=$02 cycles=1387232
[WARN] [tk2000] kbd read addr=$C010 kbOut=$02 matrix=00 00 00 00 00 00 00 00 -> $00 cycles=1387236
[WARN] [tk2000] kbd write addr=$C000 data=$04 cycles=1387346
[WARN] [tk2000] kbd read addr=$C010 kbOut=$04 matrix=00 00 00 00 00 00 00 00 -> $00 cycles=1387350
[WARN] [tk2000] kbd write addr=$C000 data=$08 cycles=1387460
[WARN] [tk2000] kbd read addr=$C010 kbOut=$08 matrix=00 00 00 00 00 00 00 00 -> $00 cycles=1387464
[WARN] [tk2000] kbd write addr=$C000 data=$10 cycles=1387574
[WARN] [tk2000] kbd read addr=$C010 kbOut=$10 matrix=00 00 00 00 00 00 00 00 -> $00 cycles=1387578
[WARN] [tk2000] kbd write addr=$C000 data=$20 cycles=1387688
[WARN] [tk2000] kbd read addr=$C010 kbOut=$20 matrix=00 00 00 00 00 00 00 00 -> $00 cycles=1387692
[WARN] [tk2000] kbd write addr=$C000 data=$40 cycles=1387802
[WARN] [tk2000] kbd read addr=$C010 kbOut=$40 matrix=00 00 00 00 00 00 00 00 -> $00 cycles=1387806
[WARN] [tk2000] kbd write addr=$C000 data=$80 cycles=1387916
[WARN] [tk2000] kbd read addr=$C010 kbOut=$80 matrix=00 00 00 00 00 00 00 00 -> $00 cycles=1387920
[WARN] [tk2000] kbd write addr=$C000 data=$00 cycles=1388042
[WARN] [tk2000] kbd write addr=$C000 data=$01 cycles=1388162
[WARN] [tk2000] kbd read addr=$C010 kbOut=$01 matrix=00 00 00 00 00 00 00 00 -> $00 cycles=1388166
[WARN] [tk2000] kbd write addr=$C000 data=$02 cycles=1388276
[WARN] [tk2000] kbd read addr=$C010 kbOut=$02 matrix=00 00 00 00 00 00 00 00 -> $00 cycles=1388280
[WARN] [tk2000] kbd write addr=$C000 data=$04 cycles=1388390
[WARN] [tk2000] kbd read addr=$C010 kbOut=$04 matrix=00 00 00 00 00 00 00 00 -> $00 cycles=1388394
[WARN] [tk2000] kbd write addr=$C000 data=$08 cycles=1388504
[WARN] [tk2000] kbd read addr=$C010 kbOut=$08 matrix=00 00 00 00 00 00 00 00 -> $00 cycles=1388508
[WARN] [tk2000] kbd write addr=$C000 data=$10 cycles=1388618
[WARN] [tk2000] kbd read addr=$C010 kbOut=$10 matrix=00 00 00 00 00 00 00 00 -> $00 cycles=1388622
[WARN] [tk2000] kbd write addr=$C000 data=$20 cycles=1388732
[WARN] [tk2000] kbd read addr=$C010 kbOut=$20 matrix=00 00 00 00 00 00 00 00 -> $00 cycles=1388736
[WARN] [tk2000] kbd write addr=$C000 data=$40 cycles=1388846
[WARN] [tk2000] kbd read addr=$C010 kbOut=$40 matrix=00 00 00 00 00 00 00 00 -> $00 cycles=1388850
[WARN] [tk2000] kbd write addr=$C000 data=$80 cycles=1388960
[WARN] [tk2000] kbd read addr=$C010 kbOut=$80 matrix=00 00 00 00 00 00 00 00 -> $00 cycles=1388964
[WARN] [tk2000] kbd write addr=$C000 data=$00 cycles=1389086
[WARN] [tk2000] kbd write addr=$C000 data=$01 cycles=1389206
[WARN] [tk2000] kbd read addr=$C010 kbOut=$01 matrix=00 00 00 00 00 00 00 00 -> $00 cycles=1389210
[WARN] [tk2000] kbd write addr=$C000 data=$02 cycles=1389320
[WARN] [tk2000] kbd read addr=$C010 kbOut=$02 matrix=00 00 00 00 00 00 00 00 -> $00 cycles=1389324
[WARN] [tk2000] kbd write addr=$C000 data=$04 cycles=1389434
[WARN] [tk2000] kbd read addr=$C010 kbOut=$04 matrix=00 00 00 00 00 00 00 00 -> $00 cycles=1389438
[WARN] [tk2000] kbd write addr=$C000 data=$08 cycles=1389548
[WARN] [tk2000] kbd read addr=$C010 kbOut=$08 matrix=00 00 00 00 00 00 00 00 -> $00 cycles=1389552
[WARN] [tk2000] kbd write addr=$C000 data=$10 cycles=1389662
[WARN] [tk2000] kbd read addr=$C010 kbOut=$10 matrix=00 00 00 00 00 00 00 00 -> $00 cycles=1389666
[WARN] [tk2000] kbd write addr=$C000 data=$20 cycles=1389776
[WARN] [tk2000] kbd read addr=$C010 kbOut=$20 matrix=00 00 00 00 00 00 00 00 -> $00 cycles=1389780
[WARN] [tk2000] kbd write addr=$C000 data=$40 cycles=1389890
[WARN] [tk2000] kbd read addr=$C010 kbOut=$40 matrix=00 00 00 00 00 00 00 00 -> $00 cycles=1389894
[WARN] [tk2000] kbd write addr=$C000 data=$80 cycles=1390004
[WARN] [tk2000] kbd read addr=$C010 kbOut=$80 matrix=00 00 00 00 00 00 00 00 -> $00 cycles=1390008
[WARN] [tk2000] kbd write addr=$C000 data=$00 cycles=1390130
[WARN] [tk2000] kbd write addr=$C000 data=$01 cycles=1390250
[WARN] [tk2000] kbd read addr=$C010 kbOut=$01 matrix=00 00 00 00 00 00 00 00 -> $00 cycles=1390254
[WARN] [tk2000] kbd write addr=$C000 data=$02 cycles=1390364
[WARN] [tk2000] kbd read addr=$C010 kbOut=$02 matrix=00 00 00 00 00 00 00 00 -> $00 cycles=1390368
[WARN] [tk2000] kbd write addr=$C000 data=$04 cycles=1390478
[WARN] [tk2000] kbd read addr=$C010 kbOut=$04 matrix=00 00 00 00 00 00 00 00 -> $00 cycles=1390482
[WARN] [tk2000] kbd write addr=$C000 data=$08 cycles=1390592
[WARN] [tk2000] kbd read addr=$C010 kbOut=$08 matrix=00 00 00 00 00 00 00 00 -> $00 cycles=1390596
[WARN] [tk2000] kbd write addr=$C000 data=$10 cycles=1390706
[WARN] [tk2000] kbd read addr=$C010 kbOut=$10 matrix=00 00 00 00 00 00 00 00 -> $00 cycles=1390710
[WARN] [tk2000] kbd write addr=$C000 data=$20 cycles=1390820
[WARN] [tk2000] kbd read addr=$C010 kbOut=$20 matrix=00 00 00 00 00 00 00 00 -> $00 cycles=1390824
[WARN] [tk2000] kbd write addr=$C000 data=$40 cycles=1390934
[WARN] [tk2000] kbd read addr=$C010 kbOut=$40 matrix=00 00 00 00 00 00 00 00 -> $00 cycles=1390938
[WARN] [tk2000] kbd write addr=$C000 data=$80 cycles=1391048
[WARN] [tk2000] kbd read addr=$C010 kbOut=$80 matrix=00 00 00 00 00 00 00 00 -> $00 cycles=1391052
[WARN] [tk2000] kbd write addr=$C000 data=$00 cycles=1391174
[WARN] [tk2000] kbd write addr=$C000 data=$01 cycles=1391294
[WARN] [tk2000] kbd read addr=$C010 kbOut=$01 matrix=00 00 00 00 00 00 00 00 -> $00 cycles=1391298
[WARN] [tk2000] kbd write addr=$C000 data=$02 cycles=1391408
[WARN] [tk2000] kbd read addr=$C010 kbOut=$02 matrix=00 00 00 00 00 00 00 00 -> $00 cycles=1391412
[WARN] [tk2000] kbd write addr=$C000 data=$04 cycles=1391522
[WARN] [tk2000] kbd read addr=$C010 kbOut=$04 matrix=00 00 00 00 00 00 00 00 -> $00 cycles=1391526
[WARN] [tk2000] kbd write addr=$C000 data=$08 cycles=1391636
[WARN] [tk2000] kbd read addr=$C010 kbOut=$08 matrix=00 00 00 00 00 00 00 00 -> $00 cycles=1391640
[WARN] [tk2000] kbd write addr=$C000 data=$10 cycles=1391750
[WARN] [tk2000] kbd read addr=$C010 kbOut=$10 matrix=00 00 00 00 00 00 00 00 -> $00 cycles=1391754
[WARN] [tk2000] kbd write addr=$C000 data=$20 cycles=1391864
[WARN] [tk2000] kbd read addr=$C010 kbOut=$20 matrix=00 00 00 00 00 00 00 00 -> $00 cycles=1391868
[WARN] [tk2000] kbd write addr=$C000 data=$40 cycles=1391978
[WARN] [tk2000] kbd read addr=$C010 kbOut=$40 matrix=00 00 00 00 00 00 00 00 -> $00 cycles=1391982
[WARN] [tk2000] kbd write addr=$C000 data=$80 cycles=1392092
[WARN] [tk2000] kbd read addr=$C010 kbOut=$80 matrix=00 00 00 00 00 00 00 00 -> $00 cycles=1392096
[WARN] [tk2000] kbd write addr=$C000 data=$00 cycles=1392218
[WARN] [tk2000] kbd write addr=$C000 data=$01 cycles=1392338
[WARN] [tk2000] kbd read addr=$C010 kbOut=$01 matrix=00 00 00 00 00 00 00 00 -> $00 cycles=1392342
[WARN] [tk2000] kbd write addr=$C000 data=$02 cycles=1392452
[WARN] [tk2000] kbd read addr=$C010 kbOut=$02 matrix=00 00 00 00 00 00 00 00 -> $00 cycles=1392456
[WARN] [tk2000] kbd write addr=$C000 data=$04 cycles=1392566
[WARN] [tk2000] kbd read addr=$C010 kbOut=$04 matrix=00 00 00 00 00 00 00 00 -> $00 cycles=1392570
[WARN] [tk2000] kbd write addr=$C000 data=$08 cycles=1392680
[WARN] [tk2000] kbd read addr=$C010 kbOut=$08 matrix=00 00 00 00 00 00 00 00 -> $00 cycles=1392684
[WARN] [tk2000] kbd write addr=$C000 data=$10 cycles=1392794
[WARN] [tk2000] kbd read addr=$C010 kbOut=$10 matrix=00 00 00 00 00 00 00 00 -> $00 cycles=1392798
[WARN] [tk2000] kbd write addr=$C000 data=$20 cycles=1392908
[WARN] [tk2000] kbd read addr=$C010 kbOut=$20 matrix=00 00 00 00 00 00 00 00 -> $00 cycles=1392912
[WARN] [tk2000] kbd write addr=$C000 data=$40 cycles=1393022
[WARN] [tk2000] kbd read addr=$C010 kbOut=$40 matrix=00 00 00 00 00 00 00 00 -> $00 cycles=1393026
[WARN] [tk2000] kbd write addr=$C000 data=$80 cycles=1393136
[WARN] [tk2000] kbd read addr=$C010 kbOut=$80 matrix=00 00 00 00 00 00 00 00 -> $00 cycles=1393140
[WARN] [tk2000] kbd write addr=$C000 data=$00 cycles=1393262
[WARN] [tk2000] kbd write addr=$C000 data=$01 cycles=1393382
[WARN] [tk2000] kbd read addr=$C010 kbOut=$01 matrix=00 00 00 00 00 00 00 00 -> $00 cycles=1393386
[WARN] [tk2000] kbd write addr=$C000 data=$02 cycles=1393496
[WARN] [tk2000] kbd read addr=$C010 kbOut=$02 matrix=00 00 00 00 00 00 00 00 -> $00 cycles=1393500
[WARN] [tk2000] kbd write addr=$C000 data=$04 cycles=1393610
[WARN] [tk2000] kbd read addr=$C010 kbOut=$04 matrix=00 00 00 00 00 00 00 00 -> $00 cycles=1393614
[WARN] [tk2000] kbd write addr=$C000 data=$08 cycles=1393724
[WARN] [tk2000] kbd read addr=$C010 kbOut=$08 matrix=00 00 00 00 00 00 00 00 -> $00 cycles=1393728
[WARN] [tk2000] kbd write addr=$C000 data=$10 cycles=1393838
[WARN] [tk2000] kbd read addr=$C010 kbOut=$10 matrix=00 00 00 00 00 00 00 00 -> $00 cycles=1393842
[WARN] [tk2000] kbd write addr=$C000 data=$20 cycles=1393952
[WARN] [tk2000] kbd read addr=$C010 kbOut=$20 matrix=00 00 00 00 00 00 00 00 -> $00 cycles=1393956
[WARN] [tk2000] kbd write addr=$C000 data=$40 cycles=1394066
[WARN] [tk2000] kbd read addr=$C010 kbOut=$40 matrix=00 00 00 00 00 00 00 00 -> $00 cycles=1394070
[WARN] [tk2000] kbd write addr=$C000 data=$80 cycles=1394180
[WARN] [tk2000] kbd read addr=$C010 kbOut=$80 matrix=00 00 00 00 00 00 00 00 -> $00 cycles=1394184
[WARN] [tk2000] kbd write addr=$C000 data=$00 cycles=1394306
[WARN] [tk2000] kbd write addr=$C000 data=$01 cycles=1394426
[WARN] [tk2000] kbd read addr=$C010 kbOut=$01 matrix=00 00 00 00 00 00 00 00 -> $00 cycles=1394430
[WARN] [tk2000] kbd write addr=$C000 data=$02 cycles=1394540
[WARN] [tk2000] kbd read addr=$C010 kbOut=$02 matrix=00 00 00 00 00 00 00 00 -> $00 cycles=1394544
[WARN] [tk2000] kbd write addr=$C000 data=$04 cycles=1394654
[WARN] [tk2000] kbd read addr=$C010 kbOut=$04 matrix=00 00 00 00 00 00 00 00 -> $00 cycles=1394658
[WARN] [tk2000] kbd write addr=$C000 data=$08 cycles=1394768
[WARN] [tk2000] kbd read addr=$C010 kbOut=$08 matrix=00 00 00 00 00 00 00 00 -> $00 cycles=1394772
[WARN] [tk2000] kbd write addr=$C000 data=$10 cycles=1394882
[WARN] [tk2000] kbd read addr=$C010 kbOut=$10 matrix=00 00 00 00 00 00 00 00 -> $00 cycles=1394886
[WARN] [tk2000] kbd write addr=$C000 data=$20 cycles=1394996
[WARN] [tk2000] kbd read addr=$C010 kbOut=$20 matrix=00 00 00 00 00 00 00 00 -> $00 cycles=1395000
[WARN] [tk2000] kbd write addr=$C000 data=$40 cycles=1395110
[WARN] [tk2000] kbd read addr=$C010 kbOut=$40 matrix=00 00 00 00 00 00 00 00 -> $00 cycles=1395114
[WARN] [tk2000] kbd write addr=$C000 data=$80 cycles=1395224
[WARN] [tk2000] kbd read addr=$C010 kbOut=$80 matrix=00 00 00 00 00 00 00 00 -> $00 cycles=1395228
[WARN] [tk2000] kbd write addr=$C000 data=$00 cycles=1395350
[WARN] [tk2000] kbd write addr=$C000 data=$01 cycles=1395470
[WARN] [tk2000] kbd read addr=$C010 kbOut=$01 matrix=00 00 00 00 00 00 00 00 -> $00 cycles=1395474
[WARN] [tk2000] kbd write addr=$C000 data=$02 cycles=1395584
[WARN] [tk2000] kbd read addr=$C010 kbOut=$02 matrix=00 00 00 00 00 00 00 00 -> $00 cycles=1395588
[WARN] [tk2000] kbd write addr=$C000 data=$04 cycles=1395698
[WARN] [tk2000] kbd read addr=$C010 kbOut=$04 matrix=00 00 00 00 00 00 00 00 -> $00 cycles=1395702
[WARN] [tk2000] kbd write addr=$C000 data=$08 cycles=1395812
[WARN] [tk2000] kbd read addr=$C010 kbOut=$08 matrix=00 00 00 00 00 00 00 00 -> $00 cycles=1395816
[WARN] [tk2000] kbd write addr=$C000 data=$10 cycles=1395926
[WARN] [tk2000] kbd read addr=$C010 kbOut=$10 matrix=00 00 00 00 00 00 00 00 -> $00 cycles=1395930
[WARN] [tk2000] kbd write addr=$C000 data=$20 cycles=1396040
[WARN] [tk2000] kbd read addr=$C010 kbOut=$20 matrix=00 00 00 00 00 00 00 00 -> $00 cycles=1396044
[WARN] [tk2000] kbd write addr=$C000 data=$40 cycles=1396154
[WARN] [tk2000] kbd read addr=$C010 kbOut=$40 matrix=00 00 00 00 00 00 00 00 -> $00 cycles=1396158
[WARN] [tk2000] kbd write addr=$C000 data=$80 cycles=1396268
[WARN] [tk2000] kbd read addr=$C010 kbOut=$80 matrix=00 00 00 00 00 00 00 00 -> $00 cycles=1396272
[WARN] [tk2000] kbd write addr=$C000 data=$00 cycles=1396394
[WARN] [tk2000] kbd write addr=$C000 data=$01 cycles=1396514
[WARN] [tk2000] kbd read addr=$C010 kbOut=$01 matrix=00 00 00 00 00 00 00 00 -> $00 cycles=1396518
[WARN] [tk2000] kbd write addr=$C000 data=$02 cycles=1396628
[WARN] [tk2000] kbd read addr=$C010 kbOut=$02 matrix=00 00 00 00 00 00 00 00 -> $00 cycles=1396632
[WARN] [tk2000] kbd write addr=$C000 data=$04 cycles=1396742
[WARN] [tk2000] kbd read addr=$C010 kbOut=$04 matrix=00 00 00 00 00 00 00 00 -> $00 cycles=1396746
[WARN] [tk2000] kbd write addr=$C000 data=$08 cycles=1396856
[WARN] [tk2000] kbd read addr=$C010 kbOut=$08 matrix=00 00 00 00 00 00 00 00 -> $00 cycles=1396860
[WARN] [tk2000] kbd write addr=$C000 data=$10 cycles=1396970
[WARN] [tk2000] kbd read addr=$C010 kbOut=$10 matrix=00 00 00 00 00 00 00 00 -> $00 cycles=1396974
[WARN] [tk2000] kbd write addr=$C000 data=$20 cycles=1397084
[WARN] [tk2000] kbd read addr=$C010 kbOut=$20 matrix=00 00 00 00 00 00 00 00 -> $00 cycles=1397088
[WARN] [tk2000] kbd write addr=$C000 data=$40 cycles=1397198
[WARN] [tk2000] kbd read addr=$C010 kbOut=$40 matrix=00 00 00 00 00 00 00 00 -> $00 cycles=1397202
[WARN] [tk2000] kbd write addr=$C000 data=$80 cycles=1397312
[WARN] [tk2000] kbd read addr=$C010 kbOut=$80 matrix=00 00 00 00 00 00 00 00 -> $00 cycles=1397316
[WARN] [tk2000] kbd write addr=$C000 data=$00 cycles=1397438
[WARN] [tk2000] kbd write addr=$C000 data=$01 cycles=1397558
[WARN] [tk2000] kbd read addr=$C010 kbOut=$01 matrix=00 00 00 00 00 00 00 00 -> $00 cycles=1397562
[WARN] [tk2000] kbd write addr=$C000 data=$02 cycles=1397672
[WARN] [tk2000] kbd read addr=$C010 kbOut=$02 matrix=00 00 00 00 00 00 00 00 -> $00 cycles=1397676
[WARN] [tk2000] kbd write addr=$C000 data=$04 cycles=1397786
[WARN] [tk2000] kbd read addr=$C010 kbOut=$04 matrix=00 00 00 00 00 00 00 00 -> $00 cycles=1397790
[WARN] [tk2000] kbd write addr=$C000 data=$08 cycles=1397900
[WARN] [tk2000] kbd read addr=$C010 kbOut=$08 matrix=00 00 00 00 00 00 00 00 -> $00 cycles=1397904
[WARN] [tk2000] kbd write addr=$C000 data=$10 cycles=1398014
[WARN] [tk2000] kbd read addr=$C010 kbOut=$10 matrix=00 00 00 00 00 00 00 00 -> $00 cycles=1398018
[WARN] [tk2000] kbd write addr=$C000 data=$20 cycles=1398128
[WARN] [tk2000] kbd read addr=$C010 kbOut=$20 matrix=00 00 00 00 00 00 00 00 -> $00 cycles=1398132
[WARN] [tk2000] kbd write addr=$C000 data=$40 cycles=1398242
[WARN] [tk2000] kbd read addr=$C010 kbOut=$40 matrix=00 00 00 00 00 00 00 00 -> $00 cycles=1398246
[WARN] [tk2000] kbd write addr=$C000 data=$80 cycles=1398356
[WARN] [tk2000] kbd read addr=$C010 kbOut=$80 matrix=00 00 00 00 00 00 00 00 -> $00 cycles=1398360
[WARN] [tk2000] kbd write addr=$C000 data=$00 cycles=1398482
[WARN] [tk2000] kbd write addr=$C000 data=$01 cycles=1398602
[WARN] [tk2000] kbd read addr=$C010 kbOut=$01 matrix=00 00 00 00 00 00 00 00 -> $00 cycles=1398606
[WARN] [tk2000] kbd write addr=$C000 data=$02 cycles=1398716
[WARN] [tk2000] kbd read addr=$C010 kbOut=$02 matrix=00 00 00 00 00 00 00 00 -> $00 cycles=1398720
[WARN] [tk2000] kbd write addr=$C000 data=$04 cycles=1398830
[WARN] [tk2000] kbd read addr=$C010 kbOut=$04 matrix=00 00 00 00 00 00 00 00 -> $00 cycles=1398834
[WARN] [tk2000] kbd write addr=$C000 data=$08 cycles=1398944
[WARN] [tk2000] kbd read addr=$C010 kbOut=$08 matrix=00 00 00 00 00 00 00 00 -> $00 cycles=1398948
[WARN] [tk2000] kbd write addr=$C000 data=$10 cycles=1399058
[WARN] [tk2000] kbd read addr=$C010 kbOut=$10 matrix=00 00 00 00 00 00 00 00 -> $00 cycles=1399062
[WARN] [tk2000] kbd write addr=$C000 data=$20 cycles=1399172
[WARN] [tk2000] kbd read addr=$C010 kbOut=$20 matrix=00 00 00 00 00 00 00 00 -> $00 cycles=1399176
[WARN] [tk2000] kbd write addr=$C000 data=$40 cycles=1399286
[WARN] [tk2000] kbd read addr=$C010 kbOut=$40 matrix=00 00 00 00 00 00 00 00 -> $00 cycles=1399290
[WARN] [tk2000] kbd write addr=$C000 data=$80 cycles=1399400
[WARN] [tk2000] kbd read addr=$C010 kbOut=$80 matrix=00 00 00 00 00 00 00 00 -> $00 cycles=1399404
[WARN] [tk2000] kbd write addr=$C000 data=$00 cycles=1399526
[WARN] [tk2000] kbd write addr=$C000 data=$01 cycles=1399646
[WARN] [tk2000] kbd read addr=$C010 kbOut=$01 matrix=00 00 00 00 00 00 00 00 -> $00 cycles=1399650
[WARN] [tk2000] kbd write addr=$C000 data=$02 cycles=1399760
[WARN] [tk2000] kbd read addr=$C010 kbOut=$02 matrix=00 00 00 00 00 00 00 00 -> $00 cycles=1399764
[WARN] [tk2000] kbd write addr=$C000 data=$04 cycles=1399874
[WARN] [tk2000] kbd read addr=$C010 kbOut=$04 matrix=00 00 00 00 00 00 00 00 -> $00 cycles=1399878
[WARN] [tk2000] kbd write addr=$C000 data=$08 cycles=1399988
[WARN] [tk2000] kbd read addr=$C010 kbOut=$08 matrix=00 00 00 00 00 00 00 00 -> $00 cycles=1399992
[WARN] [tk2000] kbd write addr=$C000 data=$10 cycles=1400102
[WARN] [tk2000] kbd read addr=$C010 kbOut=$10 matrix=00 00 00 00 00 00 00 00 -> $00 cycles=1400106
[WARN] [tk2000] kbd write addr=$C000 data=$20 cycles=1400216
[WARN] [tk2000] kbd read addr=$C010 kbOut=$20 matrix=00 00 00 00 00 00 00 00 -> $00 cycles=1400220
[WARN] [tk2000] kbd write addr=$C000 data=$40 cycles=1400330
[WARN] [tk2000] kbd read addr=$C010 kbOut=$40 matrix=00 00 00 00 00 00 00 00 -> $00 cycles=1400334
[WARN] [tk2000] kbd write addr=$C000 data=$80 cycles=1400444
[WARN] [tk2000] kbd read addr=$C010 kbOut=$80 matrix=00 00 00 00 00 00 00 00 -> $00 cycles=1400448
[WARN] [tk2000] kbd write addr=$C000 data=$00 cycles=1400570
[WARN] [tk2000] kbd write addr=$C000 data=$01 cycles=1400690
[WARN] [tk2000] kbd read addr=$C010 kbOut=$01 matrix=00 00 00 00 00 00 00 00 -> $00 cycles=1400694
[WARN] [tk2000] kbd write addr=$C000 data=$02 cycles=1400804
[WARN] [tk2000] kbd read addr=$C010 kbOut=$02 matrix=00 00 00 00 00 00 00 00 -> $00 cycles=1400808
[WARN] [tk2000] kbd write addr=$C000 data=$04 cycles=1400918
[WARN] [tk2000] kbd read addr=$C010 kbOut=$04 matrix=00 00 00 00 00 00 00 00 -> $00 cycles=1400922
[WARN] [tk2000] kbd write addr=$C000 data=$08 cycles=1401032
[WARN] [tk2000] kbd read addr=$C010 kbOut=$08 matrix=00 00 00 00 00 00 00 00 -> $00 cycles=1401036
[WARN] [tk2000] kbd write addr=$C000 data=$10 cycles=1401146
[WARN] [tk2000] kbd read addr=$C010 kbOut=$10 matrix=00 00 00 00 00 00 00 00 -> $00 cycles=1401150
[WARN] [tk2000] kbd write addr=$C000 data=$20 cycles=1401260
[WARN] [tk2000] kbd read addr=$C010 kbOut=$20 matrix=00 00 00 00 00 00 00 00 -> $00 cycles=1401264
[WARN] [tk2000] kbd write addr=$C000 data=$40 cycles=1401374
[WARN] [tk2000] kbd read addr=$C010 kbOut=$40 matrix=00 00 00 00 00 00 00 00 -> $00 cycles=1401378
[WARN] [tk2000] kbd write addr=$C000 data=$80 cycles=1401488
[WARN] [tk2000] kbd read addr=$C010 kbOut=$80 matrix=00 00 00 00 00 00 00 00 -> $00 cycles=1401492
[WARN] [tk2000] kbd write addr=$C000 data=$00 cycles=1401614
[WARN] [tk2000] kbd write addr=$C000 data=$01 cycles=1401734
[WARN] [tk2000] kbd read addr=$C010 kbOut=$01 matrix=00 00 00 00 00 00 00 00 -> $00 cycles=1401738
[WARN] [tk2000] kbd write addr=$C000 data=$02 cycles=1401848
[WARN] [tk2000] kbd read addr=$C010 kbOut=$02 matrix=00 00 00 00 00 00 00 00 -> $00 cycles=1401852
[WARN] [tk2000] kbd write addr=$C000 data=$04 cycles=1401962
[WARN] [tk2000] kbd read addr=$C010 kbOut=$04 matrix=00 00 00 00 00 00 00 00 -> $00 cycles=1401966
[WARN] [tk2000] kbd write addr=$C000 data=$08 cycles=1402076
[WARN] [tk2000] kbd read addr=$C010 kbOut=$08 matrix=00 00 00 00 00 00 00 00 -> $00 cycles=1402080
[WARN] [tk2000] kbd write addr=$C000 data=$10 cycles=1402190
[WARN] [tk2000] kbd read addr=$C010 kbOut=$10 matrix=00 00 00 00 00 00 00 00 -> $00 cycles=1402194
[WARN] [tk2000] kbd write addr=$C000 data=$20 cycles=1402304
[WARN] [tk2000] kbd read addr=$C010 kbOut=$20 matrix=00 00 00 00 00 00 00 00 -> $00 cycles=1402308
[WARN] [tk2000] kbd write addr=$C000 data=$40 cycles=1402418
[WARN] [tk2000] kbd read addr=$C010 kbOut=$40 matrix=00 00 00 00 00 00 00 00 -> $00 cycles=1402422
[WARN] [tk2000] kbd write addr=$C000 data=$80 cycles=1402532
[WARN] [tk2000] kbd read addr=$C010 kbOut=$80 matrix=00 00 00 00 00 00 00 00 -> $00 cycles=1402536
[WARN] [tk2000] kbd write addr=$C000 data=$00 cycles=1402658
[WARN] [tk2000] kbd write addr=$C000 data=$01 cycles=1402778
[WARN] [tk2000] kbd read addr=$C010 kbOut=$01 matrix=00 00 00 00 00 00 00 00 -> $00 cycles=1402782
[WARN] [tk2000] kbd write addr=$C000 data=$02 cycles=1402892
[WARN] [tk2000] kbd read addr=$C010 kbOut=$02 matrix=00 00 00 00 00 00 00 00 -> $00 cycles=1402896
[WARN] [tk2000] kbd write addr=$C000 data=$04 cycles=1403006
[WARN] [tk2000] kbd read addr=$C010 kbOut=$04 matrix=00 00 00 00 00 00 00 00 -> $00 cycles=1403010
[WARN] [tk2000] kbd write addr=$C000 data=$08 cycles=1403120
[WARN] [tk2000] kbd read addr=$C010 kbOut=$08 matrix=00 00 00 00 00 00 00 00 -> $00 cycles=1403124
[WARN] [tk2000] kbd write addr=$C000 data=$10 cycles=1403234
[WARN] [tk2000] kbd read addr=$C010 kbOut=$10 matrix=00 00 00 00 00 00 00 00 -> $00 cycles=1403238
[WARN] [tk2000] kbd write addr=$C000 data=$20 cycles=1403348
[WARN] [tk2000] kbd read addr=$C010 kbOut=$20 matrix=00 00 00 00 00 00 00 00 -> $00 cycles=1403352
[WARN] [tk2000] kbd write addr=$C000 data=$40 cycles=1403462
[WARN] [tk2000] kbd read addr=$C010 kbOut=$40 matrix=00 00 00 00 00 00 00 00 -> $00 cycles=1403466
[WARN] [tk2000] kbd write addr=$C000 data=$80 cycles=1403576
[WARN] [tk2000] kbd read addr=$C010 kbOut=$80 matrix=00 00 00 00 00 00 00 00 -> $00 cycles=1403580
[WARN] [tk2000] kbd write addr=$C000 data=$00 cycles=1403702
[WARN] [tk2000] kbd write addr=$C000 data=$01 cycles=1403822
[WARN] [tk2000] kbd read addr=$C010 kbOut=$01 matrix=00 00 00 00 00 00 00 00 -> $00 cycles=1403826
[WARN] [tk2000] kbd write addr=$C000 data=$02 cycles=1403936
[WARN] [tk2000] kbd read addr=$C010 kbOut=$02 matrix=00 00 00 00 00 00 00 00 -> $00 cycles=1403940
[WARN] [tk2000] kbd write addr=$C000 data=$04 cycles=1404050
[WARN] [tk2000] kbd read addr=$C010 kbOut=$04 matrix=00 00 00 00 00 00 00 00 -> $00 cycles=1404054
[WARN] [tk2000] kbd write addr=$C000 data=$08 cycles=1404164
[WARN] [tk2000] kbd read addr=$C010 kbOut=$08 matrix=00 00 00 00 00 00 00 00 -> $00 cycles=1404168
[WARN] [tk2000] kbd write addr=$C000 data=$10 cycles=1404278
[WARN] [tk2000] kbd read addr=$C010 kbOut=$10 matrix=00 00 00 00 00 00 00 00 -> $00 cycles=1404282
[WARN] [tk2000] kbd write addr=$C000 data=$20 cycles=1404392
[WARN] [tk2000] kbd read addr=$C010 kbOut=$20 matrix=00 00 00 00 00 00 00 00 -> $00 cycles=1404396
[WARN] [tk2000] kbd write addr=$C000 data=$40 cycles=1404506
[WARN] [tk2000] kbd read addr=$C010 kbOut=$40 matrix=00 00 00 00 00 00 00 00 -> $00 cycles=1404510
[WARN] [tk2000] kbd write addr=$C000 data=$80 cycles=1404620
[WARN] [tk2000] kbd read addr=$C010 kbOut=$80 matrix=00 00 00 00 00 00 00 00 -> $00 cycles=1404624
[WARN] [tk2000] kbd write addr=$C000 data=$00 cycles=1404746
[WARN] [tk2000] kbd write addr=$C000 data=$01 cycles=1404866
[WARN] [tk2000] kbd read addr=$C010 kbOut=$01 matrix=00 00 00 00 00 00 00 00 -> $00 cycles=1404870
[WARN] [tk2000] kbd write addr=$C000 data=$02 cycles=1404980
[WARN] [tk2000] kbd read addr=$C010 kbOut=$02 matrix=00 00 00 00 00 00 00 00 -> $00 cycles=1404984
[WARN] [tk2000] kbd write addr=$C000 data=$04 cycles=1405094
[WARN] [tk2000] kbd read addr=$C010 kbOut=$04 matrix=00 00 00 00 00 00 00 00 -> $00 cycles=1405098
[WARN] [tk2000] kbd write addr=$C000 data=$08 cycles=1405208
[WARN] [tk2000] kbd read addr=$C010 kbOut=$08 matrix=00 00 00 00 00 00 00 00 -> $00 cycles=1405212
[WARN] [tk2000] kbd write addr=$C000 data=$10 cycles=1405322
[WARN] [tk2000] kbd read addr=$C010 kbOut=$10 matrix=00 00 00 00 00 00 00 00 -> $00 cycles=1405326
[WARN] [tk2000] kbd write addr=$C000 data=$20 cycles=1405436
[WARN] [tk2000] kbd read addr=$C010 kbOut=$20 matrix=00 00 00 00 00 00 00 00 -> $00 cycles=1405440
[WARN] [tk2000] kbd write addr=$C000 data=$40 cycles=1405550
[WARN] [tk2000] kbd read addr=$C010 kbOut=$40 matrix=00 00 00 00 00 00 00 00 -> $00 cycles=1405554
[WARN] [tk2000] kbd write addr=$C000 data=$80 cycles=1405664
[WARN] [tk2000] kbd read addr=$C010 kbOut=$80 matrix=00 00 00 00 00 00 00 00 -> $00 cycles=1405668
[WARN] [tk2000] kbd write addr=$C000 data=$00 cycles=1405790
[WARN] [tk2000] kbd write addr=$C000 data=$01 cycles=1405910
[WARN] [tk2000] kbd read addr=$C010 kbOut=$01 matrix=00 00 00 00 00 00 00 00 -> $00 cycles=1405914
[WARN] [tk2000] kbd write addr=$C000 data=$02 cycles=1406024
[WARN] [tk2000] kbd read addr=$C010 kbOut=$02 matrix=00 00 00 00 00 00 00 00 -> $00 cycles=1406028
[WARN] [tk2000] kbd write addr=$C000 data=$04 cycles=1406138
[WARN] [tk2000] kbd read addr=$C010 kbOut=$04 matrix=00 00 00 00 00 00 00 00 -> $00 cycles=1406142
[WARN] [tk2000] kbd write addr=$C000 data=$08 cycles=1406252
[WARN] [tk2000] kbd read addr=$C010 kbOut=$08 matrix=00 00 00 00 00 00 00 00 -> $00 cycles=1406256
[WARN] [tk2000] kbd write addr=$C000 data=$10 cycles=1406366
[WARN] [tk2000] kbd read addr=$C010 kbOut=$10 matrix=00 00 00 00 00 00 00 00 -> $00 cycles=1406370
[WARN] [tk2000] kbd write addr=$C000 data=$20 cycles=1406480
[WARN] [tk2000] kbd read addr=$C010 kbOut=$20 matrix=00 00 00 00 00 00 00 00 -> $00 cycles=1406484
[WARN] [tk2000] kbd write addr=$C000 data=$40 cycles=1406594
[WARN] [tk2000] kbd read addr=$C010 kbOut=$40 matrix=00 00 00 00 00 00 00 00 -> $00 cycles=1406598
[WARN] [tk2000] kbd write addr=$C000 data=$80 cycles=1406708
[WARN] [tk2000] kbd read addr=$C010 kbOut=$80 matrix=00 00 00 00 00 00 00 00 -> $00 cycles=1406712
[WARN] [tk2000] kbd write addr=$C000 data=$00 cycles=1406834
[WARN] [tk2000] kbd write addr=$C000 data=$01 cycles=1406954
[WARN] [tk2000] kbd read addr=$C010 kbOut=$01 matrix=00 00 00 00 00 00 00 00 -> $00 cycles=1406958
[WARN] [tk2000] kbd write addr=$C000 data=$02 cycles=1407068
[WARN] [tk2000] kbd read addr=$C010 kbOut=$02 matrix=00 00 00 00 00 00 00 00 -> $00 cycles=1407072
[WARN] [tk2000] kbd write addr=$C000 data=$04 cycles=1407182
[WARN] [tk2000] kbd read addr=$C010 kbOut=$04 matrix=00 00 00 00 00 00 00 00 -> $00 cycles=1407186
[WARN] [tk2000] kbd write addr=$C000 data=$08 cycles=1407296
[WARN] [tk2000] kbd read addr=$C010 kbOut=$08 matrix=00 00 00 00 00 00 00 00 -> $00 cycles=1407300
[WARN] [tk2000] kbd write addr=$C000 data=$10 cycles=1407410
[WARN] [tk2000] kbd read addr=$C010 kbOut=$10 matrix=00 00 00 00 00 00 00 00 -> $00 cycles=1407414
[WARN] [tk2000] kbd write addr=$C000 data=$20 cycles=1407524
[WARN] [tk2000] kbd read addr=$C010 kbOut=$20 matrix=00 00 00 00 00 00 00 00 -> $00 cycles=1407528
[WARN] [tk2000] kbd write addr=$C000 data=$40 cycles=1407638
[WARN] [tk2000] kbd read addr=$C010 kbOut=$40 matrix=00 00 00 00 00 00 00 00 -> $00 cycles=1407642
[WARN] [tk2000] kbd write addr=$C000 data=$80 cycles=1407752
[WARN] [tk2000] kbd read addr=$C010 kbOut=$80 matrix=00 00 00 00 00 00 00 00 -> $00 cycles=1407756
[WARN] [tk2000] kbd write addr=$C000 data=$00 cycles=1407878
[WARN] [tk2000] kbd write addr=$C000 data=$01 cycles=1407998
[WARN] [tk2000] kbd read addr=$C010 kbOut=$01 matrix=00 00 00 00 00 00 00 00 -> $00 cycles=1408002
[WARN] [tk2000] kbd write addr=$C000 data=$02 cycles=1408112
[WARN] [tk2000] kbd read addr=$C010 kbOut=$02 matrix=00 00 00 00 00 00 00 00 -> $00 cycles=1408116
[WARN] [tk2000] kbd write addr=$C000 data=$04 cycles=1408226
[WARN] [tk2000] kbd read addr=$C010 kbOut=$04 matrix=00 00 00 00 00 00 00 00 -> $00 cycles=1408230
[WARN] [tk2000] kbd write addr=$C000 data=$08 cycles=1408340
[WARN] [tk2000] kbd read addr=$C010 kbOut=$08 matrix=00 00 00 00 00 00 00 00 -> $00 cycles=1408344
[WARN] [tk2000] kbd write addr=$C000 data=$10 cycles=1408454
[WARN] [tk2000] kbd read addr=$C010 kbOut=$10 matrix=00 00 00 00 00 00 00 00 -> $00 cycles=1408458
[WARN] [tk2000] kbd write addr=$C000 data=$20 cycles=1408568
[WARN] [tk2000] kbd read addr=$C010 kbOut=$20 matrix=00 00 00 00 00 00 00 00 -> $00 cycles=1408572
[WARN] [tk2000] kbd write addr=$C000 data=$40 cycles=1408682
[WARN] [tk2000] kbd read addr=$C010 kbOut=$40 matrix=00 00 00 00 00 00 00 00 -> $00 cycles=1408686
[WARN] [tk2000] kbd write addr=$C000 data=$80 cycles=1408796
[WARN] [tk2000] kbd read addr=$C010 kbOut=$80 matrix=00 00 00 00 00 00 00 00 -> $00 cycles=1408800
[WARN] [tk2000] kbd write addr=$C000 data=$00 cycles=1408922
[WARN] [tk2000] kbd write addr=$C000 data=$01 cycles=1409042
[WARN] [tk2000] kbd read addr=$C010 kbOut=$01 matrix=00 00 00 00 00 00 00 00 -> $00 cycles=1409046
[WARN] [tk2000] kbd write addr=$C000 data=$02 cycles=1409156
[WARN] [tk2000] kbd read addr=$C010 kbOut=$02 matrix=00 00 00 00 00 00 00 00 -> $00 cycles=1409160
[WARN] [tk2000] kbd write addr=$C000 data=$04 cycles=1409270
[WARN] [tk2000] kbd read addr=$C010 kbOut=$04 matrix=00 00 00 00 00 00 00 00 -> $00 cycles=1409274
[WARN] [tk2000] kbd write addr=$C000 data=$08 cycles=1409384
[WARN] [tk2000] kbd read addr=$C010 kbOut=$08 matrix=00 00 00 00 00 00 00 00 -> $00 cycles=1409388
[WARN] [tk2000] kbd write addr=$C000 data=$10 cycles=1409498
[WARN] [tk2000] kbd read addr=$C010 kbOut=$10 matrix=00 00 00 00 00 00 00 00 -> $00 cycles=1409502
[WARN] [tk2000] kbd write addr=$C000 data=$20 cycles=1409612
[WARN] [tk2000] kbd read addr=$C010 kbOut=$20 matrix=00 00 00 00 00 00 00 00 -> $00 cycles=1409616
[WARN] [tk2000] kbd write addr=$C000 data=$40 cycles=1409726
[WARN] [tk2000] kbd read addr=$C010 kbOut=$40 matrix=00 00 00 00 00 00 00 00 -> $00 cycles=1409730
[WARN] [tk2000] kbd write addr=$C000 data=$80 cycles=1409840
[WARN] [tk2000] kbd read addr=$C010 kbOut=$80 matrix=00 00 00 00 00 00 00 00 -> $00 cycles=1409844
[WARN] [tk2000] kbd write addr=$C000 data=$00 cycles=1409966
[WARN] [tk2000] kbd write addr=$C000 data=$01 cycles=1410086
[WARN] [tk2000] kbd read addr=$C010 kbOut=$01 matrix=00 00 00 00 00 00 00 00 -> $00 cycles=1410090
[WARN] [tk2000] kbd write addr=$C000 data=$02 cycles=1410200
[WARN] [tk2000] kbd read addr=$C010 kbOut=$02 matrix=00 00 00 00 00 00 00 00 -> $00 cycles=1410204
[WARN] [tk2000] kbd write addr=$C000 data=$04 cycles=1410314
[WARN] [tk2000] kbd read addr=$C010 kbOut=$04 matrix=00 00 00 00 00 00 00 00 -> $00 cycles=1410318
[WARN] [tk2000] kbd write addr=$C000 data=$08 cycles=1410428
[WARN] [tk2000] kbd read addr=$C010 kbOut=$08 matrix=00 00 00 00 00 00 00 00 -> $00 cycles=1410432
[WARN] [tk2000] kbd write addr=$C000 data=$10 cycles=1410542
[WARN] [tk2000] kbd read addr=$C010 kbOut=$10 matrix=00 00 00 00 00 00 00 00 -> $00 cycles=1410546
[WARN] [tk2000] kbd write addr=$C000 data=$20 cycles=1410656
[WARN] [tk2000] kbd read addr=$C010 kbOut=$20 matrix=00 00 00 00 00 00 00 00 -> $00 cycles=1410660
[WARN] [tk2000] kbd write addr=$C000 data=$40 cycles=1410770
[WARN] [tk2000] kbd read addr=$C010 kbOut=$40 matrix=00 00 00 00 00 00 00 00 -> $00 cycles=1410774
[WARN] [tk2000] kbd write addr=$C000 data=$80 cycles=1410884
[WARN] [tk2000] kbd read addr=$C010 kbOut=$80 matrix=00 00 00 00 00 00 00 00 -> $00 cycles=1410888
[WARN] [tk2000] kbd write addr=$C000 data=$00 cycles=1411010
[WARN] [tk2000] kbd write addr=$C000 data=$01 cycles=1411130
[WARN] [tk2000] kbd read addr=$C010 kbOut=$01 matrix=00 00 00 00 00 00 00 00 -> $00 cycles=1411134
[WARN] [tk2000] kbd write addr=$C000 data=$02 cycles=1411244
[WARN] [tk2000] kbd read addr=$C010 kbOut=$02 matrix=00 00 00 00 00 00 00 00 -> $00 cycles=1411248
[WARN] [tk2000] kbd write addr=$C000 data=$04 cycles=1411358
[WARN] [tk2000] kbd read addr=$C010 kbOut=$04 matrix=00 00 00 00 00 00 00 00 -> $00 cycles=1411362
[WARN] [tk2000] kbd write addr=$C000 data=$08 cycles=1411472
[WARN] [tk2000] kbd read addr=$C010 kbOut=$08 matrix=00 00 00 00 00 00 00 00 -> $00 cycles=1411476
[WARN] [tk2000] kbd write addr=$C000 data=$10 cycles=1411586
[WARN] [tk2000] kbd read addr=$C010 kbOut=$10 matrix=00 00 00 00 00 00 00 00 -> $00 cycles=1411590
[WARN] [tk2000] kbd write addr=$C000 data=$20 cycles=1411700
[WARN] [tk2000] kbd read addr=$C010 kbOut=$20 matrix=00 00 00 00 00 00 00 00 -> $00 cycles=1411704
[WARN] [tk2000] kbd write addr=$C000 data=$40 cycles=1411814
[WARN] [tk2000] kbd read addr=$C010 kbOut=$40 matrix=00 00 00 00 00 00 00 00 -> $00 cycles=1411818
[WARN] [tk2000] kbd write addr=$C000 data=$80 cycles=1411928
[WARN] [tk2000] kbd read addr=$C010 kbOut=$80 matrix=00 00 00 00 00 00 00 00 -> $00 cycles=1411932
[WARN] [tk2000] kbd write addr=$C000 data=$00 cycles=1412054
[WARN] [tk2000] kbd write addr=$C000 data=$01 cycles=1412174
[WARN] [tk2000] kbd read addr=$C010 kbOut=$01 matrix=00 00 00 00 00 00 00 00 -> $00 cycles=1412178
[WARN] [tk2000] kbd write addr=$C000 data=$02 cycles=1412288
[WARN] [tk2000] kbd read addr=$C010 kbOut=$02 matrix=00 00 00 00 00 00 00 00 -> $00 cycles=1412292
[WARN] [tk2000] kbd write addr=$C000 data=$04 cycles=1412402
[WARN] [tk2000] kbd read addr=$C010 kbOut=$04 matrix=00 00 00 00 00 00 00 00 -> $00 cycles=1412406
[WARN] [tk2000] kbd write addr=$C000 data=$08 cycles=1412516
[WARN] [tk2000] kbd read addr=$C010 kbOut=$08 matrix=00 00 00 00 00 00 00 00 -> $00 cycles=1412520
[WARN] [tk2000] kbd write addr=$C000 data=$10 cycles=1412630
[WARN] [tk2000] kbd read addr=$C010 kbOut=$10 matrix=00 00 00 00 00 00 00 00 -> $00 cycles=1412634
[WARN] [tk2000] kbd write addr=$C000 data=$20 cycles=1412744
[WARN] [tk2000] kbd read addr=$C010 kbOut=$20 matrix=00 00 00 00 00 00 00 00 -> $00 cycles=1412748
[WARN] [tk2000] kbd write addr=$C000 data=$40 cycles=1412858
[WARN] [tk2000] kbd read addr=$C010 kbOut=$40 matrix=00 00 00 00 00 00 00 00 -> $00 cycles=1412862
[WARN] [tk2000] kbd write addr=$C000 data=$80 cycles=1412972
[WARN] [tk2000] kbd read addr=$C010 kbOut=$80 matrix=00 00 00 00 00 00 00 00 -> $00 cycles=1412976
[WARN] [tk2000] kbd write addr=$C000 data=$00 cycles=1413098
[WARN] [tk2000] kbd write addr=$C000 data=$01 cycles=1413218
[WARN] [tk2000] kbd read addr=$C010 kbOut=$01 matrix=00 00 00 00 00 00 00 00 -> $00 cycles=1413222
[WARN] [tk2000] kbd write addr=$C000 data=$02 cycles=1413332
[WARN] [tk2000] kbd read addr=$C010 kbOut=$02 matrix=00 00 00 00 00 00 00 00 -> $00 cycles=1413336
[WARN] [tk2000] kbd write addr=$C000 data=$04 cycles=1413446
[WARN] [tk2000] kbd read addr=$C010 kbOut=$04 matrix=00 00 00 00 00 00 00 00 -> $00 cycles=1413450
[WARN] [tk2000] kbd write addr=$C000 data=$08 cycles=1413560
... log truncado em 4000 linhas
